강원도,인터컨티넨탈 알펜시아 평창 리조트,https://www.booking.com/hotel/kr/intercontinental-alpensia-pyeongchang-resort.ko.html?label=bdot-P2XUozRl7Uj73QAuByfkUwS267777897793%3Apl%3Ata%3Ap1%3Ap22%2C563%2C000%3Aac%3Aap%3Aneg%3Afi%3Atikwd-576851273475%3Alp1009871%3Ali%3Adec%3Adm%3Appccp%3DUmFuZG9tSVYkc2RlIyh9YUlRwjG4dAJkHxCuUKVzpFo&sid=6501b31231a00a3035b564f903cd02d3&aid=376440&ucfs=1&arphpl=1&group_adults=2&req_adults=2&no_rooms=1&group_children=0&req_children=0&hpos=1&hapos=1&sr_order=popularity&nflt=class%3D3%3Bclass%3D5%3Bclass%3D4&srpvid=06543984d66e0187&srepoch=1645517450&from=searchresults#hotelTmpl,https://t-cf.bstatic.com/xdata/images/hotel/square200/245813562.webp?k=971969aec54a31a5ddd16fd2c00fcf4f7adce61fddbc03378511ce150c33f4c7&o=&s=1
강원도,홀리데이 인 리조트 알펜시아 평창,https://www.booking.com/hotel/kr/holiday-inn-resort-alpensia-pyeongchang.ko.html?label=bdot-P2XUozRl7Uj73QAuByfkUwS267777897793%3Apl%3Ata%3Ap1%3Ap22%2C563%2C000%3Aac%3Aap%3Aneg%3Afi%3Atikwd-576851273475%3Alp1009871%3Ali%3Adec%3Adm%3Appccp%3DUmFuZG9tSVYkc2RlIyh9YUlRwjG4dAJkHxCuUKVzpFo&sid=6501b31231a00a3035b564f903cd02d3&aid=376440&ucfs=1&arphpl=1&group_adults=2&req_adults=2&no_rooms=1&group_children=0&req_children=0&hpos=2&hapos=2&sr_order=popularity&nflt=class%3D3%3Bclass%3D5%3Bclass%3D4&srpvid=06543984d66e0187&srepoch=1645517450&from=searchresults#hotelTmpl,https://t-cf.bstatic.com/xdata/images/hotel/square200/247273887.webp?k=5f32c66e07b0642ead3326291351116833bb50f003f5a7abd2764ec5dd5c031d&o=&s=1
강원도,솔비치 삼척,https://www.booking.com/hotel/kr/sol-beach-samcheok.ko.html?label=bdot-P2XUozRl7Uj73QAuByfkUwS267777897793%3Apl%3Ata%3Ap1%3Ap22%2C563%2C000%3Aac%3Aap%3Aneg%3Afi%3Atikwd-576851273475%3Alp1009871%3Ali%3Adec%3Adm%3Appccp%3DUmFuZG9tSVYkc2RlIyh9YUlRwjG4dAJkHxCuUKVzpFo&sid=6501b31231a00a3035b564f903cd02d3&aid=376440&ucfs=1&arphpl=1&group_adults=2&req_adults=2&no_rooms=1&group_children=0&req_children=0&hpos=3&hapos=3&sr_order=popularity&nflt=class%3D3%3Bclass%3D5%3Bclass%3D4&srpvid=06543984d66e0187&srepoch=1645517450&from=searchresults#hotelTmpl,https://t-cf.bstatic.com/xdata/images/hotel/square200/288733458.webp?k=5ffd2856cf88337c769d523fd1ca63bef574010f627421542388cec52f19b0dc&o=&s=1
강원도,용평 리조트,https://www.booking.com/hotel/kr/yongpyong-resort-dragon-valley.ko.html?label=bdot-P2XUozRl7Uj73QAuByfkUwS267777897793%3Apl%3Ata%3Ap1%3Ap22%2C563%2C000%3Aac%3Aap%3Aneg%3Afi%3Atikwd-576851273475%3Alp1009871%3Ali%3Adec%3Adm%3Appccp%3DUmFuZG9tSVYkc2RlIyh9YUlRwjG4dAJkHxCuUKVzpFo&sid=6501b31231a00a3035b564f903cd02d3&aid=376440&ucfs=1&arphpl=1&group_adults=2&req_adults=2&no_rooms=1&group_children=0&req_children=0&hpos=4&hapos=4&sr_order=popularity&nflt=class%3D3%3Bclass%3D5%3Bclass%3D4&srpvid=06543984d66e0187&srepoch=1645517450&from=searchresults#hotelTmpl,https://t-cf.bstatic.com/xdata/images/hotel/square200/119268866.webp?k=98fce0bb1404d77a2d4e8d80d14463bb2006fc2d5533a666017eec186f9aab8e&o=&s=1
강원도,스카이베이 호텔 경포,https://www.booking.com/hotel/kr/golden-tulip-skybay-gyeongpo.ko.html?label=bdot-P2XUozRl7Uj73QAuByfkUwS267777897793%3Apl%3Ata%3Ap1%3Ap22%2C563%2C000%3Aac%3Aap%3Aneg%3Afi%3Atikwd-576851273475%3Alp1009871%3Ali%3Adec%3Adm%3Appccp%3DUmFuZG9tSVYkc2RlIyh9YUlRwjG4dAJkHxCuUKVzpFo&sid=6501b31231a00a3035b564f903cd02d3&aid=376440&ucfs=1&arphpl=1&group_adults=2&req_adults=2&no_rooms=1&group_children=0&req_children=0&hpos=5&hapos=5&sr_order=popularity&nflt=class%3D3%3Bclass%3D5%3Bclass%3D4&srpvid=06543984d66e0187&srepoch=1645517450&from=searchresults#hotelTmpl,https://t-cf.bstatic.com/xdata/images/hotel/square200/129750773.webp?k=f85e75c4adb28da213564884a32a454d00108bb4510ea515dfd196ac742eefd9&o=&s=1
강원도,세인트존스 경포호텔,https://www.booking.com/hotel/kr/st-johns.ko.html?label=bdot-P2XUozRl7Uj73QAuByfkUwS267777897793%3Apl%3Ata%3Ap1%3Ap22%2C563%2C000%3Aac%3Aap%3Aneg%3Afi%3Atikwd-576851273475%3Alp1009871%3Ali%3Adec%3Adm%3Appccp%3DUmFuZG9tSVYkc2RlIyh9YUlRwjG4dAJkHxCuUKVzpFo&sid=6501b31231a00a3035b564f903cd02d3&aid=376440&ucfs=1&arphpl=1&group_adults=2&req_adults=2&no_rooms=1&group_children=0&req_children=0&hpos=6&hapos=6&sr_order=popularity&nflt=class%3D3%3Bclass%3D5%3Bclass%3D4&srpvid=06543984d66e0187&srepoch=1645517450&from=searchresults#hotelTmpl,https://t-cf.bstatic.com/xdata/images/hotel/square200/210361932.webp?k=fb1f09512caa706b9e034d20c9bb96814f228c074938b1f3f2b0e4aaec8a80c2&o=&s=1
강원도,롯데 리조트 속초,https://www.booking.com/hotel/kr/lotte-resort-sokcho.ko.html?label=bdot-P2XUozRl7Uj73QAuByfkUwS267777897793%3Apl%3Ata%3Ap1%3Ap22%2C563%2C000%3Aac%3Aap%3Aneg%3Afi%3Atikwd-576851273475%3Alp1009871%3Ali%3Adec%3Adm%3Appccp%3DUmFuZG9tSVYkc2RlIyh9YUlRwjG4dAJkHxCuUKVzpFo&sid=6501b31231a00a3035b564f903cd02d3&aid=376440&ucfs=1&arphpl=1&group_adults=2&req_adults=2&no_rooms=1&group_children=0&req_children=0&hpos=7&hapos=7&sr_order=popularity&nflt=class%3D3%3Bclass%3D5%3Bclass%3D4&srpvid=06543984d66e0187&srepoch=1645517450&from=searchresults#hotelTmpl,https://t-cf.bstatic.com/xdata/images/hotel/square200/165376503.webp?k=04261692d0089e4fec087563539f474489333c417d31543d3e5805030af76983&o=&s=1
강원도,켄싱턴호텔 평창,https://www.booking.com/hotel/kr/pyeongchang-kensington-flora.ko.html?label=bdot-P2XUozRl7Uj73QAuByfkUwS267777897793%3Apl%3Ata%3Ap1%3Ap22%2C563%2C000%3Aac%3Aap%3Aneg%3Afi%3Atikwd-576851273475%3Alp1009871%3Ali%3Adec%3Adm%3Appccp%3DUmFuZG9tSVYkc2RlIyh9YUlRwjG4dAJkHxCuUKVzpFo&sid=6501b31231a00a3035b564f903cd02d3&aid=376440&ucfs=1&arphpl=1&group_adults=2&req_adults=2&no_rooms=1&group_children=0&req_children=0&hpos=8&hapos=8&sr_order=popularity&nflt=class%3D3%3Bclass%3D5%3Bclass%3D4&srpvid=06543984d66e0187&srepoch=1645517450&from=searchresults#hotelTmpl,https://t-cf.bstatic.com/xdata/images/hotel/square200/205935503.webp?k=f84c288a290e06c6df13c07a170afc7a59ba5e72c1a4a44dd37602f89ebf1751&o=&s=1
강원도,쏠 비치 양양,https://www.booking.com/hotel/kr/sol-beach-yangyang.ko.html?label=bdot-P2XUozRl7Uj73QAuByfkUwS267777897793%3Apl%3Ata%3Ap1%3Ap22%2C563%2C000%3Aac%3Aap%3Aneg%3Afi%3Atikwd-576851273475%3Alp1009871%3Ali%3Adec%3Adm%3Appccp%3DUmFuZG9tSVYkc2RlIyh9YUlRwjG4dAJkHxCuUKVzpFo&sid=6501b31231a00a3035b564f903cd02d3&aid=376440&ucfs=1&arphpl=1&group_adults=2&req_adults=2&no_rooms=1&group_children=0&req_children=0&hpos=9&hapos=9&sr_order=popularity&nflt=class%3D3%3Bclass%3D5%3Bclass%3D4&srpvid=06543984d66e0187&srepoch=1645517450&from=searchresults#hotelTmpl,https://t-cf.bstatic.com/xdata/images/hotel/square200/298605852.webp?k=0d70137d833339602e0254bf1151e3084981e98b54da7906ca36af0bb38e43cd&o=&s=1
강원도,호텔 탑스텐,https://www.booking.com/hotel/kr/tops-10-gangneung.ko.html?label=bdot-P2XUozRl7Uj73QAuByfkUwS267777897793%3Apl%3Ata%3Ap1%3Ap22%2C563%2C000%3Aac%3Aap%3Aneg%3Afi%3Atikwd-576851273475%3Alp1009871%3Ali%3Adec%3Adm%3Appccp%3DUmFuZG9tSVYkc2RlIyh9YUlRwjG4dAJkHxCuUKVzpFo&sid=6501b31231a00a3035b564f903cd02d3&aid=376440&ucfs=1&arphpl=1&group_adults=2&req_adults=2&no_rooms=1&group_children=0&req_children=0&hpos=10&hapos=10&sr_order=popularity&nflt=class%3D3%3Bclass%3D5%3Bclass%3D4&srpvid=06543984d66e0187&srepoch=1645517450&from=searchresults#hotelTmpl,https://t-cf.bstatic.com/xdata/images/hotel/square200/317077045.webp?k=11b68e8a058df30bc6c267366856db7f413ecf8983b5a00a9af6448f9c44e83f&o=&s=1
강원도,켄싱턴리조트 설악밸리,https://www.booking.com/hotel/kr/kensington-seorak-valley.ko.html?label=bdot-P2XUozRl7Uj73QAuByfkUwS267777897793%3Apl%3Ata%3Ap1%3Ap22%2C563%2C000%3Aac%3Aap%3Aneg%3Afi%3Atikwd-576851273475%3Alp1009871%3Ali%3Adec%3Adm%3Appccp%3DUmFuZG9tSVYkc2RlIyh9YUlRwjG4dAJkHxCuUKVzpFo&sid=6501b31231a00a3035b564f903cd02d3&aid=376440&ucfs=1&arphpl=1&group_adults=2&req_adults=2&no_rooms=1&group_children=0&req_children=0&hpos=11&hapos=11&sr_order=popularity&nflt=class%3D3%3Bclass%3D5%3Bclass%3D4&srpvid=06543984d66e0187&srepoch=1645517450&from=searchresults#hotelTmpl,https://t-cf.bstatic.com/xdata/images/hotel/square200/228282248.webp?k=ba49d7c228624605b9ef23122e1c8d5cfab33b74b197e2c3e0955cfdc9296e93&o=&s=1
강원도,평창 라마다 호텔&스위트 바이윈덤,https://www.booking.com/hotel/kr/ramada-amp-seuwiteu-gangweon-pyeongcang-gangweondo.ko.html?label=bdot-P2XUozRl7Uj73QAuByfkUwS267777897793%3Apl%3Ata%3Ap1%3Ap22%2C563%2C000%3Aac%3Aap%3Aneg%3Afi%3Atikwd-576851273475%3Alp1009871%3Ali%3Adec%3Adm%3Appccp%3DUmFuZG9tSVYkc2RlIyh9YUlRwjG4dAJkHxCuUKVzpFo&sid=6501b31231a00a3035b564f903cd02d3&aid=376440&ucfs=1&arphpl=1&group_adults=2&req_adults=2&no_rooms=1&group_children=0&req_children=0&hpos=12&hapos=12&sr_order=popularity&nflt=class%3D3%3Bclass%3D5%3Bclass%3D4&srpvid=06543984d66e0187&srepoch=1645517450&from=searchresults#hotelTmpl,https://t-cf.bstatic.com/xdata/images/hotel/square200/330882860.webp?k=be721f7dc9b2685e84af05e92b1a6fecde9735caa3acff48d3d2c57af97c49d2&o=&s=1
강원도,더화이트 호텔,https://www.booking.com/hotel/kr/deohwaiteuhotel-pyeongcang.ko.html?label=bdot-P2XUozRl7Uj73QAuByfkUwS267777897793%3Apl%3Ata%3Ap1%3Ap22%2C563%2C000%3Aac%3Aap%3Aneg%3Afi%3Atikwd-576851273475%3Alp1009871%3Ali%3Adec%3Adm%3Appccp%3DUmFuZG9tSVYkc2RlIyh9YUlRwjG4dAJkHxCuUKVzpFo&sid=6501b31231a00a3035b564f903cd02d3&aid=376440&ucfs=1&arphpl=1&group_adults=2&req_adults=2&no_rooms=1&group_children=0&req_children=0&hpos=13&hapos=13&sr_order=popularity&nflt=class%3D3%3Bclass%3D5%3Bclass%3D4&srpvid=06543984d66e0187&srepoch=1645517450&from=searchresults#hotelTmpl,https://t-cf.bstatic.com/xdata/images/hotel/square200/250948903.webp?k=90d6c218f3a950d214689a4c0083296357338e5dd1f3f70b4bd8ce54f0909c7e&o=&s=1
강원도,휘닉스 평창 리조트,https://www.booking.com/hotel/kr/phoenic-park-the-amp-condominium.ko.html?label=bdot-P2XUozRl7Uj73QAuByfkUwS267777897793%3Apl%3Ata%3Ap1%3Ap22%2C563%2C000%3Aac%3Aap%3Aneg%3Afi%3Atikwd-576851273475%3Alp1009871%3Ali%3Adec%3Adm%3Appccp%3DUmFuZG9tSVYkc2RlIyh9YUlRwjG4dAJkHxCuUKVzpFo&sid=6501b31231a00a3035b564f903cd02d3&aid=376440&ucfs=1&arphpl=1&group_adults=2&req_adults=2&no_rooms=1&group_children=0&req_children=0&hpos=14&hapos=14&sr_order=popularity&nflt=class%3D3%3Bclass%3D5%3Bclass%3D4&srpvid=06543984d66e0187&srepoch=1645517450&from=searchresults#hotelTmpl,https://t-cf.bstatic.com/xdata/images/hotel/square200/341815573.webp?k=c08ffcc66da14707829d187637ac7e4d2ea0f006afb1ea03f26381ad1ab1373a&o=&s=1
강원도,호텔 더 블루테라,https://www.booking.com/hotel/kr/the-bluemark-sokcho.ko.html?label=bdot-P2XUozRl7Uj73QAuByfkUwS267777897793%3Apl%3Ata%3Ap1%3Ap22%2C563%2C000%3Aac%3Aap%3Aneg%3Afi%3Atikwd-576851273475%3Alp1009871%3Ali%3Adec%3Adm%3Appccp%3DUmFuZG9tSVYkc2RlIyh9YUlRwjG4dAJkHxCuUKVzpFo&sid=6501b31231a00a3035b564f903cd02d3&aid=376440&ucfs=1&arphpl=1&group_adults=2&req_adults=2&no_rooms=1&group_children=0&req_children=0&hpos=15&hapos=15&sr_order=popularity&nflt=class%3D3%3Bclass%3D5%3Bclass%3D4&srpvid=06543984d66e0187&srepoch=1645517450&from=searchresults#hotelTmpl,https://t-cf.bstatic.com/xdata/images/hotel/square200/337042757.webp?k=0a750c057fde88f1c734f836582ae320638ed8da4780d34149d0173ca88048c2&o=&s=1
강원도,홀리데이인&스위트 알펜시아 평창,https://www.booking.com/hotel/kr/holiday-inn-suites-alpensia-pyeongchang-suites.ko.html?label=bdot-P2XUozRl7Uj73QAuByfkUwS267777897793%3Apl%3Ata%3Ap1%3Ap22%2C563%2C000%3Aac%3Aap%3Aneg%3Afi%3Atikwd-576851273475%3Alp1009871%3Ali%3Adec%3Adm%3Appccp%3DUmFuZG9tSVYkc2RlIyh9YUlRwjG4dAJkHxCuUKVzpFo&sid=6501b31231a00a3035b564f903cd02d3&aid=376440&ucfs=1&arphpl=1&group_adults=2&req_adults=2&no_rooms=1&group_children=0&req_children=0&hpos=16&hapos=16&sr_order=popularity&nflt=class%3D3%3Bclass%3D5%3Bclass%3D4&srpvid=06543984d66e0187&srepoch=1645517450&from=searchresults#hotelTmpl,https://t-cf.bstatic.com/xdata/images/hotel/square200/267633713.webp?k=53bee0d75043523c2642b618113829963bff0850a259fb31537099044d803e78&o=&s=1
강원도,양양 국제공항 호텔,https://www.booking.com/hotel/kr/yangyanggugjegonghanghotel.ko.html?label=bdot-P2XUozRl7Uj73QAuByfkUwS267777897793%3Apl%3Ata%3Ap1%3Ap22%2C563%2C000%3Aac%3Aap%3Aneg%3Afi%3Atikwd-576851273475%3Alp1009871%3Ali%3Adec%3Adm%3Appccp%3DUmFuZG9tSVYkc2RlIyh9YUlRwjG4dAJkHxCuUKVzpFo&sid=6501b31231a00a3035b564f903cd02d3&aid=376440&ucfs=1&arphpl=1&group_adults=2&req_adults=2&no_rooms=1&group_children=0&req_children=0&hpos=17&hapos=17&sr_order=popularity&nflt=class%3D3%3Bclass%3D5%3Bclass%3D4&srpvid=06543984d66e0187&srepoch=1645517450&from=searchresults#hotelTmpl,https://t-cf.bstatic.com/xdata/images/hotel/square200/276263463.webp?k=3e688ea58829e3f719a284f96ee862fadb3ffc579150882240644f508f2ffe9a&o=&s=1
강원도,휘닉스 평창 호텔,https://www.booking.com/hotel/kr/phoenix-park-the-pyeongchang-gun.ko.html?label=bdot-P2XUozRl7Uj73QAuByfkUwS267777897793%3Apl%3Ata%3Ap1%3Ap22%2C563%2C000%3Aac%3Aap%3Aneg%3Afi%3Atikwd-576851273475%3Alp1009871%3Ali%3Adec%3Adm%3Appccp%3DUmFuZG9tSVYkc2RlIyh9YUlRwjG4dAJkHxCuUKVzpFo&sid=6501b31231a00a3035b564f903cd02d3&aid=376440&ucfs=1&arphpl=1&group_adults=2&req_adults=2&no_rooms=1&group_children=0&req_children=0&hpos=18&hapos=18&sr_order=popularity&nflt=class%3D3%3Bclass%3D5%3Bclass%3D4&srpvid=06543984d66e0187&srepoch=1645517450&from=searchresults#hotelTmpl,https://t-cf.bstatic.com/xdata/images/hotel/square200/341816677.webp?k=0dc4f7efac6a75885373d2fa0948857854a94b8f090acf968ac33c188a7eb669&o=&s=1
강원도,양양 더앤리조트,https://www.booking.com/hotel/kr/the-n-resort-amp-spa-yangyang.ko.html?label=bdot-P2XUozRl7Uj73QAuByfkUwS267777897793%3Apl%3Ata%3Ap1%3Ap22%2C563%2C000%3Aac%3Aap%3Aneg%3Afi%3Atikwd-576851273475%3Alp1009871%3Ali%3Adec%3Adm%3Appccp%3DUmFuZG9tSVYkc2RlIyh9YUlRwjG4dAJkHxCuUKVzpFo&sid=6501b31231a00a3035b564f903cd02d3&aid=376440&ucfs=1&arphpl=1&group_adults=2&req_adults=2&no_rooms=1&group_children=0&req_children=0&hpos=19&hapos=19&sr_order=popularity&nflt=class%3D3%3Bclass%3D5%3Bclass%3D4&srpvid=06543984d66e0187&srepoch=1645517450&from=searchresults#hotelTmpl,https://t-cf.bstatic.com/xdata/images/hotel/square200/280042889.webp?k=759177a15c3b5843b1bfb6b3ca2adbfd872dc37682be8e3fd7b6f84bba24f9b8&o=&s=1
강원도,그랜드 인투라온 호텔 정선,https://www.booking.com/hotel/kr/jeongseon-intoraon.ko.html?label=bdot-P2XUozRl7Uj73QAuByfkUwS267777897793%3Apl%3Ata%3Ap1%3Ap22%2C563%2C000%3Aac%3Aap%3Aneg%3Afi%3Atikwd-576851273475%3Alp1009871%3Ali%3Adec%3Adm%3Appccp%3DUmFuZG9tSVYkc2RlIyh9YUlRwjG4dAJkHxCuUKVzpFo&sid=6501b31231a00a3035b564f903cd02d3&aid=376440&ucfs=1&arphpl=1&group_adults=2&req_adults=2&no_rooms=1&group_children=0&req_children=0&hpos=20&hapos=20&sr_order=popularity&nflt=class%3D3%3Bclass%3D5%3Bclass%3D4&srpvid=06543984d66e0187&srepoch=1645517450&from=searchresults#hotelTmpl,https://t-cf.bstatic.com/xdata/images/hotel/square200/278339175.webp?k=9173bcc014514b0ffb4dd54f46b96ac92c525087cd4b1522c1fd0411a4371544&o=&s=1
강원도,호텔 마레몬스,https://www.booking.com/hotel/kr/maremons.ko.html?label=bdot-P2XUozRl7Uj73QAuByfkUwS267777897793%3Apl%3Ata%3Ap1%3Ap22%2C563%2C000%3Aac%3Aap%3Aneg%3Afi%3Atikwd-576851273475%3Alp1009871%3Ali%3Adec%3Adm%3Appccp%3DUmFuZG9tSVYkc2RlIyh9YUlRwjG4dAJkHxCuUKVzpFo&sid=6501b31231a00a3035b564f903cd02d3&aid=376440&ucfs=1&arphpl=1&group_adults=2&req_adults=2&no_rooms=1&group_children=0&req_children=0&hpos=21&hapos=21&sr_order=popularity&nflt=class%3D3%3Bclass%3D5%3Bclass%3D4&srpvid=06543984d66e0187&srepoch=1645517450&from=searchresults#hotelTmpl,https://t-cf.bstatic.com/xdata/images/hotel/square200/207694585.webp?k=53caeb12c115b129ebbbf94eea5eba245ddc3169a51300bfc1af257388113f10&o=&s=1
강원도,설악 펜션,https://www.booking.com/hotel/kr/seorak-pension.ko.html?label=bdot-P2XUozRl7Uj73QAuByfkUwS267777897793%3Apl%3Ata%3Ap1%3Ap22%2C563%2C000%3Aac%3Aap%3Aneg%3Afi%3Atikwd-576851273475%3Alp1009871%3Ali%3Adec%3Adm%3Appccp%3DUmFuZG9tSVYkc2RlIyh9YUlRwjG4dAJkHxCuUKVzpFo&sid=6501b31231a00a3035b564f903cd02d3&aid=376440&ucfs=1&arphpl=1&group_adults=2&req_adults=2&no_rooms=1&group_children=0&req_children=0&hpos=22&hapos=22&sr_order=popularity&nflt=class%3D3%3Bclass%3D5%3Bclass%3D4&srpvid=06543984d66e0187&srepoch=1645517450&from=searchresults#hotelTmpl,https://t-cf.bstatic.com/xdata/images/hotel/square200/178775868.webp?k=86b04ce3184092427653c6f760158763c566526c3d585e262f61af78e7f28f99&o=&s=1
강원도,바닷가 펜션,https://www.booking.com/hotel/kr/badasga-pensyeon.ko.html?label=bdot-P2XUozRl7Uj73QAuByfkUwS267777897793%3Apl%3Ata%3Ap1%3Ap22%2C563%2C000%3Aac%3Aap%3Aneg%3Afi%3Atikwd-576851273475%3Alp1009871%3Ali%3Adec%3Adm%3Appccp%3DUmFuZG9tSVYkc2RlIyh9YUlRwjG4dAJkHxCuUKVzpFo&sid=6501b31231a00a3035b564f903cd02d3&aid=376440&ucfs=1&arphpl=1&group_adults=2&req_adults=2&no_rooms=1&group_children=0&req_children=0&hpos=23&hapos=23&sr_order=popularity&nflt=class%3D3%3Bclass%3D5%3Bclass%3D4&srpvid=06543984d66e0187&srepoch=1645517450&from=searchresults#hotelTmpl,https://t-cf.bstatic.com/xdata/images/hotel/square200/333550178.webp?k=570293555c07cc58fe2fc07ab7f3297d5952ce418e61daecb21c07955bba847b&o=&s=1
강원도,라마다 속초 호텔,https://www.booking.com/hotel/kr/ramada-gangwondo-sokcho.ko.html?label=bdot-P2XUozRl7Uj73QAuByfkUwS267777897793%3Apl%3Ata%3Ap1%3Ap22%2C563%2C000%3Aac%3Aap%3Aneg%3Afi%3Atikwd-576851273475%3Alp1009871%3Ali%3Adec%3Adm%3Appccp%3DUmFuZG9tSVYkc2RlIyh9YUlRwjG4dAJkHxCuUKVzpFo&sid=6501b31231a00a3035b564f903cd02d3&aid=376440&ucfs=1&arphpl=1&group_adults=2&req_adults=2&no_rooms=1&group_children=0&req_children=0&hpos=24&hapos=24&sr_order=popularity&nflt=class%3D3%3Bclass%3D5%3Bclass%3D4&srpvid=06543984d66e0187&srepoch=1645517450&from=searchresults#hotelTmpl,https://t-cf.bstatic.com/xdata/images/hotel/square200/119250723.webp?k=c081ff3db17f5a3742e64882c3ced84ef6315b41eedd2ac02f466704dbb629ed&o=&s=1
강원도,씨크루즈호텔 속초,https://www.booking.com/hotel/kr/sea-cruise.ko.html?label=bdot-P2XUozRl7Uj73QAuByfkUwS267777897793%3Apl%3Ata%3Ap1%3Ap22%2C563%2C000%3Aac%3Aap%3Aneg%3Afi%3Atikwd-576851273475%3Alp1009871%3Ali%3Adec%3Adm%3Appccp%3DUmFuZG9tSVYkc2RlIyh9YUlRwjG4dAJkHxCuUKVzpFo&sid=6501b31231a00a3035b564f903cd02d3&aid=376440&ucfs=1&arphpl=1&group_adults=2&req_adults=2&no_rooms=1&group_children=0&req_children=0&hpos=25&hapos=25&sr_order=popularity&nflt=class%3D3%3Bclass%3D5%3Bclass%3D4&srpvid=06543984d66e0187&srepoch=1645517450&from=searchresults#hotelTmpl,https://t-cf.bstatic.com/xdata/images/hotel/square200/268621526.webp?k=a03149b6fa3a39af09f05c367c0b752e508353528b98ae6b54468fe039160d6a&o=&s=1
강원도,호텔 더 블루테라,https://www.booking.com/hotel/kr/the-bluemark-sokcho.ko.html?label=bdot-P2XUozRl7Uj73QAuByfkUwS267777897793%3Apl%3Ata%3Ap1%3Ap22%2C563%2C000%3Aac%3Aap%3Aneg%3Afi%3Atikwd-576851273475%3Alp1009871%3Ali%3Adec%3Adm%3Appccp%3DUmFuZG9tSVYkc2RlIyh9YUlRwjG4dAJkHxCuUKVzpFo&sid=6501b31231a00a3035b564f903cd02d3&aid=376440&ucfs=1&arphpl=1&group_adults=2&req_adults=2&no_rooms=1&group_children=0&req_children=0&hpos=1&hapos=26&sr_order=popularity&nflt=class%3D3%3Bclass%3D5%3Bclass%3D4&srpvid=84f53984478e011b&srepoch=1645517450&from=searchresults#hotelTmpl,https://t-cf.bstatic.com/xdata/images/hotel/square200/337042757.webp?k=0a750c057fde88f1c734f836582ae320638ed8da4780d34149d0173ca88048c2&o=&s=1
강원도,파크로쉬 리조트 & 웰니스,https://www.booking.com/hotel/kr/park-roche-jeongseon.ko.html?label=bdot-P2XUozRl7Uj73QAuByfkUwS267777897793%3Apl%3Ata%3Ap1%3Ap22%2C563%2C000%3Aac%3Aap%3Aneg%3Afi%3Atikwd-576851273475%3Alp1009871%3Ali%3Adec%3Adm%3Appccp%3DUmFuZG9tSVYkc2RlIyh9YUlRwjG4dAJkHxCuUKVzpFo&sid=6501b31231a00a3035b564f903cd02d3&aid=376440&ucfs=1&arphpl=1&group_adults=2&req_adults=2&no_rooms=1&group_children=0&req_children=0&hpos=2&hapos=27&sr_order=popularity&nflt=class%3D3%3Bclass%3D5%3Bclass%3D4&srpvid=84f53984478e011b&srepoch=1645517450&from=searchresults#hotelTmpl,https://t-cf.bstatic.com/xdata/images/hotel/square200/238318356.webp?k=bda7696f95d50b6a2b6d9a7366b5e1c0864eb24659f0299f15d32d35404f0d0b&o=&s=1
강원도,더스토리 레지던스,https://www.booking.com/hotel/kr/deoseutori-rejideonseu.ko.html?label=bdot-P2XUozRl7Uj73QAuByfkUwS267777897793%3Apl%3Ata%3Ap1%3Ap22%2C563%2C000%3Aac%3Aap%3Aneg%3Afi%3Atikwd-576851273475%3Alp1009871%3Ali%3Adec%3Adm%3Appccp%3DUmFuZG9tSVYkc2RlIyh9YUlRwjG4dAJkHxCuUKVzpFo&sid=6501b31231a00a3035b564f903cd02d3&aid=376440&ucfs=1&arphpl=1&group_adults=2&req_adults=2&no_rooms=1&group_children=0&req_children=0&hpos=3&hapos=28&sr_order=popularity&nflt=class%3D3%3Bclass%3D5%3Bclass%3D4&srpvid=84f53984478e011b&srepoch=1645517450&from=searchresults#hotelTmpl,https://t-cf.bstatic.com/xdata/images/hotel/square200/123167210.webp?k=3963ac57d351bcbfb73871694430f0ee8b62b891de7c54177368c31ee3dc167b&o=&s=1
강원도,평창 호텔 더 마루,https://www.booking.com/hotel/kr/pyeongcang-deomaru.ko.html?label=bdot-P2XUozRl7Uj73QAuByfkUwS267777897793%3Apl%3Ata%3Ap1%3Ap22%2C563%2C000%3Aac%3Aap%3Aneg%3Afi%3Atikwd-576851273475%3Alp1009871%3Ali%3Adec%3Adm%3Appccp%3DUmFuZG9tSVYkc2RlIyh9YUlRwjG4dAJkHxCuUKVzpFo&sid=6501b31231a00a3035b564f903cd02d3&aid=376440&ucfs=1&arphpl=1&group_adults=2&req_adults=2&no_rooms=1&group_children=0&req_children=0&hpos=4&hapos=29&sr_order=popularity&nflt=class%3D3%3Bclass%3D5%3Bclass%3D4&srpvid=84f53984478e011b&srepoch=1645517450&from=searchresults#hotelTmpl,https://t-cf.bstatic.com/xdata/images/hotel/square200/136679827.webp?k=207320f1c6eb093f74993fcdc21a3251a46810b0315d708827ae5af226b8eb5a&o=&s=1
강원도,마리나베이 속초,https://www.booking.com/hotel/kr/marinabeisogco.ko.html?label=bdot-P2XUozRl7Uj73QAuByfkUwS267777897793%3Apl%3Ata%3Ap1%3Ap22%2C563%2C000%3Aac%3Aap%3Aneg%3Afi%3Atikwd-576851273475%3Alp1009871%3Ali%3Adec%3Adm%3Appccp%3DUmFuZG9tSVYkc2RlIyh9YUlRwjG4dAJkHxCuUKVzpFo&sid=6501b31231a00a3035b564f903cd02d3&aid=376440&ucfs=1&arphpl=1&group_adults=2&req_adults=2&no_rooms=1&group_children=0&req_children=0&hpos=5&hapos=30&sr_order=popularity&nflt=class%3D3%3Bclass%3D5%3Bclass%3D4&srpvid=84f53984478e011b&srepoch=1645517450&from=searchresults#hotelTmpl,https://t-cf.bstatic.com/xdata/images/hotel/square200/334970304.webp?k=e71f4b9731fa3d99f5fd2d7e52cf3d1d47316e3c3779b7588a446ffdfa523e68&o=&s=1
강원도,토마토 펜션,https://www.booking.com/hotel/kr/tomato-pension.ko.html?label=bdot-P2XUozRl7Uj73QAuByfkUwS267777897793%3Apl%3Ata%3Ap1%3Ap22%2C563%2C000%3Aac%3Aap%3Aneg%3Afi%3Atikwd-576851273475%3Alp1009871%3Ali%3Adec%3Adm%3Appccp%3DUmFuZG9tSVYkc2RlIyh9YUlRwjG4dAJkHxCuUKVzpFo&sid=6501b31231a00a3035b564f903cd02d3&aid=376440&ucfs=1&arphpl=1&group_adults=2&req_adults=2&no_rooms=1&group_children=0&req_children=0&hpos=6&hapos=31&sr_order=popularity&nflt=class%3D3%3Bclass%3D5%3Bclass%3D4&srpvid=84f53984478e011b&srepoch=1645517450&from=searchresults#hotelTmpl,https://t-cf.bstatic.com/xdata/images/hotel/square200/281164143.webp?k=22a2d8e727e2af8fd5388fcb5fbbde217075b636f2017dc779a6342ef08f9c26&o=&s=1
강원도,Mayfair Rodemtree Pension,https://www.booking.com/hotel/kr/meipeeorodemnamuswimteo.ko.html?label=bdot-P2XUozRl7Uj73QAuByfkUwS267777897793%3Apl%3Ata%3Ap1%3Ap22%2C563%2C000%3Aac%3Aap%3Aneg%3Afi%3Atikwd-576851273475%3Alp1009871%3Ali%3Adec%3Adm%3Appccp%3DUmFuZG9tSVYkc2RlIyh9YUlRwjG4dAJkHxCuUKVzpFo&sid=6501b31231a00a3035b564f903cd02d3&aid=376440&ucfs=1&arphpl=1&group_adults=2&req_adults=2&no_rooms=1&group_children=0&req_children=0&hpos=7&hapos=32&sr_order=popularity&nflt=class%3D3%3Bclass%3D5%3Bclass%3D4&srpvid=84f53984478e011b&srepoch=1645517450&from=searchresults#hotelTmpl,https://t-cf.bstatic.com/xdata/images/hotel/square200/333047461.webp?k=087506f59a25aa6fb7cb0d3f8f495396f3947fc0135ef9f68907bcd64ec8a4a2&o=&s=1
강원도,고려궁 전통한옥호텔,https://www.booking.com/hotel/kr/goryeogung-hanoghotel.ko.html?label=bdot-P2XUozRl7Uj73QAuByfkUwS267777897793%3Apl%3Ata%3Ap1%3Ap22%2C563%2C000%3Aac%3Aap%3Aneg%3Afi%3Atikwd-576851273475%3Alp1009871%3Ali%3Adec%3Adm%3Appccp%3DUmFuZG9tSVYkc2RlIyh9YUlRwjG4dAJkHxCuUKVzpFo&sid=6501b31231a00a3035b564f903cd02d3&aid=376440&ucfs=1&arphpl=1&group_adults=2&req_adults=2&no_rooms=1&group_children=0&req_children=0&hpos=8&hapos=33&sr_order=popularity&nflt=class%3D3%3Bclass%3D5%3Bclass%3D4&srpvid=84f53984478e011b&srepoch=1645517450&from=searchresults#hotelTmpl,https://t-cf.bstatic.com/xdata/images/hotel/square200/182064172.webp?k=56f9d9e474df857b9d2831fd3af22fe08fda2c755cd004c3a405b56759a1ee58&o=&s=1
강원도,그레이스 리버하우스 블럭 B - 나동,https://www.booking.com/hotel/kr/grace-river-house-pyeonbaegnamu-haneulcang.ko.html?label=bdot-P2XUozRl7Uj73QAuByfkUwS267777897793%3Apl%3Ata%3Ap1%3Ap22%2C563%2C000%3Aac%3Aap%3Aneg%3Afi%3Atikwd-576851273475%3Alp1009871%3Ali%3Adec%3Adm%3Appccp%3DUmFuZG9tSVYkc2RlIyh9YUlRwjG4dAJkHxCuUKVzpFo&sid=6501b31231a00a3035b564f903cd02d3&aid=376440&ucfs=1&arphpl=1&group_adults=2&req_adults=2&no_rooms=1&group_children=0&req_children=0&hpos=9&hapos=34&sr_order=popularity&nflt=class%3D3%3Bclass%3D5%3Bclass%3D4&srpvid=84f53984478e011b&srepoch=1645517450&from=searchresults#hotelTmpl,https://t-cf.bstatic.com/xdata/images/hotel/square200/333998573.webp?k=ed6caf32dd9c61b8f7329cf31ab9961a057845113a550a957b972b4beacc1538&o=&s=1
강원도,평창 힐링 스테이,https://www.booking.com/hotel/kr/pyeongchang-healing-stay.ko.html?label=bdot-P2XUozRl7Uj73QAuByfkUwS267777897793%3Apl%3Ata%3Ap1%3Ap22%2C563%2C000%3Aac%3Aap%3Aneg%3Afi%3Atikwd-576851273475%3Alp1009871%3Ali%3Adec%3Adm%3Appccp%3DUmFuZG9tSVYkc2RlIyh9YUlRwjG4dAJkHxCuUKVzpFo&sid=6501b31231a00a3035b564f903cd02d3&aid=376440&ucfs=1&arphpl=1&group_adults=2&req_adults=2&no_rooms=1&group_children=0&req_children=0&hpos=10&hapos=35&sr_order=popularity&nflt=class%3D3%3Bclass%3D5%3Bclass%3D4&srpvid=84f53984478e011b&srepoch=1645517450&from=searchresults#hotelTmpl,https://t-cf.bstatic.com/xdata/images/hotel/square200/120840099.webp?k=1ab30d87304fde4e134d9aab87cf61f264296d21a0642228e838874d074e796c&o=&s=1
강원도,써니하우스,https://www.booking.com/hotel/kr/sunny-house-pyeongchang.ko.html?label=bdot-P2XUozRl7Uj73QAuByfkUwS267777897793%3Apl%3Ata%3Ap1%3Ap22%2C563%2C000%3Aac%3Aap%3Aneg%3Afi%3Atikwd-576851273475%3Alp1009871%3Ali%3Adec%3Adm%3Appccp%3DUmFuZG9tSVYkc2RlIyh9YUlRwjG4dAJkHxCuUKVzpFo&sid=6501b31231a00a3035b564f903cd02d3&aid=376440&ucfs=1&arphpl=1&group_adults=2&req_adults=2&no_rooms=1&group_children=0&req_children=0&hpos=11&hapos=36&sr_order=popularity&nflt=class%3D3%3Bclass%3D5%3Bclass%3D4&srpvid=84f53984478e011b&srepoch=1645517450&from=searchresults#hotelTmpl,https://t-cf.bstatic.com/xdata/images/hotel/square200/98783511.webp?k=635f38a7d12190396923166491b0c4f2f86f899cfe0087975ff2b26bcb2e9b61&o=&s=1
강원도,양철 지붕위의 고양이,https://www.booking.com/hotel/kr/yangceoljibung-wiyi-goyangi.ko.html?label=bdot-P2XUozRl7Uj73QAuByfkUwS267777897793%3Apl%3Ata%3Ap1%3Ap22%2C563%2C000%3Aac%3Aap%3Aneg%3Afi%3Atikwd-576851273475%3Alp1009871%3Ali%3Adec%3Adm%3Appccp%3DUmFuZG9tSVYkc2RlIyh9YUlRwjG4dAJkHxCuUKVzpFo&sid=6501b31231a00a3035b564f903cd02d3&aid=376440&ucfs=1&arphpl=1&group_adults=2&req_adults=2&no_rooms=1&group_children=0&req_children=0&hpos=12&hapos=37&sr_order=popularity&nflt=class%3D3%3Bclass%3D5%3Bclass%3D4&srpvid=84f53984478e011b&srepoch=1645517450&from=searchresults#hotelTmpl,https://t-cf.bstatic.com/xdata/images/hotel/square200/198176588.webp?k=28ba5a9e8ed286b5a274b062f33d66137e2ee58962e00ecda7b1dfc6904c0cdd&o=&s=1
강원도,베니키아 호텔 비즈인,https://www.booking.com/hotel/kr/benikea-hotel-bizinn.ko.html?label=bdot-P2XUozRl7Uj73QAuByfkUwS267777897793%3Apl%3Ata%3Ap1%3Ap22%2C563%2C000%3Aac%3Aap%3Aneg%3Afi%3Atikwd-576851273475%3Alp1009871%3Ali%3Adec%3Adm%3Appccp%3DUmFuZG9tSVYkc2RlIyh9YUlRwjG4dAJkHxCuUKVzpFo&sid=6501b31231a00a3035b564f903cd02d3&aid=376440&ucfs=1&arphpl=1&group_adults=2&req_adults=2&no_rooms=1&group_children=0&req_children=0&hpos=13&hapos=38&sr_order=popularity&nflt=class%3D3%3Bclass%3D5%3Bclass%3D4&srpvid=84f53984478e011b&srepoch=1645517450&from=searchresults#hotelTmpl,https://t-cf.bstatic.com/xdata/images/hotel/square200/258664783.webp?k=0f41dda554f19115fa7cadede24cad0d6359c6a4fb87a7e0fc3929bb2eea8261&o=&s=1
강원도,강릉관광호텔,https://www.booking.com/hotel/kr/gangneung-tourist-gangneung2.ko.html?label=bdot-P2XUozRl7Uj73QAuByfkUwS267777897793%3Apl%3Ata%3Ap1%3Ap22%2C563%2C000%3Aac%3Aap%3Aneg%3Afi%3Atikwd-576851273475%3Alp1009871%3Ali%3Adec%3Adm%3Appccp%3DUmFuZG9tSVYkc2RlIyh9YUlRwjG4dAJkHxCuUKVzpFo&sid=6501b31231a00a3035b564f903cd02d3&aid=376440&ucfs=1&arphpl=1&group_adults=2&req_adults=2&no_rooms=1&group_children=0&req_children=0&hpos=14&hapos=39&sr_order=popularity&nflt=class%3D3%3Bclass%3D5%3Bclass%3D4&srpvid=84f53984478e011b&srepoch=1645517450&from=searchresults#hotelTmpl,https://t-cf.bstatic.com/xdata/images/hotel/square200/155060424.webp?k=2a737665fb55785e5d3b6ab216d5dedd4ec2f2cc06e8429059b527d77cdf3758&o=&s=1
강원도,월드스카이 레지던스 호텔,https://www.booking.com/hotel/kr/weoldeuseukai-rejideonseu.ko.html?label=bdot-P2XUozRl7Uj73QAuByfkUwS267777897793%3Apl%3Ata%3Ap1%3Ap22%2C563%2C000%3Aac%3Aap%3Aneg%3Afi%3Atikwd-576851273475%3Alp1009871%3Ali%3Adec%3Adm%3Appccp%3DUmFuZG9tSVYkc2RlIyh9YUlRwjG4dAJkHxCuUKVzpFo&sid=6501b31231a00a3035b564f903cd02d3&aid=376440&ucfs=1&arphpl=1&group_adults=2&req_adults=2&no_rooms=1&group_children=0&req_children=0&hpos=15&hapos=40&sr_order=popularity&nflt=class%3D3%3Bclass%3D5%3Bclass%3D4&srpvid=84f53984478e011b&srepoch=1645517450&from=searchresults#hotelTmpl,https://t-cf.bstatic.com/xdata/images/hotel/square200/323597947.webp?k=9602f8ac1aba72290eda1943ae042978cf9a1046ac1dd60692b5a86447980362&o=&s=1
강원도,Moon on the Cloud,https://www.booking.com/hotel/kr/gureumedalgadeusi.ko.html?label=bdot-P2XUozRl7Uj73QAuByfkUwS267777897793%3Apl%3Ata%3Ap1%3Ap22%2C563%2C000%3Aac%3Aap%3Aneg%3Afi%3Atikwd-576851273475%3Alp1009871%3Ali%3Adec%3Adm%3Appccp%3DUmFuZG9tSVYkc2RlIyh9YUlRwjG4dAJkHxCuUKVzpFo&sid=6501b31231a00a3035b564f903cd02d3&aid=376440&ucfs=1&arphpl=1&group_adults=2&req_adults=2&no_rooms=1&group_children=0&req_children=0&hpos=16&hapos=41&sr_order=popularity&nflt=class%3D3%3Bclass%3D5%3Bclass%3D4&srpvid=84f53984478e011b&srepoch=1645517450&from=searchresults#hotelTmpl,https://t-cf.bstatic.com/xdata/images/hotel/square200/197303518.webp?k=eca02c4d91dbf1045df5c5a24a69887b9da9a4674bcb513ef6a390335c6925f1&o=&s=1
강원도,속초 컨피네스 비치 호텔,https://www.booking.com/hotel/kr/sokcho-chonpines-beach.ko.html?label=bdot-P2XUozRl7Uj73QAuByfkUwS267777897793%3Apl%3Ata%3Ap1%3Ap22%2C563%2C000%3Aac%3Aap%3Aneg%3Afi%3Atikwd-576851273475%3Alp1009871%3Ali%3Adec%3Adm%3Appccp%3DUmFuZG9tSVYkc2RlIyh9YUlRwjG4dAJkHxCuUKVzpFo&sid=6501b31231a00a3035b564f903cd02d3&aid=376440&ucfs=1&arphpl=1&group_adults=2&req_adults=2&no_rooms=1&group_children=0&req_children=0&hpos=17&hapos=42&sr_order=popularity&nflt=class%3D3%3Bclass%3D5%3Bclass%3D4&srpvid=84f53984478e011b&srepoch=1645517450&from=searchresults#hotelTmpl,https://t-cf.bstatic.com/xdata/images/hotel/square200/290617496.webp?k=a796d79f99a2d71a9debd32f0c482a4846c89931f73d1690015e184234d9885b&o=&s=1
강원도,월드 스테이트 호텔 속초,https://www.booking.com/hotel/kr/world-state-sokcho.ko.html?label=bdot-P2XUozRl7Uj73QAuByfkUwS267777897793%3Apl%3Ata%3Ap1%3Ap22%2C563%2C000%3Aac%3Aap%3Aneg%3Afi%3Atikwd-576851273475%3Alp1009871%3Ali%3Adec%3Adm%3Appccp%3DUmFuZG9tSVYkc2RlIyh9YUlRwjG4dAJkHxCuUKVzpFo&sid=6501b31231a00a3035b564f903cd02d3&aid=376440&ucfs=1&arphpl=1&group_adults=2&req_adults=2&no_rooms=1&group_children=0&req_children=0&hpos=18&hapos=43&sr_order=popularity&nflt=class%3D3%3Bclass%3D5%3Bclass%3D4&srpvid=84f53984478e011b&srepoch=1645517450&from=searchresults#hotelTmpl,https://t-cf.bstatic.com/xdata/images/hotel/square200/241677393.webp?k=f73380a600037acf92044a06466f220ba8a1e18279ca9160d48c92f30cf69f7f&o=&s=1
강원도,하슬라아트월드 뮤지엄호텔,https://www.booking.com/hotel/kr/haslla-art-world-museum.ko.html?label=bdot-P2XUozRl7Uj73QAuByfkUwS267777897793%3Apl%3Ata%3Ap1%3Ap22%2C563%2C000%3Aac%3Aap%3Aneg%3Afi%3Atikwd-576851273475%3Alp1009871%3Ali%3Adec%3Adm%3Appccp%3DUmFuZG9tSVYkc2RlIyh9YUlRwjG4dAJkHxCuUKVzpFo&sid=6501b31231a00a3035b564f903cd02d3&aid=376440&ucfs=1&arphpl=1&group_adults=2&req_adults=2&no_rooms=1&group_children=0&req_children=0&hpos=19&hapos=44&sr_order=popularity&nflt=class%3D3%3Bclass%3D5%3Bclass%3D4&srpvid=84f53984478e011b&srepoch=1645517450&from=searchresults#hotelTmpl,https://t-cf.bstatic.com/xdata/images/hotel/square200/172909061.webp?k=b228e9f7b8aa320da7592ea57a1d8874c7c6278fd698e1d3224297c391b54bfc&o=&s=1
강원도,샤인밸리 펜션 & 호텔,https://www.booking.com/hotel/kr/shine-valley-pension.ko.html?label=bdot-P2XUozRl7Uj73QAuByfkUwS267777897793%3Apl%3Ata%3Ap1%3Ap22%2C563%2C000%3Aac%3Aap%3Aneg%3Afi%3Atikwd-576851273475%3Alp1009871%3Ali%3Adec%3Adm%3Appccp%3DUmFuZG9tSVYkc2RlIyh9YUlRwjG4dAJkHxCuUKVzpFo&sid=6501b31231a00a3035b564f903cd02d3&aid=376440&ucfs=1&arphpl=1&group_adults=2&req_adults=2&no_rooms=1&group_children=0&req_children=0&hpos=20&hapos=45&sr_order=popularity&nflt=class%3D3%3Bclass%3D5%3Bclass%3D4&srpvid=84f53984478e011b&srepoch=1645517450&from=searchresults#hotelTmpl,https://t-cf.bstatic.com/xdata/images/hotel/square200/100726499.webp?k=14237f9b61999e1545f45ca5f075f92de613f62a037fa0bd9efa6b46809546d9&o=&s=1
강원도,오션투유 리조트 속초 설악 비치 호텔 앤 콘도,https://www.booking.com/hotel/kr/ocean-2-you-resort.ko.html?label=bdot-P2XUozRl7Uj73QAuByfkUwS267777897793%3Apl%3Ata%3Ap1%3Ap22%2C563%2C000%3Aac%3Aap%3Aneg%3Afi%3Atikwd-576851273475%3Alp1009871%3Ali%3Adec%3Adm%3Appccp%3DUmFuZG9tSVYkc2RlIyh9YUlRwjG4dAJkHxCuUKVzpFo&sid=6501b31231a00a3035b564f903cd02d3&aid=376440&ucfs=1&arphpl=1&group_adults=2&req_adults=2&no_rooms=1&group_children=0&req_children=0&hpos=21&hapos=46&sr_order=popularity&nflt=class%3D3%3Bclass%3D5%3Bclass%3D4&srpvid=84f53984478e011b&srepoch=1645517450&from=searchresults#hotelTmpl,https://t-cf.bstatic.com/xdata/images/hotel/square200/230916120.webp?k=038084f657dd3c1acc6403c42aa1204ca50f6c1fe2e93198538b989f5a58b994&o=&s=1
강원도,시실리 펜션,https://www.booking.com/hotel/kr/sisilli-pension.ko.html?label=bdot-P2XUozRl7Uj73QAuByfkUwS267777897793%3Apl%3Ata%3Ap1%3Ap22%2C563%2C000%3Aac%3Aap%3Aneg%3Afi%3Atikwd-576851273475%3Alp1009871%3Ali%3Adec%3Adm%3Appccp%3DUmFuZG9tSVYkc2RlIyh9YUlRwjG4dAJkHxCuUKVzpFo&sid=6501b31231a00a3035b564f903cd02d3&aid=376440&ucfs=1&arphpl=1&group_adults=2&req_adults=2&no_rooms=1&group_children=0&req_children=0&hpos=22&hapos=47&sr_order=popularity&nflt=class%3D3%3Bclass%3D5%3Bclass%3D4&srpvid=84f53984478e011b&srepoch=1645517450&from=searchresults#hotelTmpl,https://t-cf.bstatic.com/xdata/images/hotel/square200/115078148.webp?k=02034bd315bfde20bfa7c070ceea9ef05255a3bb84c229c4b5a0e8eb56a020e0&o=&s=1
강원도,휘겔하임펜션,https://www.booking.com/hotel/kr/hugel-heim-pension.ko.html?label=bdot-P2XUozRl7Uj73QAuByfkUwS267777897793%3Apl%3Ata%3Ap1%3Ap22%2C563%2C000%3Aac%3Aap%3Aneg%3Afi%3Atikwd-576851273475%3Alp1009871%3Ali%3Adec%3Adm%3Appccp%3DUmFuZG9tSVYkc2RlIyh9YUlRwjG4dAJkHxCuUKVzpFo&sid=6501b31231a00a3035b564f903cd02d3&aid=376440&ucfs=1&arphpl=1&group_adults=2&req_adults=2&no_rooms=1&group_children=0&req_children=0&hpos=23&hapos=48&sr_order=popularity&nflt=class%3D3%3Bclass%3D5%3Bclass%3D4&srpvid=84f53984478e011b&srepoch=1645517450&from=searchresults#hotelTmpl,https://t-cf.bstatic.com/xdata/images/hotel/square200/124722251.webp?k=621f10381c11bad12ba30c80561cf1af03ffcf9b4b0f79848bcdbda32d1f9079&o=&s=1
강원도,숲속의 작은집,https://www.booking.com/hotel/kr/supsogyijageunjib.ko.html?label=bdot-P2XUozRl7Uj73QAuByfkUwS267777897793%3Apl%3Ata%3Ap1%3Ap22%2C563%2C000%3Aac%3Aap%3Aneg%3Afi%3Atikwd-576851273475%3Alp1009871%3Ali%3Adec%3Adm%3Appccp%3DUmFuZG9tSVYkc2RlIyh9YUlRwjG4dAJkHxCuUKVzpFo&sid=6501b31231a00a3035b564f903cd02d3&aid=376440&ucfs=1&arphpl=1&group_adults=2&req_adults=2&no_rooms=1&group_children=0&req_children=0&hpos=24&hapos=49&sr_order=popularity&nflt=class%3D3%3Bclass%3D5%3Bclass%3D4&srpvid=84f53984478e011b&srepoch=1645517450&from=searchresults#hotelTmpl,https://t-cf.bstatic.com/xdata/images/hotel/square200/124659398.webp?k=d67a47ca6b17a7301f3d611cbd0a78b8bbf0e31dddcc1348d2e700a4bdbf9cf9&o=&s=1
강원도,호텔 인터불고 원주,https://www.booking.com/hotel/kr/wonju-interburgo.ko.html?label=bdot-P2XUozRl7Uj73QAuByfkUwS267777897793%3Apl%3Ata%3Ap1%3Ap22%2C563%2C000%3Aac%3Aap%3Aneg%3Afi%3Atikwd-576851273475%3Alp1009871%3Ali%3Adec%3Adm%3Appccp%3DUmFuZG9tSVYkc2RlIyh9YUlRwjG4dAJkHxCuUKVzpFo&sid=6501b31231a00a3035b564f903cd02d3&aid=376440&ucfs=1&arphpl=1&group_adults=2&req_adults=2&no_rooms=1&group_children=0&req_children=0&hpos=25&hapos=50&sr_order=popularity&nflt=class%3D3%3Bclass%3D5%3Bclass%3D4&srpvid=84f53984478e011b&srepoch=1645517450&from=searchresults#hotelTmpl,https://t-cf.bstatic.com/xdata/images/hotel/square200/21190779.webp?k=f5c3dcba729a23147467c13a19bc26d3575a8ec2da7b2a5d83fb6c71679746b3&o=&s=1
강원도,금강산 콘도 속초,https://www.booking.com/hotel/kr/goseong-geumgangsankondo.ko.html?label=bdot-P2XUozRl7Uj73QAuByfkUwS267777897793%3Apl%3Ata%3Ap1%3Ap22%2C563%2C000%3Aac%3Aap%3Aneg%3Afi%3Atikwd-576851273475%3Alp1009871%3Ali%3Adec%3Adm%3Appccp%3DUmFuZG9tSVYkc2RlIyh9YUlRwjG4dAJkHxCuUKVzpFo&sid=6501b31231a00a3035b564f903cd02d3&aid=376440&ucfs=1&arphpl=1&group_adults=2&req_adults=2&no_rooms=1&group_children=0&req_children=0&hpos=1&hapos=51&sr_order=popularity&nflt=class%3D3%3Bclass%3D5%3Bclass%3D4&srpvid=552139840bb4053f&srepoch=1645517450&from=searchresults#hotelTmpl,https://t-cf.bstatic.com/xdata/images/hotel/square200/244897334.webp?k=90f032be7810732b74005d1d8ba1c84e49780d0a23a2baa7b9a9bef95d71485f&o=&s=1
강원도,현진 관광 호텔,https://www.booking.com/hotel/kr/hyunjin-tourist.ko.html?label=bdot-P2XUozRl7Uj73QAuByfkUwS267777897793%3Apl%3Ata%3Ap1%3Ap22%2C563%2C000%3Aac%3Aap%3Aneg%3Afi%3Atikwd-576851273475%3Alp1009871%3Ali%3Adec%3Adm%3Appccp%3DUmFuZG9tSVYkc2RlIyh9YUlRwjG4dAJkHxCuUKVzpFo&sid=6501b31231a00a3035b564f903cd02d3&aid=376440&ucfs=1&arphpl=1&group_adults=2&req_adults=2&no_rooms=1&group_children=0&req_children=0&hpos=2&hapos=52&sr_order=popularity&nflt=class%3D3%3Bclass%3D5%3Bclass%3D4&srpvid=552139840bb4053f&srepoch=1645517450&from=searchresults#hotelTmpl,https://t-cf.bstatic.com/xdata/images/hotel/square200/33194252.webp?k=d4fa8cfcbf1a9bb479e2001e35a425a41039d978e3e03beee1dddc7950207bba&o=&s=1
강원도,원주 시티 호텔,https://www.booking.com/hotel/kr/weonju-siti.ko.html?label=bdot-P2XUozRl7Uj73QAuByfkUwS267777897793%3Apl%3Ata%3Ap1%3Ap22%2C563%2C000%3Aac%3Aap%3Aneg%3Afi%3Atikwd-576851273475%3Alp1009871%3Ali%3Adec%3Adm%3Appccp%3DUmFuZG9tSVYkc2RlIyh9YUlRwjG4dAJkHxCuUKVzpFo&sid=6501b31231a00a3035b564f903cd02d3&aid=376440&ucfs=1&arphpl=1&group_adults=2&req_adults=2&no_rooms=1&group_children=0&req_children=0&hpos=3&hapos=53&sr_order=popularity&nflt=class%3D3%3Bclass%3D5%3Bclass%3D4&srpvid=552139840bb4053f&srepoch=1645517450&from=searchresults#hotelTmpl,https://t-cf.bstatic.com/xdata/images/hotel/square200/282421187.webp?k=2fb0ec739d8f1eb08096840723397b0e29aaa018559ad498967c3e44b1454fde&o=&s=1
강원도,뉴동해 관광호텔,https://www.booking.com/hotel/kr/nyudonghae-gwangwanghotel.ko.html?label=bdot-P2XUozRl7Uj73QAuByfkUwS267777897793%3Apl%3Ata%3Ap1%3Ap22%2C563%2C000%3Aac%3Aap%3Aneg%3Afi%3Atikwd-576851273475%3Alp1009871%3Ali%3Adec%3Adm%3Appccp%3DUmFuZG9tSVYkc2RlIyh9YUlRwjG4dAJkHxCuUKVzpFo&sid=6501b31231a00a3035b564f903cd02d3&aid=376440&ucfs=1&arphpl=1&group_adults=2&req_adults=2&no_rooms=1&group_children=0&req_children=0&hpos=4&hapos=54&sr_order=popularity&nflt=class%3D3%3Bclass%3D5%3Bclass%3D4&srpvid=552139840bb4053f&srepoch=1645517450&from=searchresults#hotelTmpl,https://t-cf.bstatic.com/xdata/images/hotel/square200/116060755.webp?k=b988724867ac6823e27eb38bafdd9d69b992a8d037b57164bcae3e3acac60394&o=&s=1
강원도,썬라이즈 호텔 속초,https://www.booking.com/hotel/kr/sunrise-sokcho.ko.html?label=bdot-P2XUozRl7Uj73QAuByfkUwS267777897793%3Apl%3Ata%3Ap1%3Ap22%2C563%2C000%3Aac%3Aap%3Aneg%3Afi%3Atikwd-576851273475%3Alp1009871%3Ali%3Adec%3Adm%3Appccp%3DUmFuZG9tSVYkc2RlIyh9YUlRwjG4dAJkHxCuUKVzpFo&sid=6501b31231a00a3035b564f903cd02d3&aid=376440&ucfs=1&arphpl=1&group_adults=2&req_adults=2&no_rooms=1&group_children=0&req_children=0&hpos=5&hapos=55&sr_order=popularity&nflt=class%3D3%3Bclass%3D5%3Bclass%3D4&srpvid=552139840bb4053f&srepoch=1645517450&from=searchresults#hotelTmpl,https://t-cf.bstatic.com/xdata/images/hotel/square200/270392659.webp?k=ef333628afdf8123571db8294276700974515bdc3d8c5e27e85a4b6f064480ec&o=&s=1
강원도,KT&G 상상마당 춘천 스테이,https://www.booking.com/hotel/kr/kt-amp-g-sangsangmadang-chuncheon-stay.ko.html?label=bdot-P2XUozRl7Uj73QAuByfkUwS267777897793%3Apl%3Ata%3Ap1%3Ap22%2C563%2C000%3Aac%3Aap%3Aneg%3Afi%3Atikwd-576851273475%3Alp1009871%3Ali%3Adec%3Adm%3Appccp%3DUmFuZG9tSVYkc2RlIyh9YUlRwjG4dAJkHxCuUKVzpFo&sid=6501b31231a00a3035b564f903cd02d3&aid=376440&ucfs=1&arphpl=1&group_adults=2&req_adults=2&no_rooms=1&group_children=0&req_children=0&hpos=6&hapos=56&sr_order=popularity&nflt=class%3D3%3Bclass%3D5%3Bclass%3D4&srpvid=552139840bb4053f&srepoch=1645517450&from=searchresults#hotelTmpl,https://t-cf.bstatic.com/xdata/images/hotel/square200/48557062.webp?k=a22ba943a0868982c1ed6ee58afce89103a6ab9761469ad9bf9aaacf07ee6389&o=&s=1
강원도,더마크 속초 레지던스 호텔,https://www.booking.com/hotel/kr/themarksokcho-residence.ko.html?label=bdot-P2XUozRl7Uj73QAuByfkUwS267777897793%3Apl%3Ata%3Ap1%3Ap22%2C563%2C000%3Aac%3Aap%3Aneg%3Afi%3Atikwd-576851273475%3Alp1009871%3Ali%3Adec%3Adm%3Appccp%3DUmFuZG9tSVYkc2RlIyh9YUlRwjG4dAJkHxCuUKVzpFo&sid=6501b31231a00a3035b564f903cd02d3&aid=376440&ucfs=1&arphpl=1&group_adults=2&req_adults=2&no_rooms=1&group_children=0&req_children=0&hpos=7&hapos=57&sr_order=popularity&nflt=class%3D3%3Bclass%3D5%3Bclass%3D4&srpvid=552139840bb4053f&srepoch=1645517450&from=searchresults#hotelTmpl,https://t-cf.bstatic.com/xdata/images/hotel/square200/327131026.webp?k=901cb3dad6fa209923141ac98cca0647ebf90510873efd42e6c73389bc44bfd5&o=&s=1
강원도,하이디 펜션,https://www.booking.com/hotel/kr/heidi-pension.ko.html?label=bdot-P2XUozRl7Uj73QAuByfkUwS267777897793%3Apl%3Ata%3Ap1%3Ap22%2C563%2C000%3Aac%3Aap%3Aneg%3Afi%3Atikwd-576851273475%3Alp1009871%3Ali%3Adec%3Adm%3Appccp%3DUmFuZG9tSVYkc2RlIyh9YUlRwjG4dAJkHxCuUKVzpFo&sid=6501b31231a00a3035b564f903cd02d3&aid=376440&ucfs=1&arphpl=1&group_adults=2&req_adults=2&no_rooms=1&group_children=0&req_children=0&hpos=8&hapos=58&sr_order=popularity&nflt=class%3D3%3Bclass%3D5%3Bclass%3D4&srpvid=552139840bb4053f&srepoch=1645517450&from=searchresults#hotelTmpl,https://t-cf.bstatic.com/xdata/images/hotel/square200/120197677.webp?k=40597429a8c0d5d7a378952fbfac0a2ffdf2d7956e7fe29407c7fd33e2f57ccc&o=&s=1
강원도,강릉 그레이 호텔,https://www.booking.com/hotel/kr/gangreung-geurei.ko.html?label=bdot-P2XUozRl7Uj73QAuByfkUwS267777897793%3Apl%3Ata%3Ap1%3Ap22%2C563%2C000%3Aac%3Aap%3Aneg%3Afi%3Atikwd-576851273475%3Alp1009871%3Ali%3Adec%3Adm%3Appccp%3DUmFuZG9tSVYkc2RlIyh9YUlRwjG4dAJkHxCuUKVzpFo&sid=6501b31231a00a3035b564f903cd02d3&aid=376440&ucfs=1&arphpl=1&group_adults=2&req_adults=2&no_rooms=1&group_children=0&req_children=0&hpos=9&hapos=59&sr_order=popularity&nflt=class%3D3%3Bclass%3D5%3Bclass%3D4&srpvid=552139840bb4053f&srepoch=1645517450&from=searchresults#hotelTmpl,https://t-cf.bstatic.com/xdata/images/hotel/square200/126288622.webp?k=5a47913c5a9a7bd97178055f7c9b7951443476589ecfe2e1664ff04f7bb1e022&o=&s=1
강원도,리센 오션파크 속초,https://www.booking.com/hotel/kr/risen-osyeonpakeu-sogco.ko.html?label=bdot-P2XUozRl7Uj73QAuByfkUwS267777897793%3Apl%3Ata%3Ap1%3Ap22%2C563%2C000%3Aac%3Aap%3Aneg%3Afi%3Atikwd-576851273475%3Alp1009871%3Ali%3Adec%3Adm%3Appccp%3DUmFuZG9tSVYkc2RlIyh9YUlRwjG4dAJkHxCuUKVzpFo&sid=6501b31231a00a3035b564f903cd02d3&aid=376440&ucfs=1&arphpl=1&group_adults=2&req_adults=2&no_rooms=1&group_children=0&req_children=0&hpos=10&hapos=60&sr_order=popularity&nflt=class%3D3%3Bclass%3D5%3Bclass%3D4&srpvid=552139840bb4053f&srepoch=1645517450&from=searchresults#hotelTmpl,https://t-cf.bstatic.com/xdata/images/hotel/square200/332856175.webp?k=8a95d90a59d18a0c7441c7b04db1f23746c0dbdf343569fa80cb5d4c52c6225b&o=&s=1
강원도,위드유 호텔 & 게스트하우스,https://www.booking.com/hotel/kr/with-u-amp-guesthouse.ko.html?label=bdot-P2XUozRl7Uj73QAuByfkUwS267777897793%3Apl%3Ata%3Ap1%3Ap22%2C563%2C000%3Aac%3Aap%3Aneg%3Afi%3Atikwd-576851273475%3Alp1009871%3Ali%3Adec%3Adm%3Appccp%3DUmFuZG9tSVYkc2RlIyh9YUlRwjG4dAJkHxCuUKVzpFo&sid=6501b31231a00a3035b564f903cd02d3&aid=376440&ucfs=1&arphpl=1&group_adults=2&req_adults=2&no_rooms=1&group_children=0&req_children=0&hpos=11&hapos=61&sr_order=popularity&nflt=class%3D3%3Bclass%3D5%3Bclass%3D4&srpvid=552139840bb4053f&srepoch=1645517450&from=searchresults#hotelTmpl,https://t-cf.bstatic.com/xdata/images/hotel/square200/142122485.webp?k=374f13765cec46d8ce6cef523e6932446a6b20671f4d9f98e0c0ed83e4c811cd&o=&s=1
강원도,솔향기 펜션,https://www.booking.com/hotel/kr/pinearoma-pension.ko.html?label=bdot-P2XUozRl7Uj73QAuByfkUwS267777897793%3Apl%3Ata%3Ap1%3Ap22%2C563%2C000%3Aac%3Aap%3Aneg%3Afi%3Atikwd-576851273475%3Alp1009871%3Ali%3Adec%3Adm%3Appccp%3DUmFuZG9tSVYkc2RlIyh9YUlRwjG4dAJkHxCuUKVzpFo&sid=6501b31231a00a3035b564f903cd02d3&aid=376440&ucfs=1&arphpl=1&group_adults=2&req_adults=2&no_rooms=1&group_children=0&req_children=0&hpos=12&hapos=62&sr_order=popularity&nflt=class%3D3%3Bclass%3D5%3Bclass%3D4&srpvid=552139840bb4053f&srepoch=1645517450&from=searchresults#hotelTmpl,https://t-cf.bstatic.com/xdata/images/hotel/square200/107326263.webp?k=931ddfeddfc8fa44dec2e67d3e68c270cbb3cb99308cfb7c2df54fa12923b826&o=&s=1
강원도,켄싱턴리조트 설악비치,https://www.booking.com/hotel/kr/kensington-resort-seorak.ko.html?label=bdot-P2XUozRl7Uj73QAuByfkUwS267777897793%3Apl%3Ata%3Ap1%3Ap22%2C563%2C000%3Aac%3Aap%3Aneg%3Afi%3Atikwd-576851273475%3Alp1009871%3Ali%3Adec%3Adm%3Appccp%3DUmFuZG9tSVYkc2RlIyh9YUlRwjG4dAJkHxCuUKVzpFo&sid=6501b31231a00a3035b564f903cd02d3&aid=376440&ucfs=1&arphpl=1&group_adults=2&req_adults=2&no_rooms=1&group_children=0&req_children=0&hpos=13&hapos=63&sr_order=popularity&nflt=class%3D3%3Bclass%3D5%3Bclass%3D4&srpvid=552139840bb4053f&srepoch=1645517450&from=searchresults#hotelTmpl,https://t-cf.bstatic.com/xdata/images/hotel/square200/178074350.webp?k=035f71968866a31d8cc936b2d7a1c3368fd48d91a5b35c1ae5fd6441902dd7d1&o=&s=1
강원도,메이힐스리조트 정선,https://www.booking.com/hotel/kr/jeongseon-mayhills-resort.ko.html?label=bdot-P2XUozRl7Uj73QAuByfkUwS267777897793%3Apl%3Ata%3Ap1%3Ap22%2C563%2C000%3Aac%3Aap%3Aneg%3Afi%3Atikwd-576851273475%3Alp1009871%3Ali%3Adec%3Adm%3Appccp%3DUmFuZG9tSVYkc2RlIyh9YUlRwjG4dAJkHxCuUKVzpFo&sid=6501b31231a00a3035b564f903cd02d3&aid=376440&ucfs=1&arphpl=1&group_adults=2&req_adults=2&no_rooms=1&group_children=0&req_children=0&hpos=14&hapos=64&sr_order=popularity&nflt=class%3D3%3Bclass%3D5%3Bclass%3D4&srpvid=552139840bb4053f&srepoch=1645517450&from=searchresults#hotelTmpl,https://t-cf.bstatic.com/xdata/images/hotel/square200/142896560.webp?k=65106fce93c902a9a37674a614816ddf7b5352e3e6198a7ca7abf2c377825732&o=&s=1
강원도,한화 리조트 설악 쏘라노,https://www.booking.com/hotel/kr/hanwha-resort-seorak-sorano.ko.html?label=bdot-P2XUozRl7Uj73QAuByfkUwS267777897793%3Apl%3Ata%3Ap1%3Ap22%2C563%2C000%3Aac%3Aap%3Aneg%3Afi%3Atikwd-576851273475%3Alp1009871%3Ali%3Adec%3Adm%3Appccp%3DUmFuZG9tSVYkc2RlIyh9YUlRwjG4dAJkHxCuUKVzpFo&sid=6501b31231a00a3035b564f903cd02d3&aid=376440&ucfs=1&arphpl=1&group_adults=2&req_adults=2&no_rooms=1&group_children=0&req_children=0&hpos=15&hapos=65&sr_order=popularity&nflt=class%3D3%3Bclass%3D5%3Bclass%3D4&srpvid=552139840bb4053f&srepoch=1645517450&from=searchresults#hotelTmpl,https://t-cf.bstatic.com/xdata/images/hotel/square200/19751162.webp?k=c61ac2e4680cf8a6d1b3b13866f9071705ea2f1131b8e8ed2cc926337570f109&o=&s=1
강원도,현대 수 리조트 속초,https://www.booking.com/hotel/kr/hyundai-soo-resort-sokcho56.ko.html?label=bdot-P2XUozRl7Uj73QAuByfkUwS267777897793%3Apl%3Ata%3Ap1%3Ap22%2C563%2C000%3Aac%3Aap%3Aneg%3Afi%3Atikwd-576851273475%3Alp1009871%3Ali%3Adec%3Adm%3Appccp%3DUmFuZG9tSVYkc2RlIyh9YUlRwjG4dAJkHxCuUKVzpFo&sid=6501b31231a00a3035b564f903cd02d3&aid=376440&ucfs=1&arphpl=1&group_adults=2&req_adults=2&no_rooms=1&group_children=0&req_children=0&hpos=16&hapos=66&sr_order=popularity&nflt=class%3D3%3Bclass%3D5%3Bclass%3D4&srpvid=552139840bb4053f&srepoch=1645517450&from=searchresults#hotelTmpl,https://t-cf.bstatic.com/xdata/images/hotel/square200/210920530.webp?k=cc23cd91e180a788c525a4f297a231db7778ea299a82e83d5a15180b957d54a9&o=&s=1
강원도,설악 하얀집,https://www.booking.com/hotel/kr/white-house-hayanjib.ko.html?label=bdot-P2XUozRl7Uj73QAuByfkUwS267777897793%3Apl%3Ata%3Ap1%3Ap22%2C563%2C000%3Aac%3Aap%3Aneg%3Afi%3Atikwd-576851273475%3Alp1009871%3Ali%3Adec%3Adm%3Appccp%3DUmFuZG9tSVYkc2RlIyh9YUlRwjG4dAJkHxCuUKVzpFo&sid=6501b31231a00a3035b564f903cd02d3&aid=376440&ucfs=1&arphpl=1&group_adults=2&req_adults=2&no_rooms=1&group_children=0&req_children=0&hpos=17&hapos=67&sr_order=popularity&nflt=class%3D3%3Bclass%3D5%3Bclass%3D4&srpvid=552139840bb4053f&srepoch=1645517450&from=searchresults#hotelTmpl,https://t-cf.bstatic.com/xdata/images/hotel/square200/107869599.webp?k=a6ca619eccd181b6b7f7944a1bd7a970d3b5e5d9c64c54e5a280b824d4b72de2&o=&s=1
강원도,팜파스 리조트,https://www.booking.com/hotel/kr/pampas-resort.ko.html?label=bdot-P2XUozRl7Uj73QAuByfkUwS267777897793%3Apl%3Ata%3Ap1%3Ap22%2C563%2C000%3Aac%3Aap%3Aneg%3Afi%3Atikwd-576851273475%3Alp1009871%3Ali%3Adec%3Adm%3Appccp%3DUmFuZG9tSVYkc2RlIyh9YUlRwjG4dAJkHxCuUKVzpFo&sid=6501b31231a00a3035b564f903cd02d3&aid=376440&ucfs=1&arphpl=1&group_adults=2&req_adults=2&no_rooms=1&group_children=0&req_children=0&hpos=18&hapos=68&sr_order=popularity&nflt=class%3D3%3Bclass%3D5%3Bclass%3D4&srpvid=552139840bb4053f&srepoch=1645517450&from=searchresults#hotelTmpl,https://t-cf.bstatic.com/xdata/images/hotel/square200/256018219.webp?k=d40d9d66acb37de2f3d3e9d032b6a34b5de4dee53a541ab5f62cae6020a49d50&o=&s=1
강원도,숲속의바이올린,https://www.booking.com/hotel/kr/violin-pension.ko.html?label=bdot-P2XUozRl7Uj73QAuByfkUwS267777897793%3Apl%3Ata%3Ap1%3Ap22%2C563%2C000%3Aac%3Aap%3Aneg%3Afi%3Atikwd-576851273475%3Alp1009871%3Ali%3Adec%3Adm%3Appccp%3DUmFuZG9tSVYkc2RlIyh9YUlRwjG4dAJkHxCuUKVzpFo&sid=6501b31231a00a3035b564f903cd02d3&aid=376440&ucfs=1&arphpl=1&group_adults=2&req_adults=2&no_rooms=1&group_children=0&req_children=0&hpos=19&hapos=69&sr_order=popularity&nflt=class%3D3%3Bclass%3D5%3Bclass%3D4&srpvid=552139840bb4053f&srepoch=1645517450&from=searchresults#hotelTmpl,https://t-cf.bstatic.com/xdata/images/hotel/square200/109578896.webp?k=6b3baa6ef91a5fcb9c391e92fc5879f3dc5f5f13143e25f7d33be40e91918c19&o=&s=1
강원도,제임스 블루 호스텔,https://www.booking.com/hotel/kr/james-blue-hostel.ko.html?label=bdot-P2XUozRl7Uj73QAuByfkUwS267777897793%3Apl%3Ata%3Ap1%3Ap22%2C563%2C000%3Aac%3Aap%3Aneg%3Afi%3Atikwd-576851273475%3Alp1009871%3Ali%3Adec%3Adm%3Appccp%3DUmFuZG9tSVYkc2RlIyh9YUlRwjG4dAJkHxCuUKVzpFo&sid=6501b31231a00a3035b564f903cd02d3&aid=376440&ucfs=1&arphpl=1&group_adults=2&req_adults=2&no_rooms=1&group_children=0&req_children=0&hpos=20&hapos=70&sr_order=popularity&nflt=class%3D3%3Bclass%3D5%3Bclass%3D4&srpvid=552139840bb4053f&srepoch=1645517450&from=searchresults#hotelTmpl,https://t-cf.bstatic.com/xdata/images/hotel/square200/97985055.webp?k=c24c653fe0171aa560e46a8ff452c060ef04cb761604f0d238314ca3a123e699&o=&s=1
강원도,베니키아 산과바다 대포항,https://www.booking.com/hotel/kr/benikiahotel-sangwabada-daepohang.ko.html?label=bdot-P2XUozRl7Uj73QAuByfkUwS267777897793%3Apl%3Ata%3Ap1%3Ap22%2C563%2C000%3Aac%3Aap%3Aneg%3Afi%3Atikwd-576851273475%3Alp1009871%3Ali%3Adec%3Adm%3Appccp%3DUmFuZG9tSVYkc2RlIyh9YUlRwjG4dAJkHxCuUKVzpFo&sid=6501b31231a00a3035b564f903cd02d3&aid=376440&ucfs=1&arphpl=1&group_adults=2&req_adults=2&no_rooms=1&group_children=0&req_children=0&hpos=21&hapos=71&sr_order=popularity&nflt=class%3D3%3Bclass%3D5%3Bclass%3D4&srpvid=552139840bb4053f&srepoch=1645517450&from=searchresults#hotelTmpl,https://t-cf.bstatic.com/xdata/images/hotel/square200/304913330.webp?k=f50d7eef78f4109f1cc1999f6740355343c09c09f82ee438bb508789f07a5a1f&o=&s=1
강원도,한화 리조트 평창,https://www.booking.com/hotel/kr/hanwha-resort-pheonix-park.ko.html?label=bdot-P2XUozRl7Uj73QAuByfkUwS267777897793%3Apl%3Ata%3Ap1%3Ap22%2C563%2C000%3Aac%3Aap%3Aneg%3Afi%3Atikwd-576851273475%3Alp1009871%3Ali%3Adec%3Adm%3Appccp%3DUmFuZG9tSVYkc2RlIyh9YUlRwjG4dAJkHxCuUKVzpFo&sid=6501b31231a00a3035b564f903cd02d3&aid=376440&ucfs=1&arphpl=1&group_adults=2&req_adults=2&no_rooms=1&group_children=0&req_children=0&hpos=22&hapos=72&sr_order=popularity&nflt=class%3D3%3Bclass%3D5%3Bclass%3D4&srpvid=552139840bb4053f&srepoch=1645517450&from=searchresults#hotelTmpl,https://t-cf.bstatic.com/xdata/images/hotel/square200/38542348.webp?k=e6ba2aa3b08b75469523834e115aabcf734f39533c40945b04b519448d13519c&o=&s=1
강원도,구름위의 테라스 펜션,https://www.booking.com/hotel/kr/terrace-on-the-cloud.ko.html?label=bdot-P2XUozRl7Uj73QAuByfkUwS267777897793%3Apl%3Ata%3Ap1%3Ap22%2C563%2C000%3Aac%3Aap%3Aneg%3Afi%3Atikwd-576851273475%3Alp1009871%3Ali%3Adec%3Adm%3Appccp%3DUmFuZG9tSVYkc2RlIyh9YUlRwjG4dAJkHxCuUKVzpFo&sid=6501b31231a00a3035b564f903cd02d3&aid=376440&ucfs=1&arphpl=1&group_adults=2&req_adults=2&no_rooms=1&group_children=0&req_children=0&hpos=23&hapos=73&sr_order=popularity&nflt=class%3D3%3Bclass%3D5%3Bclass%3D4&srpvid=552139840bb4053f&srepoch=1645517450&from=searchresults#hotelTmpl,https://t-cf.bstatic.com/xdata/images/hotel/square200/64318459.webp?k=d89426e8c50cb6501ec75289c3c2b056e7510978710f87db6c46fcc001edcb03&o=&s=1
강원도,오션투유 리조트 속초 설악 비치 호텔 앤 콘도,https://www.booking.com/hotel/kr/ocean-2-you-resort.ko.html?label=bdot-P2XUozRl7Uj73QAuByfkUwS267777897793%3Apl%3Ata%3Ap1%3Ap22%2C563%2C000%3Aac%3Aap%3Aneg%3Afi%3Atikwd-576851273475%3Alp1009871%3Ali%3Adec%3Adm%3Appccp%3DUmFuZG9tSVYkc2RlIyh9YUlRwjG4dAJkHxCuUKVzpFo&sid=6501b31231a00a3035b564f903cd02d3&aid=376440&ucfs=1&arphpl=1&group_adults=2&req_adults=2&no_rooms=1&group_children=0&req_children=0&hpos=24&hapos=74&sr_order=popularity&nflt=class%3D3%3Bclass%3D5%3Bclass%3D4&srpvid=552139840bb4053f&srepoch=1645517450&from=searchresults#hotelTmpl,https://t-cf.bstatic.com/xdata/images/hotel/square200/230916120.webp?k=038084f657dd3c1acc6403c42aa1204ca50f6c1fe2e93198538b989f5a58b994&o=&s=1
강원도,스카이 비발디 펜션,https://www.booking.com/hotel/kr/sky-pension-hongcheon.ko.html?label=bdot-P2XUozRl7Uj73QAuByfkUwS267777897793%3Apl%3Ata%3Ap1%3Ap22%2C563%2C000%3Aac%3Aap%3Aneg%3Afi%3Atikwd-576851273475%3Alp1009871%3Ali%3Adec%3Adm%3Appccp%3DUmFuZG9tSVYkc2RlIyh9YUlRwjG4dAJkHxCuUKVzpFo&sid=6501b31231a00a3035b564f903cd02d3&aid=376440&ucfs=1&arphpl=1&group_adults=2&req_adults=2&no_rooms=1&group_children=0&req_children=0&hpos=25&hapos=75&sr_order=popularity&nflt=class%3D3%3Bclass%3D5%3Bclass%3D4&srpvid=552139840bb4053f&srepoch=1645517450&from=searchresults#hotelTmpl,https://t-cf.bstatic.com/xdata/images/hotel/square200/262672112.webp?k=ff091b051ea216d4f3dfdc2bbd0b29967e6b86bea3e883c57d0571de0d8e36db&o=&s=1
강원도,노벰버,https://www.booking.com/hotel/kr/november.ko.html?label=bdot-P2XUozRl7Uj73QAuByfkUwS267777897793%3Apl%3Ata%3Ap1%3Ap22%2C563%2C000%3Aac%3Aap%3Aneg%3Afi%3Atikwd-576851273475%3Alp1009871%3Ali%3Adec%3Adm%3Appccp%3DUmFuZG9tSVYkc2RlIyh9YUlRwjG4dAJkHxCuUKVzpFo&sid=6501b31231a00a3035b564f903cd02d3&aid=376440&ucfs=1&arphpl=1&group_adults=2&req_adults=2&no_rooms=1&group_children=0&req_children=0&hpos=1&hapos=76&sr_order=popularity&nflt=class%3D3%3Bclass%3D5%3Bclass%3D4&srpvid=276e3983e90e019a&srepoch=1645517448&from=searchresults#hotelTmpl,https://t-cf.bstatic.com/xdata/images/hotel/square200/226687229.webp?k=68edfeec28b917e850f363655146ed0168654e22e227982d99564e8d9257a7e9&o=&s=1
강원도,엘리시안 강촌 리조트,https://www.booking.com/hotel/kr/elysian-gangchon.ko.html?label=bdot-P2XUozRl7Uj73QAuByfkUwS267777897793%3Apl%3Ata%3Ap1%3Ap22%2C563%2C000%3Aac%3Aap%3Aneg%3Afi%3Atikwd-576851273475%3Alp1009871%3Ali%3Adec%3Adm%3Appccp%3DUmFuZG9tSVYkc2RlIyh9YUlRwjG4dAJkHxCuUKVzpFo&sid=6501b31231a00a3035b564f903cd02d3&aid=376440&ucfs=1&arphpl=1&group_adults=2&req_adults=2&no_rooms=1&group_children=0&req_children=0&hpos=2&hapos=77&sr_order=popularity&nflt=class%3D3%3Bclass%3D5%3Bclass%3D4&srpvid=276e3983e90e019a&srepoch=1645517448&from=searchresults#hotelTmpl,https://t-cf.bstatic.com/xdata/images/hotel/square200/225075094.webp?k=f5a44bdd75d649ee91f75d67862ae12873d1fdf5f45d9215a3699b7ab4a3ddff&o=&s=1
강원도,산타비치 펜션,https://www.booking.com/hotel/kr/santa-beach-pension.ko.html?label=bdot-P2XUozRl7Uj73QAuByfkUwS267777897793%3Apl%3Ata%3Ap1%3Ap22%2C563%2C000%3Aac%3Aap%3Aneg%3Afi%3Atikwd-576851273475%3Alp1009871%3Ali%3Adec%3Adm%3Appccp%3DUmFuZG9tSVYkc2RlIyh9YUlRwjG4dAJkHxCuUKVzpFo&sid=6501b31231a00a3035b564f903cd02d3&aid=376440&ucfs=1&arphpl=1&group_adults=2&req_adults=2&no_rooms=1&group_children=0&req_children=0&hpos=3&hapos=78&sr_order=popularity&nflt=class%3D3%3Bclass%3D5%3Bclass%3D4&srpvid=276e3983e90e019a&srepoch=1645517448&from=searchresults#hotelTmpl,https://t-cf.bstatic.com/xdata/images/hotel/square200/283286289.webp?k=479329cbac3681507ed9d86485c717ebc5be7402a5e6f18e22bc2565a9bca4af&o=&s=1
강원도,Blue Mountain,https://www.booking.com/hotel/kr/beulrumauntinpensyeon-bule-mountain.ko.html?label=bdot-P2XUozRl7Uj73QAuByfkUwS267777897793%3Apl%3Ata%3Ap1%3Ap22%2C563%2C000%3Aac%3Aap%3Aneg%3Afi%3Atikwd-576851273475%3Alp1009871%3Ali%3Adec%3Adm%3Appccp%3DUmFuZG9tSVYkc2RlIyh9YUlRwjG4dAJkHxCuUKVzpFo&sid=6501b31231a00a3035b564f903cd02d3&aid=376440&ucfs=1&arphpl=1&group_adults=2&req_adults=2&no_rooms=1&group_children=0&req_children=0&hpos=4&hapos=79&sr_order=popularity&nflt=class%3D3%3Bclass%3D5%3Bclass%3D4&srpvid=276e3983e90e019a&srepoch=1645517448&from=searchresults#hotelTmpl,https://t-cf.bstatic.com/xdata/images/hotel/square200/244103017.webp?k=4d4ebb7c5f70520828a2c704fe4044a70dc8f459be9ceb581f9b6105787acf9d&o=&s=1
강원도,메이페어 데네브 펜션,https://www.booking.com/hotel/kr/mayfair-deneb-pension.ko.html?label=bdot-P2XUozRl7Uj73QAuByfkUwS267777897793%3Apl%3Ata%3Ap1%3Ap22%2C563%2C000%3Aac%3Aap%3Aneg%3Afi%3Atikwd-576851273475%3Alp1009871%3Ali%3Adec%3Adm%3Appccp%3DUmFuZG9tSVYkc2RlIyh9YUlRwjG4dAJkHxCuUKVzpFo&sid=6501b31231a00a3035b564f903cd02d3&aid=376440&ucfs=1&arphpl=1&group_adults=2&req_adults=2&no_rooms=1&group_children=0&req_children=0&hpos=5&hapos=80&sr_order=popularity&nflt=class%3D3%3Bclass%3D5%3Bclass%3D4&srpvid=276e3983e90e019a&srepoch=1645517448&from=searchresults#hotelTmpl,https://t-cf.bstatic.com/xdata/images/hotel/square200/113370846.webp?k=30bc111309acfa8cdebed1a88eeb15e924e7eaf509517840924420ec15a46683&o=&s=1
강원도,페르마타 펜션,https://www.booking.com/hotel/kr/fermata-pension.ko.html?label=bdot-P2XUozRl7Uj73QAuByfkUwS267777897793%3Apl%3Ata%3Ap1%3Ap22%2C563%2C000%3Aac%3Aap%3Aneg%3Afi%3Atikwd-576851273475%3Alp1009871%3Ali%3Adec%3Adm%3Appccp%3DUmFuZG9tSVYkc2RlIyh9YUlRwjG4dAJkHxCuUKVzpFo&sid=6501b31231a00a3035b564f903cd02d3&aid=376440&ucfs=1&arphpl=1&group_adults=2&req_adults=2&no_rooms=1&group_children=0&req_children=0&hpos=6&hapos=81&sr_order=popularity&nflt=class%3D3%3Bclass%3D5%3Bclass%3D4&srpvid=276e3983e90e019a&srepoch=1645517448&from=searchresults#hotelTmpl,https://t-cf.bstatic.com/xdata/images/hotel/square200/62282331.webp?k=7e3a3dd8b64a02f34fdf898a232f3a4099e2e323a2483909d0a9c02760c16bcc&o=&s=1
강원도,평창 에델바이스 펜션,https://www.booking.com/hotel/kr/edelweiss-pension.ko.html?label=bdot-P2XUozRl7Uj73QAuByfkUwS267777897793%3Apl%3Ata%3Ap1%3Ap22%2C563%2C000%3Aac%3Aap%3Aneg%3Afi%3Atikwd-576851273475%3Alp1009871%3Ali%3Adec%3Adm%3Appccp%3DUmFuZG9tSVYkc2RlIyh9YUlRwjG4dAJkHxCuUKVzpFo&sid=6501b31231a00a3035b564f903cd02d3&aid=376440&ucfs=1&arphpl=1&group_adults=2&req_adults=2&no_rooms=1&group_children=0&req_children=0&hpos=7&hapos=82&sr_order=popularity&nflt=class%3D3%3Bclass%3D5%3Bclass%3D4&srpvid=276e3983e90e019a&srepoch=1645517448&from=searchresults#hotelTmpl,https://t-cf.bstatic.com/xdata/images/hotel/square200/64194683.webp?k=714a96e08f682dc8f0ce68464fbda2685872fa8b6437c6096891c870fed7e092&o=&s=1
강원도,Pyeongchang Hyundai Sweet Village,https://www.booking.com/hotel/kr/hyundai-village-pension-pyeongchang.ko.html?label=bdot-P2XUozRl7Uj73QAuByfkUwS267777897793%3Apl%3Ata%3Ap1%3Ap22%2C563%2C000%3Aac%3Aap%3Aneg%3Afi%3Atikwd-576851273475%3Alp1009871%3Ali%3Adec%3Adm%3Appccp%3DUmFuZG9tSVYkc2RlIyh9YUlRwjG4dAJkHxCuUKVzpFo&sid=6501b31231a00a3035b564f903cd02d3&aid=376440&ucfs=1&arphpl=1&group_adults=2&req_adults=2&no_rooms=1&group_children=0&req_children=0&hpos=8&hapos=83&sr_order=popularity&nflt=class%3D3%3Bclass%3D5%3Bclass%3D4&srpvid=276e3983e90e019a&srepoch=1645517448&from=searchresults#hotelTmpl,https://t-cf.bstatic.com/xdata/images/hotel/square200/90258387.webp?k=21ddd7c26ee3eaf8d016874a1423a0a75f91f6ec54289f82d3e58cf009bdfd54&o=&s=1
강원도,채울펜션,https://www.booking.com/hotel/kr/caeulpensyeon.ko.html?label=bdot-P2XUozRl7Uj73QAuByfkUwS267777897793%3Apl%3Ata%3Ap1%3Ap22%2C563%2C000%3Aac%3Aap%3Aneg%3Afi%3Atikwd-576851273475%3Alp1009871%3Ali%3Adec%3Adm%3Appccp%3DUmFuZG9tSVYkc2RlIyh9YUlRwjG4dAJkHxCuUKVzpFo&sid=6501b31231a00a3035b564f903cd02d3&aid=376440&ucfs=1&arphpl=1&group_adults=2&req_adults=2&no_rooms=1&group_children=0&req_children=0&hpos=9&hapos=84&sr_order=popularity&nflt=class%3D3%3Bclass%3D5%3Bclass%3D4&srpvid=276e3983e90e019a&srepoch=1645517448&from=searchresults#hotelTmpl,https://t-cf.bstatic.com/xdata/images/hotel/square200/259834605.webp?k=1610534033197abca5a1744f38c653ca4446d1ad2f2dda721097296f5ba45083&o=&s=1
강원도,산애가 펜션,https://www.booking.com/hotel/kr/sanaegamotelpensyeon.ko.html?label=bdot-P2XUozRl7Uj73QAuByfkUwS267777897793%3Apl%3Ata%3Ap1%3Ap22%2C563%2C000%3Aac%3Aap%3Aneg%3Afi%3Atikwd-576851273475%3Alp1009871%3Ali%3Adec%3Adm%3Appccp%3DUmFuZG9tSVYkc2RlIyh9YUlRwjG4dAJkHxCuUKVzpFo&sid=6501b31231a00a3035b564f903cd02d3&aid=376440&ucfs=1&arphpl=1&group_adults=2&req_adults=2&no_rooms=1&group_children=0&req_children=0&hpos=10&hapos=85&sr_order=popularity&nflt=class%3D3%3Bclass%3D5%3Bclass%3D4&srpvid=276e3983e90e019a&srepoch=1645517448&from=searchresults#hotelTmpl,https://t-cf.bstatic.com/xdata/images/hotel/square200/244093759.webp?k=275680083437107b3104596f3ca02f0cba284f6f0480e7528103f548b7cc7357&o=&s=1
강원도,옥상 달빛 펜션,https://www.booking.com/hotel/kr/rooftop-moonlight-pension.ko.html?label=bdot-P2XUozRl7Uj73QAuByfkUwS267777897793%3Apl%3Ata%3Ap1%3Ap22%2C563%2C000%3Aac%3Aap%3Aneg%3Afi%3Atikwd-576851273475%3Alp1009871%3Ali%3Adec%3Adm%3Appccp%3DUmFuZG9tSVYkc2RlIyh9YUlRwjG4dAJkHxCuUKVzpFo&sid=6501b31231a00a3035b564f903cd02d3&aid=376440&ucfs=1&arphpl=1&group_adults=2&req_adults=2&no_rooms=1&group_children=0&req_children=0&hpos=11&hapos=86&sr_order=popularity&nflt=class%3D3%3Bclass%3D5%3Bclass%3D4&srpvid=276e3983e90e019a&srepoch=1645517448&from=searchresults#hotelTmpl,https://t-cf.bstatic.com/xdata/images/hotel/square200/259394701.webp?k=8e83fdd36c4260f69d52f43d69bcc1e5bd133d5ab7215b1346512bec3367a765&o=&s=1
강원도,펜션 바다와,https://www.booking.com/hotel/kr/eastern-castle.ko.html?label=bdot-P2XUozRl7Uj73QAuByfkUwS267777897793%3Apl%3Ata%3Ap1%3Ap22%2C563%2C000%3Aac%3Aap%3Aneg%3Afi%3Atikwd-576851273475%3Alp1009871%3Ali%3Adec%3Adm%3Appccp%3DUmFuZG9tSVYkc2RlIyh9YUlRwjG4dAJkHxCuUKVzpFo&sid=6501b31231a00a3035b564f903cd02d3&aid=376440&ucfs=1&arphpl=1&group_adults=2&req_adults=2&no_rooms=1&group_children=0&req_children=0&hpos=12&hapos=87&sr_order=popularity&nflt=class%3D3%3Bclass%3D5%3Bclass%3D4&srpvid=276e3983e90e019a&srepoch=1645517448&from=searchresults#hotelTmpl,https://t-cf.bstatic.com/xdata/images/hotel/square200/314184496.webp?k=3e765739a684d7bfc3b493dbb6920dd3eb34ccdcc7426af460d89e8fe7881e18&o=&s=1
강원도,경포우성펜션,https://www.booking.com/hotel/kr/gyeongpo-woosung-pension.ko.html?label=bdot-P2XUozRl7Uj73QAuByfkUwS267777897793%3Apl%3Ata%3Ap1%3Ap22%2C563%2C000%3Aac%3Aap%3Aneg%3Afi%3Atikwd-576851273475%3Alp1009871%3Ali%3Adec%3Adm%3Appccp%3DUmFuZG9tSVYkc2RlIyh9YUlRwjG4dAJkHxCuUKVzpFo&sid=6501b31231a00a3035b564f903cd02d3&aid=376440&ucfs=1&arphpl=1&group_adults=2&req_adults=2&no_rooms=1&group_children=0&req_children=0&hpos=13&hapos=88&sr_order=popularity&nflt=class%3D3%3Bclass%3D5%3Bclass%3D4&srpvid=276e3983e90e019a&srepoch=1645517448&from=searchresults#hotelTmpl,https://t-cf.bstatic.com/xdata/images/hotel/square200/110797553.webp?k=edf057a4a0b2ed14a29fd6b824d2b97048abf1b804758df9096bfca94490c018&o=&s=1
강원도,메이페어 나르샤,https://www.booking.com/hotel/kr/mayfare-narsha-pyeongchang.ko.html?label=bdot-P2XUozRl7Uj73QAuByfkUwS267777897793%3Apl%3Ata%3Ap1%3Ap22%2C563%2C000%3Aac%3Aap%3Aneg%3Afi%3Atikwd-576851273475%3Alp1009871%3Ali%3Adec%3Adm%3Appccp%3DUmFuZG9tSVYkc2RlIyh9YUlRwjG4dAJkHxCuUKVzpFo&sid=6501b31231a00a3035b564f903cd02d3&aid=376440&ucfs=1&arphpl=1&group_adults=2&req_adults=2&no_rooms=1&group_children=0&req_children=0&hpos=14&hapos=89&sr_order=popularity&nflt=class%3D3%3Bclass%3D5%3Bclass%3D4&srpvid=276e3983e90e019a&srepoch=1645517448&from=searchresults#hotelTmpl,https://t-cf.bstatic.com/xdata/images/hotel/square200/122447868.webp?k=63bb25aaade73169bb2a30f230f312350166196f7f6de7ebdfe8c0bfc2a8b7ef&o=&s=1
강원도,나드리 하우스 2,https://www.booking.com/hotel/kr/nadree-house-2.ko.html?label=bdot-P2XUozRl7Uj73QAuByfkUwS267777897793%3Apl%3Ata%3Ap1%3Ap22%2C563%2C000%3Aac%3Aap%3Aneg%3Afi%3Atikwd-576851273475%3Alp1009871%3Ali%3Adec%3Adm%3Appccp%3DUmFuZG9tSVYkc2RlIyh9YUlRwjG4dAJkHxCuUKVzpFo&sid=6501b31231a00a3035b564f903cd02d3&aid=376440&ucfs=1&arphpl=1&group_adults=2&req_adults=2&no_rooms=1&group_children=0&req_children=0&hpos=15&hapos=90&sr_order=popularity&nflt=class%3D3%3Bclass%3D5%3Bclass%3D4&srpvid=276e3983e90e019a&srepoch=1645517448&from=searchresults#hotelTmpl,https://t-cf.bstatic.com/xdata/images/hotel/square200/245379890.webp?k=859a83442b431f676c338acbed86c94dd0532a9db9836d2046c8b0557463ce88&o=&s=1
강원도,이즈미르펜션,https://www.booking.com/hotel/kr/izmir-pension.ko.html?label=bdot-P2XUozRl7Uj73QAuByfkUwS267777897793%3Apl%3Ata%3Ap1%3Ap22%2C563%2C000%3Aac%3Aap%3Aneg%3Afi%3Atikwd-576851273475%3Alp1009871%3Ali%3Adec%3Adm%3Appccp%3DUmFuZG9tSVYkc2RlIyh9YUlRwjG4dAJkHxCuUKVzpFo&sid=6501b31231a00a3035b564f903cd02d3&aid=376440&ucfs=1&arphpl=1&group_adults=2&req_adults=2&no_rooms=1&group_children=0&req_children=0&hpos=16&hapos=91&sr_order=popularity&nflt=class%3D3%3Bclass%3D5%3Bclass%3D4&srpvid=276e3983e90e019a&srepoch=1645517448&from=searchresults#hotelTmpl,https://t-cf.bstatic.com/xdata/images/hotel/square200/110954516.webp?k=03d51a8e77c3d96f46b2f596b6605aee9ab4119257fb1ce2623f9b6987c34f09&o=&s=1
강원도,힐링캠프 예서원,https://www.booking.com/hotel/kr/hilringkaempeu-yeseoweon.ko.html?label=bdot-P2XUozRl7Uj73QAuByfkUwS267777897793%3Apl%3Ata%3Ap1%3Ap22%2C563%2C000%3Aac%3Aap%3Aneg%3Afi%3Atikwd-576851273475%3Alp1009871%3Ali%3Adec%3Adm%3Appccp%3DUmFuZG9tSVYkc2RlIyh9YUlRwjG4dAJkHxCuUKVzpFo&sid=6501b31231a00a3035b564f903cd02d3&aid=376440&ucfs=1&arphpl=1&group_adults=2&req_adults=2&no_rooms=1&group_children=0&req_children=0&hpos=17&hapos=92&sr_order=popularity&nflt=class%3D3%3Bclass%3D5%3Bclass%3D4&srpvid=276e3983e90e019a&srepoch=1645517448&from=searchresults#hotelTmpl,https://t-cf.bstatic.com/xdata/images/hotel/square200/129543968.webp?k=314aab3dfc610830a342708d6c65f2a948705bd6c1d2a33eb6fbf1d5aa97203c&o=&s=1
강원도,해피드림펜션,https://www.booking.com/hotel/kr/happy-dream-pension.ko.html?label=bdot-P2XUozRl7Uj73QAuByfkUwS267777897793%3Apl%3Ata%3Ap1%3Ap22%2C563%2C000%3Aac%3Aap%3Aneg%3Afi%3Atikwd-576851273475%3Alp1009871%3Ali%3Adec%3Adm%3Appccp%3DUmFuZG9tSVYkc2RlIyh9YUlRwjG4dAJkHxCuUKVzpFo&sid=6501b31231a00a3035b564f903cd02d3&aid=376440&ucfs=1&arphpl=1&group_adults=2&req_adults=2&no_rooms=1&group_children=0&req_children=0&hpos=18&hapos=93&sr_order=popularity&nflt=class%3D3%3Bclass%3D5%3Bclass%3D4&srpvid=276e3983e90e019a&srepoch=1645517448&from=searchresults#hotelTmpl,https://t-cf.bstatic.com/xdata/images/hotel/square200/97704124.webp?k=5ef01a644c1123afb02da490dec1538ede0e590fe78d608cebd7c61557817b3c&o=&s=1
강원도,더 마크 속초 레지던스 16층,https://www.booking.com/hotel/kr/deomakeusogcorejideonseu.ko.html?label=bdot-P2XUozRl7Uj73QAuByfkUwS267777897793%3Apl%3Ata%3Ap1%3Ap22%2C563%2C000%3Aac%3Aap%3Aneg%3Afi%3Atikwd-576851273475%3Alp1009871%3Ali%3Adec%3Adm%3Appccp%3DUmFuZG9tSVYkc2RlIyh9YUlRwjG4dAJkHxCuUKVzpFo&sid=6501b31231a00a3035b564f903cd02d3&aid=376440&ucfs=1&arphpl=1&group_adults=2&req_adults=2&no_rooms=1&group_children=0&req_children=0&hpos=19&hapos=94&sr_order=popularity&nflt=class%3D3%3Bclass%3D5%3Bclass%3D4&srpvid=276e3983e90e019a&srepoch=1645517448&from=searchresults#hotelTmpl,https://t-cf.bstatic.com/xdata/images/hotel/square200/342652364.webp?k=d4e87d4fe6873d07c2f8103d75268b62500a6905081ac2c5d2fe502d38fbea29&o=&s=1
강원도,Gyeongpoen Pension,https://www.booking.com/hotel/kr/gyeongpon-pension.ko.html?label=bdot-P2XUozRl7Uj73QAuByfkUwS267777897793%3Apl%3Ata%3Ap1%3Ap22%2C563%2C000%3Aac%3Aap%3Aneg%3Afi%3Atikwd-576851273475%3Alp1009871%3Ali%3Adec%3Adm%3Appccp%3DUmFuZG9tSVYkc2RlIyh9YUlRwjG4dAJkHxCuUKVzpFo&sid=6501b31231a00a3035b564f903cd02d3&aid=376440&ucfs=1&arphpl=1&group_adults=2&req_adults=2&no_rooms=1&group_children=0&req_children=0&hpos=20&hapos=95&sr_order=popularity&nflt=class%3D3%3Bclass%3D5%3Bclass%3D4&srpvid=276e3983e90e019a&srepoch=1645517448&from=searchresults#hotelTmpl,https://t-cf.bstatic.com/xdata/images/hotel/square200/251559315.webp?k=18767d633d688f265cc854ae8a6c5c7a1dbaa86167537e584c00c75975fba277&o=&s=1
강원도,펜션 샐비어,https://www.booking.com/hotel/kr/pensyeon-saelbieo.ko.html?label=bdot-P2XUozRl7Uj73QAuByfkUwS267777897793%3Apl%3Ata%3Ap1%3Ap22%2C563%2C000%3Aac%3Aap%3Aneg%3Afi%3Atikwd-576851273475%3Alp1009871%3Ali%3Adec%3Adm%3Appccp%3DUmFuZG9tSVYkc2RlIyh9YUlRwjG4dAJkHxCuUKVzpFo&sid=6501b31231a00a3035b564f903cd02d3&aid=376440&ucfs=1&arphpl=1&group_adults=2&req_adults=2&no_rooms=1&group_children=0&req_children=0&hpos=21&hapos=96&sr_order=popularity&nflt=class%3D3%3Bclass%3D5%3Bclass%3D4&srpvid=276e3983e90e019a&srepoch=1645517448&from=searchresults#hotelTmpl,https://t-cf.bstatic.com/xdata/images/hotel/square200/230165603.webp?k=f2b117a3443528bacba99a2b1a94c5a91d1007f38bcf3890916ac1d9e07bfbf4&o=&s=1
강원도,오라뷰펜션,https://www.booking.com/hotel/kr/orabyu-pensyeon.ko.html?label=bdot-P2XUozRl7Uj73QAuByfkUwS267777897793%3Apl%3Ata%3Ap1%3Ap22%2C563%2C000%3Aac%3Aap%3Aneg%3Afi%3Atikwd-576851273475%3Alp1009871%3Ali%3Adec%3Adm%3Appccp%3DUmFuZG9tSVYkc2RlIyh9YUlRwjG4dAJkHxCuUKVzpFo&sid=6501b31231a00a3035b564f903cd02d3&aid=376440&ucfs=1&arphpl=1&group_adults=2&req_adults=2&no_rooms=1&group_children=0&req_children=0&hpos=22&hapos=97&sr_order=popularity&nflt=class%3D3%3Bclass%3D5%3Bclass%3D4&srpvid=276e3983e90e019a&srepoch=1645517448&from=searchresults#hotelTmpl,https://t-cf.bstatic.com/xdata/images/hotel/square200/188062697.webp?k=6a489daa73e650c68fcad2fbf6fb0b725e9bd35d10484e7d46a50aaf049cac7a&o=&s=1
강원도,설악의 향기,https://www.booking.com/hotel/kr/casa-seorak-bed-and-breakfast.ko.html?label=bdot-P2XUozRl7Uj73QAuByfkUwS267777897793%3Apl%3Ata%3Ap1%3Ap22%2C563%2C000%3Aac%3Aap%3Aneg%3Afi%3Atikwd-576851273475%3Alp1009871%3Ali%3Adec%3Adm%3Appccp%3DUmFuZG9tSVYkc2RlIyh9YUlRwjG4dAJkHxCuUKVzpFo&sid=6501b31231a00a3035b564f903cd02d3&aid=376440&ucfs=1&arphpl=1&group_adults=2&req_adults=2&no_rooms=1&group_children=0&req_children=0&hpos=23&hapos=98&sr_order=popularity&nflt=class%3D3%3Bclass%3D5%3Bclass%3D4&srpvid=276e3983e90e019a&srepoch=1645517448&from=searchresults#hotelTmpl,https://t-cf.bstatic.com/xdata/images/hotel/square200/42187812.webp?k=39eeb997d95d8de02510691b94b38833d936a4e8e98ef8d0e138fb1a2f4e9a77&o=&s=1
강원도,브라운 펜션,https://www.booking.com/hotel/kr/beuraun-pensyeon.ko.html?label=bdot-P2XUozRl7Uj73QAuByfkUwS267777897793%3Apl%3Ata%3Ap1%3Ap22%2C563%2C000%3Aac%3Aap%3Aneg%3Afi%3Atikwd-576851273475%3Alp1009871%3Ali%3Adec%3Adm%3Appccp%3DUmFuZG9tSVYkc2RlIyh9YUlRwjG4dAJkHxCuUKVzpFo&sid=6501b31231a00a3035b564f903cd02d3&aid=376440&ucfs=1&arphpl=1&group_adults=2&req_adults=2&no_rooms=1&group_children=0&req_children=0&hpos=24&hapos=99&sr_order=popularity&nflt=class%3D3%3Bclass%3D5%3Bclass%3D4&srpvid=276e3983e90e019a&srepoch=1645517448&from=searchresults#hotelTmpl,https://t-cf.bstatic.com/xdata/images/hotel/square200/123659439.webp?k=c1306459cd02b09dafee1a64cb545e7f4a0661721687389236fbb7d4e9d7cdd8&o=&s=1
강원도,속초 에쉐르하우스 펜션,https://www.booking.com/hotel/kr/sokcho-esher-house-pension.ko.html?label=bdot-P2XUozRl7Uj73QAuByfkUwS267777897793%3Apl%3Ata%3Ap1%3Ap22%2C563%2C000%3Aac%3Aap%3Aneg%3Afi%3Atikwd-576851273475%3Alp1009871%3Ali%3Adec%3Adm%3Appccp%3DUmFuZG9tSVYkc2RlIyh9YUlRwjG4dAJkHxCuUKVzpFo&sid=6501b31231a00a3035b564f903cd02d3&aid=376440&ucfs=1&arphpl=1&group_adults=2&req_adults=2&no_rooms=1&group_children=0&req_children=0&hpos=25&hapos=100&sr_order=popularity&nflt=class%3D3%3Bclass%3D5%3Bclass%3D4&srpvid=276e3983e90e019a&srepoch=1645517448&from=searchresults#hotelTmpl,https://t-cf.bstatic.com/xdata/images/hotel/square200/51897311.webp?k=e61091852706f41fa78a3467914256ffe7a6887686175364684cfb7645252280&o=&s=1
강원도,숲앤숲 펜션,https://www.booking.com/hotel/kr/soop-and-soop-pension.ko.html?label=bdot-P2XUozRl7Uj73QAuByfkUwS267777897793%3Apl%3Ata%3Ap1%3Ap22%2C563%2C000%3Aac%3Aap%3Aneg%3Afi%3Atikwd-576851273475%3Alp1009871%3Ali%3Adec%3Adm%3Appccp%3DUmFuZG9tSVYkc2RlIyh9YUlRwjG4dAJkHxCuUKVzpFo&sid=6501b31231a00a3035b564f903cd02d3&aid=376440&ucfs=1&arphpl=1&group_adults=2&req_adults=2&no_rooms=1&group_children=0&req_children=0&hpos=1&hapos=101&sr_order=popularity&nflt=class%3D3%3Bclass%3D5%3Bclass%3D4&srpvid=0a3439821f1c0036&srepoch=1645517445&from=searchresults#hotelTmpl,https://t-cf.bstatic.com/xdata/images/hotel/square200/212071315.webp?k=5e6a0faabe0e7734ee99fe0a1d789bfc27d58d83194a55cfa5f5a7a7657218a1&o=&s=1
강원도,양양 풀빛둥지펜션,https://www.booking.com/hotel/kr/yangyang-pulbicdungjipensyeon.ko.html?label=bdot-P2XUozRl7Uj73QAuByfkUwS267777897793%3Apl%3Ata%3Ap1%3Ap22%2C563%2C000%3Aac%3Aap%3Aneg%3Afi%3Atikwd-576851273475%3Alp1009871%3Ali%3Adec%3Adm%3Appccp%3DUmFuZG9tSVYkc2RlIyh9YUlRwjG4dAJkHxCuUKVzpFo&sid=6501b31231a00a3035b564f903cd02d3&aid=376440&ucfs=1&arphpl=1&group_adults=2&req_adults=2&no_rooms=1&group_children=0&req_children=0&hpos=2&hapos=102&sr_order=popularity&nflt=class%3D3%3Bclass%3D5%3Bclass%3D4&srpvid=0a3439821f1c0036&srepoch=1645517445&from=searchresults#hotelTmpl,https://t-cf.bstatic.com/xdata/images/hotel/square200/213759418.webp?k=d2f02ee43973fd7ea79c01837f4acd655c345cb1ebcdcdbbb345c377c550bd0a&o=&s=1
강원도,휘슬스톱펜션,https://www.booking.com/hotel/kr/whistle-stop-pension.ko.html?label=bdot-P2XUozRl7Uj73QAuByfkUwS267777897793%3Apl%3Ata%3Ap1%3Ap22%2C563%2C000%3Aac%3Aap%3Aneg%3Afi%3Atikwd-576851273475%3Alp1009871%3Ali%3Adec%3Adm%3Appccp%3DUmFuZG9tSVYkc2RlIyh9YUlRwjG4dAJkHxCuUKVzpFo&sid=6501b31231a00a3035b564f903cd02d3&aid=376440&ucfs=1&arphpl=1&group_adults=2&req_adults=2&no_rooms=1&group_children=0&req_children=0&hpos=3&hapos=103&sr_order=popularity&nflt=class%3D3%3Bclass%3D5%3Bclass%3D4&srpvid=0a3439821f1c0036&srepoch=1645517445&from=searchresults#hotelTmpl,https://t-cf.bstatic.com/xdata/images/hotel/square200/268396966.webp?k=237b8eae03b89b6fe7f8d0ba372a5663fdec0d00d76e87d63c649c3f85819e34&o=&s=1
강원도,무지개 황토 펜션,https://www.booking.com/hotel/kr/rainbow-hwangto-pension.ko.html?label=bdot-P2XUozRl7Uj73QAuByfkUwS267777897793%3Apl%3Ata%3Ap1%3Ap22%2C563%2C000%3Aac%3Aap%3Aneg%3Afi%3Atikwd-576851273475%3Alp1009871%3Ali%3Adec%3Adm%3Appccp%3DUmFuZG9tSVYkc2RlIyh9YUlRwjG4dAJkHxCuUKVzpFo&sid=6501b31231a00a3035b564f903cd02d3&aid=376440&ucfs=1&arphpl=1&group_adults=2&req_adults=2&no_rooms=1&group_children=0&req_children=0&hpos=4&hapos=104&sr_order=popularity&nflt=class%3D3%3Bclass%3D5%3Bclass%3D4&srpvid=0a3439821f1c0036&srepoch=1645517445&from=searchresults#hotelTmpl,https://t-cf.bstatic.com/xdata/images/hotel/square200/113514979.webp?k=3c204b3ac33ea64d1b6dc8a81c17b1892a2de34dcd7deb1d485e1796a02d5663&o=&s=1
강원도,리운산장 Liun Cabin,https://www.booking.com/hotel/kr/liun-cabin.ko.html?label=bdot-P2XUozRl7Uj73QAuByfkUwS267777897793%3Apl%3Ata%3Ap1%3Ap22%2C563%2C000%3Aac%3Aap%3Aneg%3Afi%3Atikwd-576851273475%3Alp1009871%3Ali%3Adec%3Adm%3Appccp%3DUmFuZG9tSVYkc2RlIyh9YUlRwjG4dAJkHxCuUKVzpFo&sid=6501b31231a00a3035b564f903cd02d3&aid=376440&ucfs=1&arphpl=1&group_adults=2&req_adults=2&no_rooms=1&group_children=0&req_children=0&hpos=5&hapos=105&sr_order=popularity&nflt=class%3D3%3Bclass%3D5%3Bclass%3D4&srpvid=0a3439821f1c0036&srepoch=1645517445&from=searchresults#hotelTmpl,https://t-cf.bstatic.com/xdata/images/hotel/square200/58858839.webp?k=f4546e88aaf4411c0c30a9a6bb3ff760ee95347efaa1897c4fad9114fc75f545&o=&s=1
강원도,강촌 뷰티풀펜션,https://www.booking.com/hotel/kr/gangchon-beautiful-pension.ko.html?label=bdot-P2XUozRl7Uj73QAuByfkUwS267777897793%3Apl%3Ata%3Ap1%3Ap22%2C563%2C000%3Aac%3Aap%3Aneg%3Afi%3Atikwd-576851273475%3Alp1009871%3Ali%3Adec%3Adm%3Appccp%3DUmFuZG9tSVYkc2RlIyh9YUlRwjG4dAJkHxCuUKVzpFo&sid=6501b31231a00a3035b564f903cd02d3&aid=376440&ucfs=1&arphpl=1&group_adults=2&req_adults=2&no_rooms=1&group_children=0&req_children=0&hpos=6&hapos=106&sr_order=popularity&nflt=class%3D3%3Bclass%3D5%3Bclass%3D4&srpvid=0a3439821f1c0036&srepoch=1645517445&from=searchresults#hotelTmpl,https://t-cf.bstatic.com/xdata/images/hotel/square200/220244829.webp?k=038db6e8934337f7864f1bc81e29d8b9c81546aa74a94e33ce902871b4b684fd&o=&s=1
강원도,강릉 바다보기 펜션,https://www.booking.com/hotel/kr/gangreung-badabogipensyeon.ko.html?label=bdot-P2XUozRl7Uj73QAuByfkUwS267777897793%3Apl%3Ata%3Ap1%3Ap22%2C563%2C000%3Aac%3Aap%3Aneg%3Afi%3Atikwd-576851273475%3Alp1009871%3Ali%3Adec%3Adm%3Appccp%3DUmFuZG9tSVYkc2RlIyh9YUlRwjG4dAJkHxCuUKVzpFo&sid=6501b31231a00a3035b564f903cd02d3&aid=376440&ucfs=1&arphpl=1&group_adults=2&req_adults=2&no_rooms=1&group_children=0&req_children=0&hpos=7&hapos=107&sr_order=popularity&nflt=class%3D3%3Bclass%3D5%3Bclass%3D4&srpvid=0a3439821f1c0036&srepoch=1645517445&from=searchresults#hotelTmpl,https://t-cf.bstatic.com/xdata/images/hotel/square200/100006812.webp?k=fd5afb3ed0d5fba16cb09cc1931b241c9f8d391babf3fbf2a7adabe5e8db9f6c&o=&s=1
강원도,바쏘펜션,https://www.booking.com/hotel/kr/spa-pension-basso.ko.html?label=bdot-P2XUozRl7Uj73QAuByfkUwS267777897793%3Apl%3Ata%3Ap1%3Ap22%2C563%2C000%3Aac%3Aap%3Aneg%3Afi%3Atikwd-576851273475%3Alp1009871%3Ali%3Adec%3Adm%3Appccp%3DUmFuZG9tSVYkc2RlIyh9YUlRwjG4dAJkHxCuUKVzpFo&sid=6501b31231a00a3035b564f903cd02d3&aid=376440&ucfs=1&arphpl=1&group_adults=2&req_adults=2&no_rooms=1&group_children=0&req_children=0&hpos=8&hapos=108&sr_order=popularity&nflt=class%3D3%3Bclass%3D5%3Bclass%3D4&srpvid=0a3439821f1c0036&srepoch=1645517445&from=searchresults#hotelTmpl,https://t-cf.bstatic.com/xdata/images/hotel/square200/67606420.webp?k=23838aaa5c4a69b1231e1bee435c822e0719f10bf599f32280b9ab464d23a21f&o=&s=1
강원도,하늘정원펜션,https://www.booking.com/hotel/kr/haneuljeongweonpensyeon.ko.html?label=bdot-P2XUozRl7Uj73QAuByfkUwS267777897793%3Apl%3Ata%3Ap1%3Ap22%2C563%2C000%3Aac%3Aap%3Aneg%3Afi%3Atikwd-576851273475%3Alp1009871%3Ali%3Adec%3Adm%3Appccp%3DUmFuZG9tSVYkc2RlIyh9YUlRwjG4dAJkHxCuUKVzpFo&sid=6501b31231a00a3035b564f903cd02d3&aid=376440&ucfs=1&arphpl=1&group_adults=2&req_adults=2&no_rooms=1&group_children=0&req_children=0&hpos=9&hapos=109&sr_order=popularity&nflt=class%3D3%3Bclass%3D5%3Bclass%3D4&srpvid=0a3439821f1c0036&srepoch=1645517445&from=searchresults#hotelTmpl,https://t-cf.bstatic.com/xdata/images/hotel/square200/304777194.webp?k=f38ba4ca8a21388d0cd17b664abeddd47f2b15ff06ffb383f2f2b2830bcfb5d0&o=&s=1
강원도,울산바위가 보이는 아파트,https://www.booking.com/hotel/kr/new-sokcho-unbelievable-view-of-ulsanbawi-rock-wifi.ko.html?label=bdot-P2XUozRl7Uj73QAuByfkUwS267777897793%3Apl%3Ata%3Ap1%3Ap22%2C563%2C000%3Aac%3Aap%3Aneg%3Afi%3Atikwd-576851273475%3Alp1009871%3Ali%3Adec%3Adm%3Appccp%3DUmFuZG9tSVYkc2RlIyh9YUlRwjG4dAJkHxCuUKVzpFo&sid=6501b31231a00a3035b564f903cd02d3&aid=376440&ucfs=1&arphpl=1&group_adults=2&req_adults=2&no_rooms=1&group_children=0&req_children=0&hpos=10&hapos=110&sr_order=popularity&nflt=class%3D3%3Bclass%3D5%3Bclass%3D4&srpvid=0a3439821f1c0036&srepoch=1645517445&from=searchresults#hotelTmpl,https://t-cf.bstatic.com/xdata/images/hotel/square200/316186507.webp?k=452df03e1f84691bef025cc9bdf15bd48bc881b3ceeb1a2ebd612bd24c574c17&o=&s=1
강원도,속초 바다앞 주택,https://www.booking.com/hotel/kr/sogco-badaap-jutaeg.ko.html?label=bdot-P2XUozRl7Uj73QAuByfkUwS267777897793%3Apl%3Ata%3Ap1%3Ap22%2C563%2C000%3Aac%3Aap%3Aneg%3Afi%3Atikwd-576851273475%3Alp1009871%3Ali%3Adec%3Adm%3Appccp%3DUmFuZG9tSVYkc2RlIyh9YUlRwjG4dAJkHxCuUKVzpFo&sid=6501b31231a00a3035b564f903cd02d3&aid=376440&ucfs=1&arphpl=1&group_adults=2&req_adults=2&no_rooms=1&group_children=0&req_children=0&hpos=11&hapos=111&sr_order=popularity&nflt=class%3D3%3Bclass%3D5%3Bclass%3D4&srpvid=0a3439821f1c0036&srepoch=1645517445&from=searchresults#hotelTmpl,https://t-cf.bstatic.com/xdata/images/hotel/square200/117014567.webp?k=2bcfc69dc401fff5996594901070b5050d2a943d39463c23ebd90b946263dba1&o=&s=1
강원도,파도가 출러이는 바다,https://www.booking.com/hotel/kr/jeonmangjoheunbada.ko.html?label=bdot-P2XUozRl7Uj73QAuByfkUwS267777897793%3Apl%3Ata%3Ap1%3Ap22%2C563%2C000%3Aac%3Aap%3Aneg%3Afi%3Atikwd-576851273475%3Alp1009871%3Ali%3Adec%3Adm%3Appccp%3DUmFuZG9tSVYkc2RlIyh9YUlRwjG4dAJkHxCuUKVzpFo&sid=6501b31231a00a3035b564f903cd02d3&aid=376440&ucfs=1&arphpl=1&group_adults=2&req_adults=2&no_rooms=1&group_children=0&req_children=0&hpos=12&hapos=112&sr_order=popularity&nflt=class%3D3%3Bclass%3D5%3Bclass%3D4&srpvid=0a3439821f1c0036&srepoch=1645517445&from=searchresults#hotelTmpl,https://t-cf.bstatic.com/xdata/images/hotel/square200/315132035.webp?k=dce739e387c77c538053f2401175ca313458464987fe0a26fe53d053eaff5889&o=&s=1
강원도,금당롯지,https://www.booking.com/hotel/kr/geum-dang-lodge.ko.html?label=bdot-P2XUozRl7Uj73QAuByfkUwS267777897793%3Apl%3Ata%3Ap1%3Ap22%2C563%2C000%3Aac%3Aap%3Aneg%3Afi%3Atikwd-576851273475%3Alp1009871%3Ali%3Adec%3Adm%3Appccp%3DUmFuZG9tSVYkc2RlIyh9YUlRwjG4dAJkHxCuUKVzpFo&sid=6501b31231a00a3035b564f903cd02d3&aid=376440&ucfs=1&arphpl=1&group_adults=2&req_adults=2&no_rooms=1&group_children=0&req_children=0&hpos=13&hapos=113&sr_order=popularity&nflt=class%3D3%3Bclass%3D5%3Bclass%3D4&srpvid=0a3439821f1c0036&srepoch=1645517445&from=searchresults#hotelTmpl,https://t-cf.bstatic.com/xdata/images/hotel/square200/64184439.webp?k=8f8ff34961f3802c3a5cc7ed2ef6112043b822b3812e12bb264d14ad866dd12a&o=&s=1
강원도,잠빌 펜션,https://www.booking.com/hotel/kr/jambilpensyeon.ko.html?label=bdot-P2XUozRl7Uj73QAuByfkUwS267777897793%3Apl%3Ata%3Ap1%3Ap22%2C563%2C000%3Aac%3Aap%3Aneg%3Afi%3Atikwd-576851273475%3Alp1009871%3Ali%3Adec%3Adm%3Appccp%3DUmFuZG9tSVYkc2RlIyh9YUlRwjG4dAJkHxCuUKVzpFo&sid=6501b31231a00a3035b564f903cd02d3&aid=376440&ucfs=1&arphpl=1&group_adults=2&req_adults=2&no_rooms=1&group_children=0&req_children=0&hpos=14&hapos=114&sr_order=popularity&nflt=class%3D3%3Bclass%3D5%3Bclass%3D4&srpvid=0a3439821f1c0036&srepoch=1645517445&from=searchresults#hotelTmpl,https://t-cf.bstatic.com/xdata/images/hotel/square200/269668655.webp?k=83a1a1650b5e65172392c36b81454f296bc4630c30664a95627ea8338a4a3f9d&o=&s=1
강원도,원주중앙시장 근처,https://www.booking.com/hotel/kr/weonjujungangsijang-geunceo.ko.html?label=bdot-P2XUozRl7Uj73QAuByfkUwS267777897793%3Apl%3Ata%3Ap1%3Ap22%2C563%2C000%3Aac%3Aap%3Aneg%3Afi%3Atikwd-576851273475%3Alp1009871%3Ali%3Adec%3Adm%3Appccp%3DUmFuZG9tSVYkc2RlIyh9YUlRwjG4dAJkHxCuUKVzpFo&sid=6501b31231a00a3035b564f903cd02d3&aid=376440&ucfs=1&arphpl=1&group_adults=2&req_adults=2&no_rooms=1&group_children=0&req_children=0&hpos=15&hapos=115&sr_order=popularity&nflt=class%3D3%3Bclass%3D5%3Bclass%3D4&srpvid=0a3439821f1c0036&srepoch=1645517445&from=searchresults#hotelTmpl,https://t-cf.bstatic.com/xdata/images/hotel/square200/331535246.webp?k=1e9b7541b534234ec9f129bfff20221822a50fbb06475c6324aa4b7b8cb9c62b&o=&s=1
강원도,원주 단구동 로데오거리옆 3베드룸 아파트,https://www.booking.com/hotel/kr/weonju-dangudong-rosdesinema-rodeogeoriyeop-apateu-bang3-cimdae3.ko.html?label=bdot-P2XUozRl7Uj73QAuByfkUwS267777897793%3Apl%3Ata%3Ap1%3Ap22%2C563%2C000%3Aac%3Aap%3Aneg%3Afi%3Atikwd-576851273475%3Alp1009871%3Ali%3Adec%3Adm%3Appccp%3DUmFuZG9tSVYkc2RlIyh9YUlRwjG4dAJkHxCuUKVzpFo&sid=6501b31231a00a3035b564f903cd02d3&aid=376440&ucfs=1&arphpl=1&group_adults=2&req_adults=2&no_rooms=1&group_children=0&req_children=0&hpos=16&hapos=116&sr_order=popularity&nflt=class%3D3%3Bclass%3D5%3Bclass%3D4&srpvid=0a3439821f1c0036&srepoch=1645517445&from=searchresults#hotelTmpl,https://t-cf.bstatic.com/xdata/images/hotel/square200/331528266.webp?k=b6333b6c7081d722b531f137b78a3651437a920636ac946fd4fdb4b56365b634&o=&s=1
강원도,숲속의집,https://www.booking.com/hotel/kr/yangyang-supsogyijib.ko.html?label=bdot-P2XUozRl7Uj73QAuByfkUwS267777897793%3Apl%3Ata%3Ap1%3Ap22%2C563%2C000%3Aac%3Aap%3Aneg%3Afi%3Atikwd-576851273475%3Alp1009871%3Ali%3Adec%3Adm%3Appccp%3DUmFuZG9tSVYkc2RlIyh9YUlRwjG4dAJkHxCuUKVzpFo&sid=6501b31231a00a3035b564f903cd02d3&aid=376440&ucfs=1&arphpl=1&group_adults=2&req_adults=2&no_rooms=1&group_children=0&req_children=0&hpos=17&hapos=117&sr_order=popularity&nflt=class%3D3%3Bclass%3D5%3Bclass%3D4&srpvid=0a3439821f1c0036&srepoch=1645517445&from=searchresults#hotelTmpl,https://t-cf.bstatic.com/xdata/images/hotel/square200/94279137.webp?k=63723567d50f4c05c1517c3fb9c1ae1c9a835665715a135456d7529559c57b34&o=&s=1
강원도,대관령 로뎀나무 펜션,https://www.booking.com/hotel/kr/daegwanryeong-rodem-tree-pension.ko.html?label=bdot-P2XUozRl7Uj73QAuByfkUwS267777897793%3Apl%3Ata%3Ap1%3Ap22%2C563%2C000%3Aac%3Aap%3Aneg%3Afi%3Atikwd-576851273475%3Alp1009871%3Ali%3Adec%3Adm%3Appccp%3DUmFuZG9tSVYkc2RlIyh9YUlRwjG4dAJkHxCuUKVzpFo&sid=6501b31231a00a3035b564f903cd02d3&aid=376440&ucfs=1&arphpl=1&group_adults=2&req_adults=2&no_rooms=1&group_children=0&req_children=0&hpos=18&hapos=118&sr_order=popularity&nflt=class%3D3%3Bclass%3D5%3Bclass%3D4&srpvid=0a3439821f1c0036&srepoch=1645517445&from=searchresults#hotelTmpl,https://t-cf.bstatic.com/xdata/images/hotel/square200/116097215.webp?k=0d83b9508d2a1e157ecf4b134503d428ab5ca66970d99aadbb3d7b113a36de82&o=&s=1
