부산,웨스틴 조선 부산,https://www.booking.com/hotel/kr/the-westin-chosun-busan.ko.html?label=bdot-P2XUozRl7Uj73QAuByfkUwS267777897793%3Apl%3Ata%3Ap1%3Ap22%2C563%2C000%3Aac%3Aap%3Aneg%3Afi%3Atikwd-576851273475%3Alp1009871%3Ali%3Adec%3Adm%3Appccp%3DUmFuZG9tSVYkc2RlIyh9YUlRwjG4dAJkHxCuUKVzpFo&sid=6501b31231a00a3035b564f903cd02d3&aid=376440&ucfs=1&arphpl=1&group_adults=2&req_adults=2&no_rooms=1&group_children=0&req_children=0&hpos=1&hapos=1&sr_order=popularity&nflt=class%3D3%3Bclass%3D5%3Bclass%3D4&srpvid=f253395dbd1b00d9&srepoch=1645517372&from=searchresults#hotelTmpl,https://t-cf.bstatic.com/xdata/images/hotel/square200/332675839.webp?k=a15532257e499099181af38a34e2dab8cf501a9d4a4fb0aa43af1ef998053ec6&o=&s=1
부산,롯데 호텔 부산,https://www.booking.com/hotel/kr/lotte-busan.ko.html?label=bdot-P2XUozRl7Uj73QAuByfkUwS267777897793%3Apl%3Ata%3Ap1%3Ap22%2C563%2C000%3Aac%3Aap%3Aneg%3Afi%3Atikwd-576851273475%3Alp1009871%3Ali%3Adec%3Adm%3Appccp%3DUmFuZG9tSVYkc2RlIyh9YUlRwjG4dAJkHxCuUKVzpFo&sid=6501b31231a00a3035b564f903cd02d3&aid=376440&ucfs=1&arphpl=1&group_adults=2&req_adults=2&no_rooms=1&group_children=0&req_children=0&hpos=2&hapos=2&sr_order=popularity&nflt=class%3D3%3Bclass%3D5%3Bclass%3D4&srpvid=f253395dbd1b00d9&srepoch=1645517372&from=searchresults#hotelTmpl,https://t-cf.bstatic.com/xdata/images/hotel/square200/38633775.webp?k=c5c92fb1ba0482b2b1f5ec9c807d846688a0d5d6f93e56b0c5da46c960858ab3&o=&s=1
부산,Ananti Hilton Busan,https://www.booking.com/hotel/kr/hilton-busan.ko.html?label=bdot-P2XUozRl7Uj73QAuByfkUwS267777897793%3Apl%3Ata%3Ap1%3Ap22%2C563%2C000%3Aac%3Aap%3Aneg%3Afi%3Atikwd-576851273475%3Alp1009871%3Ali%3Adec%3Adm%3Appccp%3DUmFuZG9tSVYkc2RlIyh9YUlRwjG4dAJkHxCuUKVzpFo&sid=6501b31231a00a3035b564f903cd02d3&aid=376440&ucfs=1&arphpl=1&group_adults=2&req_adults=2&no_rooms=1&group_children=0&req_children=0&hpos=3&hapos=3&sr_order=popularity&nflt=class%3D3%3Bclass%3D5%3Bclass%3D4&srpvid=f253395dbd1b00d9&srepoch=1645517372&from=searchresults#hotelTmpl,https://t-cf.bstatic.com/xdata/images/hotel/square200/109898106.webp?k=e69e3ac97e92a58d4a1cf0cd1571a8c305367d59528d8d3db1330e874a491763&o=&s=1
부산,시그니엘 부산,https://www.booking.com/hotel/kr/signiel-busan.ko.html?label=bdot-P2XUozRl7Uj73QAuByfkUwS267777897793%3Apl%3Ata%3Ap1%3Ap22%2C563%2C000%3Aac%3Aap%3Aneg%3Afi%3Atikwd-576851273475%3Alp1009871%3Ali%3Adec%3Adm%3Appccp%3DUmFuZG9tSVYkc2RlIyh9YUlRwjG4dAJkHxCuUKVzpFo&sid=6501b31231a00a3035b564f903cd02d3&aid=376440&ucfs=1&arphpl=1&group_adults=2&req_adults=2&no_rooms=1&group_children=0&req_children=0&hpos=4&hapos=4&sr_order=popularity&nflt=class%3D3%3Bclass%3D5%3Bclass%3D4&srpvid=f253395dbd1b00d9&srepoch=1645517372&from=searchresults#hotelTmpl,https://t-cf.bstatic.com/xdata/images/hotel/square200/263192211.webp?k=57e46137bfe9e923fbd0f9ac6d6dcdc7a939f847d69482c4ad24d906fec0b171&o=&s=1
부산,파크하얏트 부산,https://www.booking.com/hotel/kr/park-hyatt-busan.ko.html?label=bdot-P2XUozRl7Uj73QAuByfkUwS267777897793%3Apl%3Ata%3Ap1%3Ap22%2C563%2C000%3Aac%3Aap%3Aneg%3Afi%3Atikwd-576851273475%3Alp1009871%3Ali%3Adec%3Adm%3Appccp%3DUmFuZG9tSVYkc2RlIyh9YUlRwjG4dAJkHxCuUKVzpFo&sid=6501b31231a00a3035b564f903cd02d3&aid=376440&ucfs=1&arphpl=1&group_adults=2&req_adults=2&no_rooms=1&group_children=0&req_children=0&hpos=5&hapos=5&sr_order=popularity&nflt=class%3D3%3Bclass%3D5%3Bclass%3D4&srpvid=f253395dbd1b00d9&srepoch=1645517372&from=searchresults#hotelTmpl,https://t-cf.bstatic.com/xdata/images/hotel/square200/187808120.webp?k=9b07263da343d21b044d7c3df7342e8106a2e8216ba418fcbf32e06e41068282&o=&s=1
부산,파라다이스 호텔 부산,https://www.booking.com/hotel/kr/paradise-busan.ko.html?label=bdot-P2XUozRl7Uj73QAuByfkUwS267777897793%3Apl%3Ata%3Ap1%3Ap22%2C563%2C000%3Aac%3Aap%3Aneg%3Afi%3Atikwd-576851273475%3Alp1009871%3Ali%3Adec%3Adm%3Appccp%3DUmFuZG9tSVYkc2RlIyh9YUlRwjG4dAJkHxCuUKVzpFo&sid=6501b31231a00a3035b564f903cd02d3&aid=376440&ucfs=1&arphpl=1&group_adults=2&req_adults=2&no_rooms=1&group_children=0&req_children=0&hpos=6&hapos=6&sr_order=popularity&nflt=class%3D3%3Bclass%3D5%3Bclass%3D4&srpvid=f253395dbd1b00d9&srepoch=1645517372&from=searchresults#hotelTmpl,https://t-cf.bstatic.com/xdata/images/hotel/square200/89438720.webp?k=e037c96864b46c80b16f1a61636a4341d7f856b38d92b31b6dcf5ddd629b10b7&o=&s=1
부산,그랜드 조선 부산,https://www.booking.com/hotel/kr/grand-josun-busan.ko.html?label=bdot-P2XUozRl7Uj73QAuByfkUwS267777897793%3Apl%3Ata%3Ap1%3Ap22%2C563%2C000%3Aac%3Aap%3Aneg%3Afi%3Atikwd-576851273475%3Alp1009871%3Ali%3Adec%3Adm%3Appccp%3DUmFuZG9tSVYkc2RlIyh9YUlRwjG4dAJkHxCuUKVzpFo&sid=6501b31231a00a3035b564f903cd02d3&aid=376440&ucfs=1&arphpl=1&group_adults=2&req_adults=2&no_rooms=1&group_children=0&req_children=0&hpos=7&hapos=7&sr_order=popularity&nflt=class%3D3%3Bclass%3D5%3Bclass%3D4&srpvid=f253395dbd1b00d9&srepoch=1645517372&from=searchresults#hotelTmpl,https://t-cf.bstatic.com/xdata/images/hotel/square200/274680179.webp?k=2c0ff6780745a4a1beb09f519f0363434cc624f431c46dab842c6ae9241670d7&o=&s=1
부산,농심 호텔,https://www.booking.com/hotel/kr/nongshim.ko.html?label=bdot-P2XUozRl7Uj73QAuByfkUwS267777897793%3Apl%3Ata%3Ap1%3Ap22%2C563%2C000%3Aac%3Aap%3Aneg%3Afi%3Atikwd-576851273475%3Alp1009871%3Ali%3Adec%3Adm%3Appccp%3DUmFuZG9tSVYkc2RlIyh9YUlRwjG4dAJkHxCuUKVzpFo&sid=6501b31231a00a3035b564f903cd02d3&aid=376440&ucfs=1&arphpl=1&group_adults=2&req_adults=2&no_rooms=1&group_children=0&req_children=0&hpos=8&hapos=8&sr_order=popularity&nflt=class%3D3%3Bclass%3D5%3Bclass%3D4&srpvid=f253395dbd1b00d9&srepoch=1645517372&from=searchresults#hotelTmpl,https://t-cf.bstatic.com/xdata/images/hotel/square200/39409238.webp?k=ed5023bea5fd121c04644f6f019e05b7678df305e9cfbaa55f36c7d53ac90e33&o=&s=1
부산,아바니 센트럴 부산,https://www.booking.com/hotel/kr/avani-central-busan.ko.html?label=bdot-P2XUozRl7Uj73QAuByfkUwS267777897793%3Apl%3Ata%3Ap1%3Ap22%2C563%2C000%3Aac%3Aap%3Aneg%3Afi%3Atikwd-576851273475%3Alp1009871%3Ali%3Adec%3Adm%3Appccp%3DUmFuZG9tSVYkc2RlIyh9YUlRwjG4dAJkHxCuUKVzpFo&sid=6501b31231a00a3035b564f903cd02d3&aid=376440&ucfs=1&arphpl=1&group_adults=2&req_adults=2&no_rooms=1&group_children=0&req_children=0&hpos=10&hapos=10&sr_order=popularity&nflt=class%3D3%3Bclass%3D5%3Bclass%3D4&srpvid=f253395dbd1b00d9&srepoch=1645517372&from=searchresults#hotelTmpl,https://t-cf.bstatic.com/xdata/images/hotel/square200/252557499.webp?k=96ab40cdad5ffc1edd9e51ea66d16ea23e58f6dab09ed0d748d79e9f893b898a&o=&s=1
부산,라발스호텔,https://www.booking.com/hotel/kr/la-valse.ko.html?label=bdot-P2XUozRl7Uj73QAuByfkUwS267777897793%3Apl%3Ata%3Ap1%3Ap22%2C563%2C000%3Aac%3Aap%3Aneg%3Afi%3Atikwd-576851273475%3Alp1009871%3Ali%3Adec%3Adm%3Appccp%3DUmFuZG9tSVYkc2RlIyh9YUlRwjG4dAJkHxCuUKVzpFo&sid=6501b31231a00a3035b564f903cd02d3&aid=376440&ucfs=1&arphpl=1&group_adults=2&req_adults=2&no_rooms=1&group_children=0&req_children=0&hpos=11&hapos=11&sr_order=popularity&nflt=class%3D3%3Bclass%3D5%3Bclass%3D4&srpvid=f253395dbd1b00d9&srepoch=1645517372&from=searchresults#hotelTmpl,https://t-cf.bstatic.com/xdata/images/hotel/square200/263864998.webp?k=23e4b9939d15cbb9215143a075e4a6e45ed9c281e4591720bfe4955880a59e8a&o=&s=1
부산,코오롱 씨클라우드 호텔,https://www.booking.com/hotel/kr/seacloud-busan.ko.html?label=bdot-P2XUozRl7Uj73QAuByfkUwS267777897793%3Apl%3Ata%3Ap1%3Ap22%2C563%2C000%3Aac%3Aap%3Aneg%3Afi%3Atikwd-576851273475%3Alp1009871%3Ali%3Adec%3Adm%3Appccp%3DUmFuZG9tSVYkc2RlIyh9YUlRwjG4dAJkHxCuUKVzpFo&sid=6501b31231a00a3035b564f903cd02d3&aid=376440&ucfs=1&arphpl=1&group_adults=2&req_adults=2&no_rooms=1&group_children=0&req_children=0&hpos=12&hapos=12&sr_order=popularity&nflt=class%3D3%3Bclass%3D5%3Bclass%3D4&srpvid=f253395dbd1b00d9&srepoch=1645517372&from=searchresults#hotelTmpl,https://t-cf.bstatic.com/xdata/images/hotel/square200/273531691.webp?k=2af5162c2b3d3feee716628c5f5b5562d1cc64a9a764821930a66c3d1d62a497&o=&s=1
부산,그랜드 엘시티 레지던스,https://www.booking.com/hotel/kr/geuraendeu-elsiti-rejideonseu.ko.html?label=bdot-P2XUozRl7Uj73QAuByfkUwS267777897793%3Apl%3Ata%3Ap1%3Ap22%2C563%2C000%3Aac%3Aap%3Aneg%3Afi%3Atikwd-576851273475%3Alp1009871%3Ali%3Adec%3Adm%3Appccp%3DUmFuZG9tSVYkc2RlIyh9YUlRwjG4dAJkHxCuUKVzpFo&sid=6501b31231a00a3035b564f903cd02d3&aid=376440&ucfs=1&arphpl=1&group_adults=2&req_adults=2&no_rooms=1&group_children=0&req_children=0&hpos=13&hapos=13&sr_order=popularity&nflt=class%3D3%3Bclass%3D5%3Bclass%3D4&srpvid=f253395dbd1b00d9&srepoch=1645517372&from=searchresults#hotelTmpl,https://t-cf.bstatic.com/xdata/images/hotel/square200/269477959.webp?k=0a95978065a0d229e3c466fd5fd2676abd78ec8d78a9c3cd5620d232e27fcfaf&o=&s=1
부산,엘시티 레지던스,https://www.booking.com/hotel/kr/lct-residence-busan.ko.html?label=bdot-P2XUozRl7Uj73QAuByfkUwS267777897793%3Apl%3Ata%3Ap1%3Ap22%2C563%2C000%3Aac%3Aap%3Aneg%3Afi%3Atikwd-576851273475%3Alp1009871%3Ali%3Adec%3Adm%3Appccp%3DUmFuZG9tSVYkc2RlIyh9YUlRwjG4dAJkHxCuUKVzpFo&sid=6501b31231a00a3035b564f903cd02d3&aid=376440&ucfs=1&arphpl=1&group_adults=2&req_adults=2&no_rooms=1&group_children=0&req_children=0&hpos=14&hapos=14&sr_order=popularity&nflt=class%3D3%3Bclass%3D5%3Bclass%3D4&srpvid=f253395dbd1b00d9&srepoch=1645517372&from=searchresults#hotelTmpl,https://t-cf.bstatic.com/xdata/images/hotel/square200/264789500.webp?k=8bf5d182b053cc232dbfe9b7b127861ea85575fb0e957a093e11b834a4523e58&o=&s=1
부산,플레아드 블랑 호텔 & 레지던스,https://www.booking.com/hotel/kr/plea-de-blanc.ko.html?label=bdot-P2XUozRl7Uj73QAuByfkUwS267777897793%3Apl%3Ata%3Ap1%3Ap22%2C563%2C000%3Aac%3Aap%3Aneg%3Afi%3Atikwd-576851273475%3Alp1009871%3Ali%3Adec%3Adm%3Appccp%3DUmFuZG9tSVYkc2RlIyh9YUlRwjG4dAJkHxCuUKVzpFo&sid=6501b31231a00a3035b564f903cd02d3&aid=376440&ucfs=1&arphpl=1&group_adults=2&req_adults=2&no_rooms=1&group_children=0&req_children=0&hpos=15&hapos=15&sr_order=popularity&nflt=class%3D3%3Bclass%3D5%3Bclass%3D4&srpvid=f253395dbd1b00d9&srepoch=1645517372&from=searchresults#hotelTmpl,https://t-cf.bstatic.com/xdata/images/hotel/square200/147117055.webp?k=81283f5330bf1923d30dbceb0a1d7fcd2f977b05adbcd3e12f98763738f8ec2e&o=&s=1
부산,해운대 센트럴 호텔,https://www.booking.com/hotel/kr/haeundaesenteureolhotel.ko.html?label=bdot-P2XUozRl7Uj73QAuByfkUwS267777897793%3Apl%3Ata%3Ap1%3Ap22%2C563%2C000%3Aac%3Aap%3Aneg%3Afi%3Atikwd-576851273475%3Alp1009871%3Ali%3Adec%3Adm%3Appccp%3DUmFuZG9tSVYkc2RlIyh9YUlRwjG4dAJkHxCuUKVzpFo&sid=6501b31231a00a3035b564f903cd02d3&aid=376440&ucfs=1&arphpl=1&group_adults=2&req_adults=2&no_rooms=1&group_children=0&req_children=0&hpos=16&hapos=16&sr_order=popularity&nflt=class%3D3%3Bclass%3D5%3Bclass%3D4&srpvid=f253395dbd1b00d9&srepoch=1645517372&from=searchresults#hotelTmpl,https://t-cf.bstatic.com/xdata/images/hotel/square200/307345115.webp?k=18a2db6be384f65f4569e42a90ede3986e8a23b8173baf8d080fca93829e01c6&o=&s=1
부산,신라스테이 해운대,https://www.booking.com/hotel/kr/shilla-stay-haeundae.ko.html?label=bdot-P2XUozRl7Uj73QAuByfkUwS267777897793%3Apl%3Ata%3Ap1%3Ap22%2C563%2C000%3Aac%3Aap%3Aneg%3Afi%3Atikwd-576851273475%3Alp1009871%3Ali%3Adec%3Adm%3Appccp%3DUmFuZG9tSVYkc2RlIyh9YUlRwjG4dAJkHxCuUKVzpFo&sid=6501b31231a00a3035b564f903cd02d3&aid=376440&ucfs=1&arphpl=1&group_adults=2&req_adults=2&no_rooms=1&group_children=0&req_children=0&hpos=17&hapos=17&sr_order=popularity&nflt=class%3D3%3Bclass%3D5%3Bclass%3D4&srpvid=f253395dbd1b00d9&srepoch=1645517372&from=searchresults#hotelTmpl,https://t-cf.bstatic.com/xdata/images/hotel/square200/96860017.webp?k=3b6646c41ef71666b1de2a39aff6d6ad469db6e4490419bab6251e2fd7688d6b&o=&s=1
부산,지앤비 호텔,https://www.booking.com/hotel/kr/gnb.ko.html?label=bdot-P2XUozRl7Uj73QAuByfkUwS267777897793%3Apl%3Ata%3Ap1%3Ap22%2C563%2C000%3Aac%3Aap%3Aneg%3Afi%3Atikwd-576851273475%3Alp1009871%3Ali%3Adec%3Adm%3Appccp%3DUmFuZG9tSVYkc2RlIyh9YUlRwjG4dAJkHxCuUKVzpFo&sid=6501b31231a00a3035b564f903cd02d3&aid=376440&ucfs=1&arphpl=1&group_adults=2&req_adults=2&no_rooms=1&group_children=0&req_children=0&hpos=18&hapos=18&sr_order=popularity&nflt=class%3D3%3Bclass%3D5%3Bclass%3D4&srpvid=f253395dbd1b00d9&srepoch=1645517373&from=searchresults#hotelTmpl,https://t-cf.bstatic.com/xdata/images/hotel/square200/73971527.webp?k=871b158699e33ac196e79e9b2603eb28108e748c7e784d3bffbeac4e413c9b9a&o=&s=1
부산,베스트웨스턴 해운대 호텔,https://www.booking.com/hotel/kr/best-western-haeundae.ko.html?label=bdot-P2XUozRl7Uj73QAuByfkUwS267777897793%3Apl%3Ata%3Ap1%3Ap22%2C563%2C000%3Aac%3Aap%3Aneg%3Afi%3Atikwd-576851273475%3Alp1009871%3Ali%3Adec%3Adm%3Appccp%3DUmFuZG9tSVYkc2RlIyh9YUlRwjG4dAJkHxCuUKVzpFo&sid=6501b31231a00a3035b564f903cd02d3&aid=376440&ucfs=1&arphpl=1&group_adults=2&req_adults=2&no_rooms=1&group_children=0&req_children=0&hpos=19&hapos=19&sr_order=popularity&nflt=class%3D3%3Bclass%3D5%3Bclass%3D4&srpvid=f253395dbd1b00d9&srepoch=1645517373&from=searchresults#hotelTmpl,https://t-cf.bstatic.com/xdata/images/hotel/square200/114556531.webp?k=b576c7139cd85fb1afb0694ad9d3913634b0353e82a226c8af893870c03ce71a&o=&s=1
부산,베스트 웨스턴 플러스 부산 송도,https://www.booking.com/hotel/kr/best-western-plus-songdo.ko.html?label=bdot-P2XUozRl7Uj73QAuByfkUwS267777897793%3Apl%3Ata%3Ap1%3Ap22%2C563%2C000%3Aac%3Aap%3Aneg%3Afi%3Atikwd-576851273475%3Alp1009871%3Ali%3Adec%3Adm%3Appccp%3DUmFuZG9tSVYkc2RlIyh9YUlRwjG4dAJkHxCuUKVzpFo&sid=6501b31231a00a3035b564f903cd02d3&aid=376440&ucfs=1&arphpl=1&group_adults=2&req_adults=2&no_rooms=1&group_children=0&req_children=0&hpos=20&hapos=20&sr_order=popularity&nflt=class%3D3%3Bclass%3D5%3Bclass%3D4&srpvid=f253395dbd1b00d9&srepoch=1645517373&from=searchresults#hotelTmpl,https://t-cf.bstatic.com/xdata/images/hotel/square200/258914710.webp?k=62ecc5f3e1021e8055aaac859fa95595f8c3fba19e5e632a632ce3c5a2eaadb1&o=&s=1
부산,솔라리아 니시테츠 호텔 부산,https://www.booking.com/hotel/kr/solaria-busan.ko.html?label=bdot-P2XUozRl7Uj73QAuByfkUwS267777897793%3Apl%3Ata%3Ap1%3Ap22%2C563%2C000%3Aac%3Aap%3Aneg%3Afi%3Atikwd-576851273475%3Alp1009871%3Ali%3Adec%3Adm%3Appccp%3DUmFuZG9tSVYkc2RlIyh9YUlRwjG4dAJkHxCuUKVzpFo&sid=6501b31231a00a3035b564f903cd02d3&aid=376440&ucfs=1&arphpl=1&group_adults=2&req_adults=2&no_rooms=1&group_children=0&req_children=0&hpos=21&hapos=21&sr_order=popularity&nflt=class%3D3%3Bclass%3D5%3Bclass%3D4&srpvid=f253395dbd1b00d9&srepoch=1645517373&from=searchresults#hotelTmpl,https://t-cf.bstatic.com/xdata/images/hotel/square200/97840192.webp?k=d08861e3e8e90698c70911e9600d1da857afac97de82801dfdb09fd4f446b063&o=&s=1
부산,센텀 프리미어 호텔,https://www.booking.com/hotel/kr/centum-premier.ko.html?label=bdot-P2XUozRl7Uj73QAuByfkUwS267777897793%3Apl%3Ata%3Ap1%3Ap22%2C563%2C000%3Aac%3Aap%3Aneg%3Afi%3Atikwd-576851273475%3Alp1009871%3Ali%3Adec%3Adm%3Appccp%3DUmFuZG9tSVYkc2RlIyh9YUlRwjG4dAJkHxCuUKVzpFo&sid=6501b31231a00a3035b564f903cd02d3&aid=376440&ucfs=1&arphpl=1&group_adults=2&req_adults=2&no_rooms=1&group_children=0&req_children=0&hpos=22&hapos=22&sr_order=popularity&nflt=class%3D3%3Bclass%3D5%3Bclass%3D4&srpvid=f253395dbd1b00d9&srepoch=1645517373&from=searchresults#hotelTmpl,https://t-cf.bstatic.com/xdata/images/hotel/square200/210722269.webp?k=34b4250dc9667ea23891a7c1f55b7454260bea06cb2b7e9899898d2878500aa7&o=&s=1
부산,해운대 센텀 호텔,https://www.booking.com/hotel/kr/haeundae-centum.ko.html?label=bdot-P2XUozRl7Uj73QAuByfkUwS267777897793%3Apl%3Ata%3Ap1%3Ap22%2C563%2C000%3Aac%3Aap%3Aneg%3Afi%3Atikwd-576851273475%3Alp1009871%3Ali%3Adec%3Adm%3Appccp%3DUmFuZG9tSVYkc2RlIyh9YUlRwjG4dAJkHxCuUKVzpFo&sid=6501b31231a00a3035b564f903cd02d3&aid=376440&ucfs=1&arphpl=1&group_adults=2&req_adults=2&no_rooms=1&group_children=0&req_children=0&hpos=23&hapos=23&sr_order=popularity&nflt=class%3D3%3Bclass%3D5%3Bclass%3D4&srpvid=f253395dbd1b00d9&srepoch=1645517373&from=searchresults#hotelTmpl,https://t-cf.bstatic.com/xdata/images/hotel/square200/222769284.webp?k=383fa7bc5cf24544fabab4b2f619ce53ef6de7d6788ff1ab182c85c9d48d5289&o=&s=1
부산,신라스테이 서부산,https://www.booking.com/hotel/kr/shillastay-seobusan.ko.html?label=bdot-P2XUozRl7Uj73QAuByfkUwS267777897793%3Apl%3Ata%3Ap1%3Ap22%2C563%2C000%3Aac%3Aap%3Aneg%3Afi%3Atikwd-576851273475%3Alp1009871%3Ali%3Adec%3Adm%3Appccp%3DUmFuZG9tSVYkc2RlIyh9YUlRwjG4dAJkHxCuUKVzpFo&sid=6501b31231a00a3035b564f903cd02d3&aid=376440&ucfs=1&arphpl=1&group_adults=2&req_adults=2&no_rooms=1&group_children=0&req_children=0&hpos=24&hapos=24&sr_order=popularity&nflt=class%3D3%3Bclass%3D5%3Bclass%3D4&srpvid=f253395dbd1b00d9&srepoch=1645517373&from=searchresults#hotelTmpl,https://t-cf.bstatic.com/xdata/images/hotel/square200/294310432.webp?k=2adf31fc87d73874da1123a4306b7cc648caf082806a60d41d1d54e7593f7070&o=&s=1
부산,켄트호텔 광안리 by 켄싱턴,https://www.booking.com/hotel/kr/kent-gwangalli.ko.html?label=bdot-P2XUozRl7Uj73QAuByfkUwS267777897793%3Apl%3Ata%3Ap1%3Ap22%2C563%2C000%3Aac%3Aap%3Aneg%3Afi%3Atikwd-576851273475%3Alp1009871%3Ali%3Adec%3Adm%3Appccp%3DUmFuZG9tSVYkc2RlIyh9YUlRwjG4dAJkHxCuUKVzpFo&sid=6501b31231a00a3035b564f903cd02d3&aid=376440&ucfs=1&arphpl=1&group_adults=2&req_adults=2&no_rooms=1&group_children=0&req_children=0&hpos=25&hapos=25&sr_order=popularity&nflt=class%3D3%3Bclass%3D5%3Bclass%3D4&srpvid=f253395dbd1b00d9&srepoch=1645517373&from=searchresults#hotelTmpl,https://t-cf.bstatic.com/xdata/images/hotel/square200/292118469.webp?k=17aa4aa027ad784650b2dd847f3122fdb14b03b921b375078c1b1c76ac75b37e&o=&s=1
부산,그랜드 엘시티 레지던스,https://www.booking.com/hotel/kr/geuraendeu-elsiti-rejideonseu.ko.html?label=bdot-P2XUozRl7Uj73QAuByfkUwS267777897793%3Apl%3Ata%3Ap1%3Ap22%2C563%2C000%3Aac%3Aap%3Aneg%3Afi%3Atikwd-576851273475%3Alp1009871%3Ali%3Adec%3Adm%3Appccp%3DUmFuZG9tSVYkc2RlIyh9YUlRwjG4dAJkHxCuUKVzpFo&sid=6501b31231a00a3035b564f903cd02d3&aid=376440&ucfs=1&arphpl=1&group_adults=2&req_adults=2&no_rooms=1&group_children=0&req_children=0&hpos=1&hapos=26&sr_order=popularity&nflt=class%3D3%3Bclass%3D5%3Bclass%3D4&srpvid=d15b395f603b0249&srepoch=1645517376&from=searchresults#hotelTmpl,https://t-cf.bstatic.com/xdata/images/hotel/square200/269477959.webp?k=0a95978065a0d229e3c466fd5fd2676abd78ec8d78a9c3cd5620d232e27fcfaf&o=&s=1
부산,호텔 아쿠아펠리스,https://www.booking.com/hotel/kr/aqua-palace.ko.html?label=bdot-P2XUozRl7Uj73QAuByfkUwS267777897793%3Apl%3Ata%3Ap1%3Ap22%2C563%2C000%3Aac%3Aap%3Aneg%3Afi%3Atikwd-576851273475%3Alp1009871%3Ali%3Adec%3Adm%3Appccp%3DUmFuZG9tSVYkc2RlIyh9YUlRwjG4dAJkHxCuUKVzpFo&sid=6501b31231a00a3035b564f903cd02d3&aid=376440&ucfs=1&arphpl=1&group_adults=2&req_adults=2&no_rooms=1&group_children=0&req_children=0&hpos=2&hapos=27&sr_order=popularity&nflt=class%3D3%3Bclass%3D5%3Bclass%3D4&srpvid=d15b395f603b0249&srepoch=1645517376&from=searchresults#hotelTmpl,https://t-cf.bstatic.com/xdata/images/hotel/square200/317067198.webp?k=e1fe9118c3d1d20abbd917538c60c8c9a7fa7947fd29b61b18023d8255bb49c5&o=&s=1
부산,엘시티 레지던스,https://www.booking.com/hotel/kr/lct-residence-busan.ko.html?label=bdot-P2XUozRl7Uj73QAuByfkUwS267777897793%3Apl%3Ata%3Ap1%3Ap22%2C563%2C000%3Aac%3Aap%3Aneg%3Afi%3Atikwd-576851273475%3Alp1009871%3Ali%3Adec%3Adm%3Appccp%3DUmFuZG9tSVYkc2RlIyh9YUlRwjG4dAJkHxCuUKVzpFo&sid=6501b31231a00a3035b564f903cd02d3&aid=376440&ucfs=1&arphpl=1&group_adults=2&req_adults=2&no_rooms=1&group_children=0&req_children=0&hpos=3&hapos=28&sr_order=popularity&nflt=class%3D3%3Bclass%3D5%3Bclass%3D4&srpvid=d15b395f603b0249&srepoch=1645517376&from=searchresults#hotelTmpl,https://t-cf.bstatic.com/xdata/images/hotel/square200/264789500.webp?k=8bf5d182b053cc232dbfe9b7b127861ea85575fb0e957a093e11b834a4523e58&o=&s=1
부산,Layers Hotel Hadan,https://www.booking.com/hotel/kr/busan-reieoseuhotel.ko.html?label=bdot-P2XUozRl7Uj73QAuByfkUwS267777897793%3Apl%3Ata%3Ap1%3Ap22%2C563%2C000%3Aac%3Aap%3Aneg%3Afi%3Atikwd-576851273475%3Alp1009871%3Ali%3Adec%3Adm%3Appccp%3DUmFuZG9tSVYkc2RlIyh9YUlRwjG4dAJkHxCuUKVzpFo&sid=6501b31231a00a3035b564f903cd02d3&aid=376440&ucfs=1&arphpl=1&group_adults=2&req_adults=2&no_rooms=1&group_children=0&req_children=0&hpos=4&hapos=29&sr_order=popularity&nflt=class%3D3%3Bclass%3D5%3Bclass%3D4&srpvid=d15b395f603b0249&srepoch=1645517376&from=searchresults#hotelTmpl,https://t-cf.bstatic.com/xdata/images/hotel/square200/309762149.webp?k=87c5f2dfa49ecb95d00bda232618a0728f7342c007e6239a3476f71be6abd4bd&o=&s=1
부산,플레아드 블랑 호텔 & 레지던스,https://www.booking.com/hotel/kr/plea-de-blanc.ko.html?label=bdot-P2XUozRl7Uj73QAuByfkUwS267777897793%3Apl%3Ata%3Ap1%3Ap22%2C563%2C000%3Aac%3Aap%3Aneg%3Afi%3Atikwd-576851273475%3Alp1009871%3Ali%3Adec%3Adm%3Appccp%3DUmFuZG9tSVYkc2RlIyh9YUlRwjG4dAJkHxCuUKVzpFo&sid=6501b31231a00a3035b564f903cd02d3&aid=376440&ucfs=1&arphpl=1&group_adults=2&req_adults=2&no_rooms=1&group_children=0&req_children=0&hpos=5&hapos=30&sr_order=popularity&nflt=class%3D3%3Bclass%3D5%3Bclass%3D4&srpvid=d15b395f603b0249&srepoch=1645517376&from=searchresults#hotelTmpl,https://t-cf.bstatic.com/xdata/images/hotel/square200/147117055.webp?k=81283f5330bf1923d30dbceb0a1d7fcd2f977b05adbcd3e12f98763738f8ec2e&o=&s=1
부산,해운대 센트럴 호텔,https://www.booking.com/hotel/kr/haeundaesenteureolhotel.ko.html?label=bdot-P2XUozRl7Uj73QAuByfkUwS267777897793%3Apl%3Ata%3Ap1%3Ap22%2C563%2C000%3Aac%3Aap%3Aneg%3Afi%3Atikwd-576851273475%3Alp1009871%3Ali%3Adec%3Adm%3Appccp%3DUmFuZG9tSVYkc2RlIyh9YUlRwjG4dAJkHxCuUKVzpFo&sid=6501b31231a00a3035b564f903cd02d3&aid=376440&ucfs=1&arphpl=1&group_adults=2&req_adults=2&no_rooms=1&group_children=0&req_children=0&hpos=6&hapos=31&sr_order=popularity&nflt=class%3D3%3Bclass%3D5%3Bclass%3D4&srpvid=d15b395f603b0249&srepoch=1645517376&from=searchresults#hotelTmpl,https://t-cf.bstatic.com/xdata/images/hotel/square200/307345115.webp?k=18a2db6be384f65f4569e42a90ede3986e8a23b8173baf8d080fca93829e01c6&o=&s=1
부산,부산 비즈니스 호텔,https://www.booking.com/hotel/kr/busan-business-busan.ko.html?label=bdot-P2XUozRl7Uj73QAuByfkUwS267777897793%3Apl%3Ata%3Ap1%3Ap22%2C563%2C000%3Aac%3Aap%3Aneg%3Afi%3Atikwd-576851273475%3Alp1009871%3Ali%3Adec%3Adm%3Appccp%3DUmFuZG9tSVYkc2RlIyh9YUlRwjG4dAJkHxCuUKVzpFo&sid=6501b31231a00a3035b564f903cd02d3&aid=376440&ucfs=1&arphpl=1&group_adults=2&req_adults=2&no_rooms=1&group_children=0&req_children=0&hpos=7&hapos=32&sr_order=popularity&nflt=class%3D3%3Bclass%3D5%3Bclass%3D4&srpvid=d15b395f603b0249&srepoch=1645517376&from=searchresults#hotelTmpl,https://t-cf.bstatic.com/xdata/images/hotel/square200/48952770.webp?k=130e32862208176e1a5851d36bee1d47f6039924491427a6273cffb4aabf816e&o=&s=1
부산,지앤비 호텔,https://www.booking.com/hotel/kr/gnb.ko.html?label=bdot-P2XUozRl7Uj73QAuByfkUwS267777897793%3Apl%3Ata%3Ap1%3Ap22%2C563%2C000%3Aac%3Aap%3Aneg%3Afi%3Atikwd-576851273475%3Alp1009871%3Ali%3Adec%3Adm%3Appccp%3DUmFuZG9tSVYkc2RlIyh9YUlRwjG4dAJkHxCuUKVzpFo&sid=6501b31231a00a3035b564f903cd02d3&aid=376440&ucfs=1&arphpl=1&group_adults=2&req_adults=2&no_rooms=1&group_children=0&req_children=0&hpos=8&hapos=33&sr_order=popularity&nflt=class%3D3%3Bclass%3D5%3Bclass%3D4&srpvid=d15b395f603b0249&srepoch=1645517376&from=searchresults#hotelTmpl,https://t-cf.bstatic.com/xdata/images/hotel/square200/73971527.webp?k=871b158699e33ac196e79e9b2603eb28108e748c7e784d3bffbeac4e413c9b9a&o=&s=1
부산,호텔 더 마크 해운대,https://www.booking.com/hotel/kr/the-mark-haeundae.ko.html?label=bdot-P2XUozRl7Uj73QAuByfkUwS267777897793%3Apl%3Ata%3Ap1%3Ap22%2C563%2C000%3Aac%3Aap%3Aneg%3Afi%3Atikwd-576851273475%3Alp1009871%3Ali%3Adec%3Adm%3Appccp%3DUmFuZG9tSVYkc2RlIyh9YUlRwjG4dAJkHxCuUKVzpFo&sid=6501b31231a00a3035b564f903cd02d3&aid=376440&ucfs=1&arphpl=1&group_adults=2&req_adults=2&no_rooms=1&group_children=0&req_children=0&hpos=9&hapos=34&sr_order=popularity&nflt=class%3D3%3Bclass%3D5%3Bclass%3D4&srpvid=d15b395f603b0249&srepoch=1645517376&from=searchresults#hotelTmpl,https://t-cf.bstatic.com/xdata/images/hotel/square200/165016092.webp?k=f9cbf39c9ca32d0d8df167fa495b352e6549e48d94def8b15b3898d15afae6f6&o=&s=1
부산,솔라리아 니시테츠 호텔 부산,https://www.booking.com/hotel/kr/solaria-busan.ko.html?label=bdot-P2XUozRl7Uj73QAuByfkUwS267777897793%3Apl%3Ata%3Ap1%3Ap22%2C563%2C000%3Aac%3Aap%3Aneg%3Afi%3Atikwd-576851273475%3Alp1009871%3Ali%3Adec%3Adm%3Appccp%3DUmFuZG9tSVYkc2RlIyh9YUlRwjG4dAJkHxCuUKVzpFo&sid=6501b31231a00a3035b564f903cd02d3&aid=376440&ucfs=1&arphpl=1&group_adults=2&req_adults=2&no_rooms=1&group_children=0&req_children=0&hpos=10&hapos=35&sr_order=popularity&nflt=class%3D3%3Bclass%3D5%3Bclass%3D4&srpvid=d15b395f603b0249&srepoch=1645517376&from=searchresults#hotelTmpl,https://t-cf.bstatic.com/xdata/images/hotel/square200/97840192.webp?k=d08861e3e8e90698c70911e9600d1da857afac97de82801dfdb09fd4f446b063&o=&s=1
부산,호텔 벨리아,https://www.booking.com/hotel/kr/bellia-busan.ko.html?label=bdot-P2XUozRl7Uj73QAuByfkUwS267777897793%3Apl%3Ata%3Ap1%3Ap22%2C563%2C000%3Aac%3Aap%3Aneg%3Afi%3Atikwd-576851273475%3Alp1009871%3Ali%3Adec%3Adm%3Appccp%3DUmFuZG9tSVYkc2RlIyh9YUlRwjG4dAJkHxCuUKVzpFo&sid=6501b31231a00a3035b564f903cd02d3&aid=376440&ucfs=1&arphpl=1&group_adults=2&req_adults=2&no_rooms=1&group_children=0&req_children=0&hpos=11&hapos=36&sr_order=popularity&nflt=class%3D3%3Bclass%3D5%3Bclass%3D4&srpvid=d15b395f603b0249&srepoch=1645517376&from=searchresults#hotelTmpl,https://t-cf.bstatic.com/xdata/images/hotel/square200/295159517.webp?k=84a60e095941f33db0470a69a869a2596ca78690f28ab191a4a22ed0cafa46f0&o=&s=1
부산,베이몬드 호텔 해운대,https://www.booking.com/hotel/kr/beimondeu-baymond.ko.html?label=bdot-P2XUozRl7Uj73QAuByfkUwS267777897793%3Apl%3Ata%3Ap1%3Ap22%2C563%2C000%3Aac%3Aap%3Aneg%3Afi%3Atikwd-576851273475%3Alp1009871%3Ali%3Adec%3Adm%3Appccp%3DUmFuZG9tSVYkc2RlIyh9YUlRwjG4dAJkHxCuUKVzpFo&sid=6501b31231a00a3035b564f903cd02d3&aid=376440&ucfs=1&arphpl=1&group_adults=2&req_adults=2&no_rooms=1&group_children=0&req_children=0&hpos=12&hapos=37&sr_order=popularity&nflt=class%3D3%3Bclass%3D5%3Bclass%3D4&srpvid=d15b395f603b0249&srepoch=1645517376&from=searchresults#hotelTmpl,https://t-cf.bstatic.com/xdata/images/hotel/square200/177046394.webp?k=33f6e6c7494b759f7e3ce8203a04889a2ca1a9bf0aca97e8100d465fd8bd682f&o=&s=1
부산,파라곤호텔,https://www.booking.com/hotel/kr/paragon.ko.html?label=bdot-P2XUozRl7Uj73QAuByfkUwS267777897793%3Apl%3Ata%3Ap1%3Ap22%2C563%2C000%3Aac%3Aap%3Aneg%3Afi%3Atikwd-576851273475%3Alp1009871%3Ali%3Adec%3Adm%3Appccp%3DUmFuZG9tSVYkc2RlIyh9YUlRwjG4dAJkHxCuUKVzpFo&sid=6501b31231a00a3035b564f903cd02d3&aid=376440&ucfs=1&arphpl=1&group_adults=2&req_adults=2&no_rooms=1&group_children=0&req_children=0&hpos=13&hapos=38&sr_order=popularity&nflt=class%3D3%3Bclass%3D5%3Bclass%3D4&srpvid=d15b395f603b0249&srepoch=1645517376&from=searchresults#hotelTmpl,https://t-cf.bstatic.com/xdata/images/hotel/square200/14699426.webp?k=cd53fa829f552cd7a51a3906331d18aa7036c39b17413615a370ae23cebc1bd5&o=&s=1
부산,광안리 유토피아 관광 호텔,https://www.booking.com/hotel/kr/gwangalli-utopia.ko.html?label=bdot-P2XUozRl7Uj73QAuByfkUwS267777897793%3Apl%3Ata%3Ap1%3Ap22%2C563%2C000%3Aac%3Aap%3Aneg%3Afi%3Atikwd-576851273475%3Alp1009871%3Ali%3Adec%3Adm%3Appccp%3DUmFuZG9tSVYkc2RlIyh9YUlRwjG4dAJkHxCuUKVzpFo&sid=6501b31231a00a3035b564f903cd02d3&aid=376440&ucfs=1&arphpl=1&group_adults=2&req_adults=2&no_rooms=1&group_children=0&req_children=0&hpos=14&hapos=39&sr_order=popularity&nflt=class%3D3%3Bclass%3D5%3Bclass%3D4&srpvid=d15b395f603b0249&srepoch=1645517376&from=searchresults#hotelTmpl,https://t-cf.bstatic.com/xdata/images/hotel/square200/132864647.webp?k=af9598d57eebdfde3e6b856d9350ec1c05dc97d399c8fc32066ab011e6538537&o=&s=1
부산,해운대 바다 콘도,https://www.booking.com/hotel/kr/haeundae-bada-condo.ko.html?label=bdot-P2XUozRl7Uj73QAuByfkUwS267777897793%3Apl%3Ata%3Ap1%3Ap22%2C563%2C000%3Aac%3Aap%3Aneg%3Afi%3Atikwd-576851273475%3Alp1009871%3Ali%3Adec%3Adm%3Appccp%3DUmFuZG9tSVYkc2RlIyh9YUlRwjG4dAJkHxCuUKVzpFo&sid=6501b31231a00a3035b564f903cd02d3&aid=376440&ucfs=1&arphpl=1&group_adults=2&req_adults=2&no_rooms=1&group_children=0&req_children=0&hpos=15&hapos=40&sr_order=popularity&nflt=class%3D3%3Bclass%3D5%3Bclass%3D4&srpvid=d15b395f603b0249&srepoch=1645517376&from=searchresults#hotelTmpl,https://t-cf.bstatic.com/xdata/images/hotel/square200/95845942.webp?k=3df67e061faa2e207913488e36539a8b0ea01a41c723bd90f74e1ce74b433f90&o=&s=1
부산,토요코인 부산역1호점,https://www.booking.com/hotel/kr/toyoko-inn-busan-no-1.ko.html?label=bdot-P2XUozRl7Uj73QAuByfkUwS267777897793%3Apl%3Ata%3Ap1%3Ap22%2C563%2C000%3Aac%3Aap%3Aneg%3Afi%3Atikwd-576851273475%3Alp1009871%3Ali%3Adec%3Adm%3Appccp%3DUmFuZG9tSVYkc2RlIyh9YUlRwjG4dAJkHxCuUKVzpFo&sid=6501b31231a00a3035b564f903cd02d3&aid=376440&ucfs=1&arphpl=1&group_adults=2&req_adults=2&no_rooms=1&group_children=0&req_children=0&hpos=16&hapos=41&sr_order=popularity&nflt=class%3D3%3Bclass%3D5%3Bclass%3D4&srpvid=d15b395f603b0249&srepoch=1645517376&from=searchresults#hotelTmpl,https://t-cf.bstatic.com/xdata/images/hotel/square200/318134557.webp?k=b8a75a3bae87df4ac2cc3bc99e1a9ae8b472b39d11b9e52fd5301797ef695bd9&o=&s=1
부산,호텔 라온,https://www.booking.com/hotel/kr/laon.ko.html?label=bdot-P2XUozRl7Uj73QAuByfkUwS267777897793%3Apl%3Ata%3Ap1%3Ap22%2C563%2C000%3Aac%3Aap%3Aneg%3Afi%3Atikwd-576851273475%3Alp1009871%3Ali%3Adec%3Adm%3Appccp%3DUmFuZG9tSVYkc2RlIyh9YUlRwjG4dAJkHxCuUKVzpFo&sid=6501b31231a00a3035b564f903cd02d3&aid=376440&ucfs=1&arphpl=1&group_adults=2&req_adults=2&no_rooms=1&group_children=0&req_children=0&hpos=17&hapos=42&sr_order=popularity&nflt=class%3D3%3Bclass%3D5%3Bclass%3D4&srpvid=d15b395f603b0249&srepoch=1645517376&from=searchresults#hotelTmpl,https://t-cf.bstatic.com/xdata/images/hotel/square200/137855165.webp?k=26fba154953c1b5b39bfc590cba8c0fc87331cdfc769e013e36b22dc28e5370a&o=&s=1
부산,하운드 호텔 부산역,https://www.booking.com/hotel/kr/haundeu-busanyeog.ko.html?label=bdot-P2XUozRl7Uj73QAuByfkUwS267777897793%3Apl%3Ata%3Ap1%3Ap22%2C563%2C000%3Aac%3Aap%3Aneg%3Afi%3Atikwd-576851273475%3Alp1009871%3Ali%3Adec%3Adm%3Appccp%3DUmFuZG9tSVYkc2RlIyh9YUlRwjG4dAJkHxCuUKVzpFo&sid=6501b31231a00a3035b564f903cd02d3&aid=376440&ucfs=1&arphpl=1&group_adults=2&req_adults=2&no_rooms=1&group_children=0&req_children=0&hpos=18&hapos=43&sr_order=popularity&nflt=class%3D3%3Bclass%3D5%3Bclass%3D4&srpvid=d15b395f603b0249&srepoch=1645517376&from=searchresults#hotelTmpl,https://t-cf.bstatic.com/xdata/images/hotel/square200/325237034.webp?k=2cbd179da8b537281bd80f41a44390abcce5a54cbcc69d7a52a379a3112c9e7e&o=&s=1
부산,베스트 루이스 해밀턴 호텔 광안점,https://www.booking.com/hotel/kr/beseuteu-ruiseu-haemilteon-gwanganjeom.ko.html?label=bdot-P2XUozRl7Uj73QAuByfkUwS267777897793%3Apl%3Ata%3Ap1%3Ap22%2C563%2C000%3Aac%3Aap%3Aneg%3Afi%3Atikwd-576851273475%3Alp1009871%3Ali%3Adec%3Adm%3Appccp%3DUmFuZG9tSVYkc2RlIyh9YUlRwjG4dAJkHxCuUKVzpFo&sid=6501b31231a00a3035b564f903cd02d3&aid=376440&ucfs=1&arphpl=1&group_adults=2&req_adults=2&no_rooms=1&group_children=0&req_children=0&hpos=19&hapos=44&sr_order=popularity&nflt=class%3D3%3Bclass%3D5%3Bclass%3D4&srpvid=d15b395f603b0249&srepoch=1645517376&from=searchresults#hotelTmpl,https://t-cf.bstatic.com/xdata/images/hotel/square200/251584355.webp?k=2cc8f3def8a8fcff15643b3d952499e50b364814e0c2f2810e49f1513daca7ea&o=&s=1
부산,해운대 에이치 스테이 호텔,https://www.booking.com/hotel/kr/haeundae-h-stay.ko.html?label=bdot-P2XUozRl7Uj73QAuByfkUwS267777897793%3Apl%3Ata%3Ap1%3Ap22%2C563%2C000%3Aac%3Aap%3Aneg%3Afi%3Atikwd-576851273475%3Alp1009871%3Ali%3Adec%3Adm%3Appccp%3DUmFuZG9tSVYkc2RlIyh9YUlRwjG4dAJkHxCuUKVzpFo&sid=6501b31231a00a3035b564f903cd02d3&aid=376440&ucfs=1&arphpl=1&group_adults=2&req_adults=2&no_rooms=1&group_children=0&req_children=0&hpos=20&hapos=45&sr_order=popularity&nflt=class%3D3%3Bclass%3D5%3Bclass%3D4&srpvid=d15b395f603b0249&srepoch=1645517376&from=searchresults#hotelTmpl,https://t-cf.bstatic.com/xdata/images/hotel/square200/308038561.webp?k=dd3d43378a88414a6b025b527aa8a892e319e6234a57bfe99705f10577f4a4ea&o=&s=1
부산,베스트 루이스 해밀턴 호텔 해운대,https://www.booking.com/hotel/kr/best-louis-hamilton.ko.html?label=bdot-P2XUozRl7Uj73QAuByfkUwS267777897793%3Apl%3Ata%3Ap1%3Ap22%2C563%2C000%3Aac%3Aap%3Aneg%3Afi%3Atikwd-576851273475%3Alp1009871%3Ali%3Adec%3Adm%3Appccp%3DUmFuZG9tSVYkc2RlIyh9YUlRwjG4dAJkHxCuUKVzpFo&sid=6501b31231a00a3035b564f903cd02d3&aid=376440&ucfs=1&arphpl=1&group_adults=2&req_adults=2&no_rooms=1&group_children=0&req_children=0&hpos=21&hapos=46&sr_order=popularity&nflt=class%3D3%3Bclass%3D5%3Bclass%3D4&srpvid=d15b395f603b0249&srepoch=1645517376&from=searchresults#hotelTmpl,https://t-cf.bstatic.com/xdata/images/hotel/square200/238309244.webp?k=032d1dbfc562b2d290679777b635faf7e372720e0b3924896022ad44861f58e9&o=&s=1
부산,호텔 일루아,https://www.booking.com/hotel/kr/illua.ko.html?label=bdot-P2XUozRl7Uj73QAuByfkUwS267777897793%3Apl%3Ata%3Ap1%3Ap22%2C563%2C000%3Aac%3Aap%3Aneg%3Afi%3Atikwd-576851273475%3Alp1009871%3Ali%3Adec%3Adm%3Appccp%3DUmFuZG9tSVYkc2RlIyh9YUlRwjG4dAJkHxCuUKVzpFo&sid=6501b31231a00a3035b564f903cd02d3&aid=376440&ucfs=1&arphpl=1&group_adults=2&req_adults=2&no_rooms=1&group_children=0&req_children=0&hpos=22&hapos=47&sr_order=popularity&nflt=class%3D3%3Bclass%3D5%3Bclass%3D4&srpvid=d15b395f603b0249&srepoch=1645517376&from=searchresults#hotelTmpl,https://t-cf.bstatic.com/xdata/images/hotel/square200/29283760.webp?k=cdccc4336f530dee47448ecafe77a310a5d20c503a1410a930b9ffd1e9d2df80&o=&s=1
부산,해운대 마리안느 호텔,https://www.booking.com/hotel/kr/marianne.ko.html?label=bdot-P2XUozRl7Uj73QAuByfkUwS267777897793%3Apl%3Ata%3Ap1%3Ap22%2C563%2C000%3Aac%3Aap%3Aneg%3Afi%3Atikwd-576851273475%3Alp1009871%3Ali%3Adec%3Adm%3Appccp%3DUmFuZG9tSVYkc2RlIyh9YUlRwjG4dAJkHxCuUKVzpFo&sid=6501b31231a00a3035b564f903cd02d3&aid=376440&ucfs=1&arphpl=1&group_adults=2&req_adults=2&no_rooms=1&group_children=0&req_children=0&hpos=23&hapos=48&sr_order=popularity&nflt=class%3D3%3Bclass%3D5%3Bclass%3D4&srpvid=d15b395f603b0249&srepoch=1645517376&from=searchresults#hotelTmpl,https://t-cf.bstatic.com/xdata/images/hotel/square200/82237660.webp?k=1932f675317da289b1b829d3534ee9b1c806b4972dc4cde3a93d877f2c76c9cb&o=&s=1
부산,페어필드 바이 메리어트 부산 송도 비치,https://www.booking.com/hotel/kr/fairfield-by-marriott-busan-songdo-beach.ko.html?label=bdot-P2XUozRl7Uj73QAuByfkUwS267777897793%3Apl%3Ata%3Ap1%3Ap22%2C563%2C000%3Aac%3Aap%3Aneg%3Afi%3Atikwd-576851273475%3Alp1009871%3Ali%3Adec%3Adm%3Appccp%3DUmFuZG9tSVYkc2RlIyh9YUlRwjG4dAJkHxCuUKVzpFo&sid=6501b31231a00a3035b564f903cd02d3&aid=376440&ucfs=1&arphpl=1&group_adults=2&req_adults=2&no_rooms=1&group_children=0&req_children=0&hpos=24&hapos=49&sr_order=popularity&nflt=class%3D3%3Bclass%3D5%3Bclass%3D4&srpvid=d15b395f603b0249&srepoch=1645517376&from=searchresults#hotelTmpl,https://t-cf.bstatic.com/xdata/images/hotel/square200/257562056.webp?k=a57467d9007fe7c2ddf320e396b4fce5942021f260fea82f984cc90f685361ed&o=&s=1
부산,한화리조트 해운대,https://www.booking.com/hotel/kr/hanwha-resort-haeundae.ko.html?label=bdot-P2XUozRl7Uj73QAuByfkUwS267777897793%3Apl%3Ata%3Ap1%3Ap22%2C563%2C000%3Aac%3Aap%3Aneg%3Afi%3Atikwd-576851273475%3Alp1009871%3Ali%3Adec%3Adm%3Appccp%3DUmFuZG9tSVYkc2RlIyh9YUlRwjG4dAJkHxCuUKVzpFo&sid=6501b31231a00a3035b564f903cd02d3&aid=376440&ucfs=1&arphpl=1&group_adults=2&req_adults=2&no_rooms=1&group_children=0&req_children=0&hpos=25&hapos=50&sr_order=popularity&nflt=class%3D3%3Bclass%3D5%3Bclass%3D4&srpvid=d15b395f603b0249&srepoch=1645517376&from=searchresults#hotelTmpl,https://t-cf.bstatic.com/xdata/images/hotel/square200/160674789.webp?k=0a2c2ec5e5c57435591f2077da1b2056e59e427bc408c15098eaa9f6a6971ad8&o=&s=1
부산,호텔포레 프리미어 남포,https://www.booking.com/hotel/kr/foret-premier-nampo.ko.html?label=bdot-P2XUozRl7Uj73QAuByfkUwS267777897793%3Apl%3Ata%3Ap1%3Ap22%2C563%2C000%3Aac%3Aap%3Aneg%3Afi%3Atikwd-576851273475%3Alp1009871%3Ali%3Adec%3Adm%3Appccp%3DUmFuZG9tSVYkc2RlIyh9YUlRwjG4dAJkHxCuUKVzpFo&sid=6501b31231a00a3035b564f903cd02d3&aid=376440&ucfs=1&arphpl=1&group_adults=2&req_adults=2&no_rooms=1&group_children=0&req_children=0&hpos=1&hapos=51&sr_order=popularity&nflt=class%3D3%3Bclass%3D5%3Bclass%3D4&srpvid=40fe395f64430185&srepoch=1645517376&from=searchresults#hotelTmpl,https://cf.bstatic.com/xdata/images/hotel/square200/175301798.webp?k=a1ecc2a45ac7d460059718163e8ddfe7e7272926ff9d7ff9d87e8d3f5fa8f402&o=&s=1
부산,라이온 관광 호텔,https://www.booking.com/hotel/kr/lion.ko.html?label=bdot-P2XUozRl7Uj73QAuByfkUwS267777897793%3Apl%3Ata%3Ap1%3Ap22%2C563%2C000%3Aac%3Aap%3Aneg%3Afi%3Atikwd-576851273475%3Alp1009871%3Ali%3Adec%3Adm%3Appccp%3DUmFuZG9tSVYkc2RlIyh9YUlRwjG4dAJkHxCuUKVzpFo&sid=6501b31231a00a3035b564f903cd02d3&aid=376440&ucfs=1&arphpl=1&group_adults=2&req_adults=2&no_rooms=1&group_children=0&req_children=0&hpos=2&hapos=52&sr_order=popularity&nflt=class%3D3%3Bclass%3D5%3Bclass%3D4&srpvid=40fe395f64430185&srepoch=1645517376&from=searchresults#hotelTmpl,https://cf.bstatic.com/xdata/images/hotel/square200/131687546.webp?k=e931ec5d23a63cd842b5fc612207cc402415afde07af0689b7c543dad2a6fd29&o=&s=1
부산,MS 호텔 해운대,https://www.booking.com/hotel/kr/ms-busan.ko.html?label=bdot-P2XUozRl7Uj73QAuByfkUwS267777897793%3Apl%3Ata%3Ap1%3Ap22%2C563%2C000%3Aac%3Aap%3Aneg%3Afi%3Atikwd-576851273475%3Alp1009871%3Ali%3Adec%3Adm%3Appccp%3DUmFuZG9tSVYkc2RlIyh9YUlRwjG4dAJkHxCuUKVzpFo&sid=6501b31231a00a3035b564f903cd02d3&aid=376440&ucfs=1&arphpl=1&group_adults=2&req_adults=2&no_rooms=1&group_children=0&req_children=0&hpos=3&hapos=53&sr_order=popularity&nflt=class%3D3%3Bclass%3D5%3Bclass%3D4&srpvid=40fe395f64430185&srepoch=1645517376&from=searchresults#hotelTmpl,https://cf.bstatic.com/xdata/images/hotel/square200/314828284.webp?k=d22ecd9a3f198e0af2c31c59c3ac53e4b2e6698b53c50e37bd7cda3862613657&o=&s=1
부산,Maron Hotel Nampo,https://www.booking.com/hotel/kr/bardo.ko.html?label=bdot-P2XUozRl7Uj73QAuByfkUwS267777897793%3Apl%3Ata%3Ap1%3Ap22%2C563%2C000%3Aac%3Aap%3Aneg%3Afi%3Atikwd-576851273475%3Alp1009871%3Ali%3Adec%3Adm%3Appccp%3DUmFuZG9tSVYkc2RlIyh9YUlRwjG4dAJkHxCuUKVzpFo&sid=6501b31231a00a3035b564f903cd02d3&aid=376440&ucfs=1&arphpl=1&group_adults=2&req_adults=2&no_rooms=1&group_children=0&req_children=0&hpos=4&hapos=54&sr_order=popularity&nflt=class%3D3%3Bclass%3D5%3Bclass%3D4&srpvid=40fe395f64430185&srepoch=1645517376&from=searchresults#hotelTmpl,https://cf.bstatic.com/xdata/images/hotel/square200/244157701.webp?k=11c71c93c23ef64a38285405a05d955e81a2bfd99bc4d601b788df1a82e950eb&o=&s=1
부산,YTT Hotel Nampo,https://www.booking.com/hotel/kr/boutique-ytt-nampo.ko.html?label=bdot-P2XUozRl7Uj73QAuByfkUwS267777897793%3Apl%3Ata%3Ap1%3Ap22%2C563%2C000%3Aac%3Aap%3Aneg%3Afi%3Atikwd-576851273475%3Alp1009871%3Ali%3Adec%3Adm%3Appccp%3DUmFuZG9tSVYkc2RlIyh9YUlRwjG4dAJkHxCuUKVzpFo&sid=6501b31231a00a3035b564f903cd02d3&aid=376440&ucfs=1&arphpl=1&group_adults=2&req_adults=2&no_rooms=1&group_children=0&req_children=0&hpos=5&hapos=55&sr_order=popularity&nflt=class%3D3%3Bclass%3D5%3Bclass%3D4&srpvid=40fe395f64430185&srepoch=1645517376&from=searchresults#hotelTmpl,https://cf.bstatic.com/xdata/images/hotel/square200/64275584.webp?k=906710acd58fde3e62fffdf6b288195702d4619b39bad18976a4625715bc5a52&o=&s=1
부산,호텔 경성여관,https://www.booking.com/hotel/kr/kyungsung.ko.html?label=bdot-P2XUozRl7Uj73QAuByfkUwS267777897793%3Apl%3Ata%3Ap1%3Ap22%2C563%2C000%3Aac%3Aap%3Aneg%3Afi%3Atikwd-576851273475%3Alp1009871%3Ali%3Adec%3Adm%3Appccp%3DUmFuZG9tSVYkc2RlIyh9YUlRwjG4dAJkHxCuUKVzpFo&sid=6501b31231a00a3035b564f903cd02d3&aid=376440&ucfs=1&arphpl=1&group_adults=2&req_adults=2&no_rooms=1&group_children=0&req_children=0&hpos=6&hapos=56&sr_order=popularity&nflt=class%3D3%3Bclass%3D5%3Bclass%3D4&srpvid=40fe395f64430185&srepoch=1645517376&from=searchresults#hotelTmpl,https://cf.bstatic.com/xdata/images/hotel/square200/163321022.webp?k=8deb87de5162b6656d2e74c18628bf0ea257e9061fc4bf140b2ec554a21bd605&o=&s=1
부산,더 비에스 호텔 부산역,https://www.booking.com/hotel/kr/the-bs.ko.html?label=bdot-P2XUozRl7Uj73QAuByfkUwS267777897793%3Apl%3Ata%3Ap1%3Ap22%2C563%2C000%3Aac%3Aap%3Aneg%3Afi%3Atikwd-576851273475%3Alp1009871%3Ali%3Adec%3Adm%3Appccp%3DUmFuZG9tSVYkc2RlIyh9YUlRwjG4dAJkHxCuUKVzpFo&sid=6501b31231a00a3035b564f903cd02d3&aid=376440&ucfs=1&arphpl=1&group_adults=2&req_adults=2&no_rooms=1&group_children=0&req_children=0&hpos=7&hapos=57&sr_order=popularity&nflt=class%3D3%3Bclass%3D5%3Bclass%3D4&srpvid=40fe395f64430185&srepoch=1645517376&from=searchresults#hotelTmpl,https://cf.bstatic.com/xdata/images/hotel/square200/50322290.webp?k=207035961cebc1f13922ec80e6b50229b4e74893f543e848d989f08a18b17bb7&o=&s=1
부산,타워힐 호텔,https://www.booking.com/hotel/kr/towerhill.ko.html?label=bdot-P2XUozRl7Uj73QAuByfkUwS267777897793%3Apl%3Ata%3Ap1%3Ap22%2C563%2C000%3Aac%3Aap%3Aneg%3Afi%3Atikwd-576851273475%3Alp1009871%3Ali%3Adec%3Adm%3Appccp%3DUmFuZG9tSVYkc2RlIyh9YUlRwjG4dAJkHxCuUKVzpFo&sid=6501b31231a00a3035b564f903cd02d3&aid=376440&ucfs=1&arphpl=1&group_adults=2&req_adults=2&no_rooms=1&group_children=0&req_children=0&hpos=8&hapos=58&sr_order=popularity&nflt=class%3D3%3Bclass%3D5%3Bclass%3D4&srpvid=40fe395f64430185&srepoch=1645517376&from=searchresults#hotelTmpl,https://cf.bstatic.com/xdata/images/hotel/square200/196159143.webp?k=312f21839739415a10c31ce8af98f8e3d8563b96ed3b003b8d8ba707b5dc3188&o=&s=1
부산,티티 호텔,https://www.booking.com/hotel/kr/tt.ko.html?label=bdot-P2XUozRl7Uj73QAuByfkUwS267777897793%3Apl%3Ata%3Ap1%3Ap22%2C563%2C000%3Aac%3Aap%3Aneg%3Afi%3Atikwd-576851273475%3Alp1009871%3Ali%3Adec%3Adm%3Appccp%3DUmFuZG9tSVYkc2RlIyh9YUlRwjG4dAJkHxCuUKVzpFo&sid=6501b31231a00a3035b564f903cd02d3&aid=376440&ucfs=1&arphpl=1&group_adults=2&req_adults=2&no_rooms=1&group_children=0&req_children=0&hpos=9&hapos=59&sr_order=popularity&nflt=class%3D3%3Bclass%3D5%3Bclass%3D4&srpvid=40fe395f64430185&srepoch=1645517376&from=searchresults#hotelTmpl,https://cf.bstatic.com/xdata/images/hotel/square200/171580163.webp?k=e048044eab353fcdc8fb3bc567ada555d7641e32f69fb4e61922d7a1c909e8d6&o=&s=1
부산,이비스 앰배서더 부산 시티 센터,https://www.booking.com/hotel/kr/ibis-ambassador-busan.ko.html?label=bdot-P2XUozRl7Uj73QAuByfkUwS267777897793%3Apl%3Ata%3Ap1%3Ap22%2C563%2C000%3Aac%3Aap%3Aneg%3Afi%3Atikwd-576851273475%3Alp1009871%3Ali%3Adec%3Adm%3Appccp%3DUmFuZG9tSVYkc2RlIyh9YUlRwjG4dAJkHxCuUKVzpFo&sid=6501b31231a00a3035b564f903cd02d3&aid=376440&ucfs=1&arphpl=1&group_adults=2&req_adults=2&no_rooms=1&group_children=0&req_children=0&hpos=10&hapos=60&sr_order=popularity&nflt=class%3D3%3Bclass%3D5%3Bclass%3D4&srpvid=40fe395f64430185&srepoch=1645517376&from=searchresults#hotelTmpl,https://cf.bstatic.com/xdata/images/hotel/square200/252155685.webp?k=9d76b80795a8303a7658445a0b6c06ac8c0c070b18a769b4faa7d01b3d7f6010&o=&s=1
부산,호텔 라온,https://www.booking.com/hotel/kr/laon.ko.html?label=bdot-P2XUozRl7Uj73QAuByfkUwS267777897793%3Apl%3Ata%3Ap1%3Ap22%2C563%2C000%3Aac%3Aap%3Aneg%3Afi%3Atikwd-576851273475%3Alp1009871%3Ali%3Adec%3Adm%3Appccp%3DUmFuZG9tSVYkc2RlIyh9YUlRwjG4dAJkHxCuUKVzpFo&sid=6501b31231a00a3035b564f903cd02d3&aid=376440&ucfs=1&arphpl=1&group_adults=2&req_adults=2&no_rooms=1&group_children=0&req_children=0&hpos=11&hapos=61&sr_order=popularity&nflt=class%3D3%3Bclass%3D5%3Bclass%3D4&srpvid=40fe395f64430185&srepoch=1645517376&from=searchresults#hotelTmpl,https://cf.bstatic.com/xdata/images/hotel/square200/137855165.webp?k=26fba154953c1b5b39bfc590cba8c0fc87331cdfc769e013e36b22dc28e5370a&o=&s=1
부산,서면 브라운 도트 호텔 골드,https://www.booking.com/hotel/kr/brown-dot-beoncheon.ko.html?label=bdot-P2XUozRl7Uj73QAuByfkUwS267777897793%3Apl%3Ata%3Ap1%3Ap22%2C563%2C000%3Aac%3Aap%3Aneg%3Afi%3Atikwd-576851273475%3Alp1009871%3Ali%3Adec%3Adm%3Appccp%3DUmFuZG9tSVYkc2RlIyh9YUlRwjG4dAJkHxCuUKVzpFo&sid=6501b31231a00a3035b564f903cd02d3&aid=376440&ucfs=1&arphpl=1&group_adults=2&req_adults=2&no_rooms=1&group_children=0&req_children=0&hpos=12&hapos=62&sr_order=popularity&nflt=class%3D3%3Bclass%3D5%3Bclass%3D4&srpvid=40fe395f64430185&srepoch=1645517376&from=searchresults#hotelTmpl,https://cf.bstatic.com/xdata/images/hotel/square200/267828194.webp?k=50ed88d3d8c8c673fbf5533b8ee4d3d1074e7b0ae2099397262b039c288979a9&o=&s=1
부산,브라운도트 비지니스 서면,https://www.booking.com/hotel/kr/browndot-seomyeon-business.ko.html?label=bdot-P2XUozRl7Uj73QAuByfkUwS267777897793%3Apl%3Ata%3Ap1%3Ap22%2C563%2C000%3Aac%3Aap%3Aneg%3Afi%3Atikwd-576851273475%3Alp1009871%3Ali%3Adec%3Adm%3Appccp%3DUmFuZG9tSVYkc2RlIyh9YUlRwjG4dAJkHxCuUKVzpFo&sid=6501b31231a00a3035b564f903cd02d3&aid=376440&ucfs=1&arphpl=1&group_adults=2&req_adults=2&no_rooms=1&group_children=0&req_children=0&hpos=13&hapos=63&sr_order=popularity&nflt=class%3D3%3Bclass%3D5%3Bclass%3D4&srpvid=40fe395f64430185&srepoch=1645517376&from=searchresults#hotelTmpl,https://cf.bstatic.com/xdata/images/hotel/square200/174355715.webp?k=215dee3de1c0f1a4e9b97442d5de54319a943718860c06821ae8606a835d082a&o=&s=1
부산,하운드 호텔 부산역,https://www.booking.com/hotel/kr/haundeu-busanyeog.ko.html?label=bdot-P2XUozRl7Uj73QAuByfkUwS267777897793%3Apl%3Ata%3Ap1%3Ap22%2C563%2C000%3Aac%3Aap%3Aneg%3Afi%3Atikwd-576851273475%3Alp1009871%3Ali%3Adec%3Adm%3Appccp%3DUmFuZG9tSVYkc2RlIyh9YUlRwjG4dAJkHxCuUKVzpFo&sid=6501b31231a00a3035b564f903cd02d3&aid=376440&ucfs=1&arphpl=1&group_adults=2&req_adults=2&no_rooms=1&group_children=0&req_children=0&hpos=14&hapos=64&sr_order=popularity&nflt=class%3D3%3Bclass%3D5%3Bclass%3D4&srpvid=40fe395f64430185&srepoch=1645517376&from=searchresults#hotelTmpl,https://cf.bstatic.com/xdata/images/hotel/square200/325237034.webp?k=2cbd179da8b537281bd80f41a44390abcce5a54cbcc69d7a52a379a3112c9e7e&o=&s=1
부산,노떼 라 미아 호텔,https://www.booking.com/hotel/kr/notte-la-mia.ko.html?label=bdot-P2XUozRl7Uj73QAuByfkUwS267777897793%3Apl%3Ata%3Ap1%3Ap22%2C563%2C000%3Aac%3Aap%3Aneg%3Afi%3Atikwd-576851273475%3Alp1009871%3Ali%3Adec%3Adm%3Appccp%3DUmFuZG9tSVYkc2RlIyh9YUlRwjG4dAJkHxCuUKVzpFo&sid=6501b31231a00a3035b564f903cd02d3&aid=376440&ucfs=1&arphpl=1&group_adults=2&req_adults=2&no_rooms=1&group_children=0&req_children=0&hpos=15&hapos=65&sr_order=popularity&nflt=class%3D3%3Bclass%3D5%3Bclass%3D4&srpvid=40fe395f64430185&srepoch=1645517376&from=searchresults#hotelTmpl,https://cf.bstatic.com/xdata/images/hotel/square200/181951451.webp?k=a6a05a85002e2bbbf23ae7ea010e4df5d27af1adb7f73fe9cd5ea5d0b764abe0&o=&s=1
부산,해운대 에이치 스테이 호텔,https://www.booking.com/hotel/kr/haeundae-h-stay.ko.html?label=bdot-P2XUozRl7Uj73QAuByfkUwS267777897793%3Apl%3Ata%3Ap1%3Ap22%2C563%2C000%3Aac%3Aap%3Aneg%3Afi%3Atikwd-576851273475%3Alp1009871%3Ali%3Adec%3Adm%3Appccp%3DUmFuZG9tSVYkc2RlIyh9YUlRwjG4dAJkHxCuUKVzpFo&sid=6501b31231a00a3035b564f903cd02d3&aid=376440&ucfs=1&arphpl=1&group_adults=2&req_adults=2&no_rooms=1&group_children=0&req_children=0&hpos=16&hapos=66&sr_order=popularity&nflt=class%3D3%3Bclass%3D5%3Bclass%3D4&srpvid=40fe395f64430185&srepoch=1645517376&from=searchresults#hotelTmpl,https://cf.bstatic.com/xdata/images/hotel/square200/308038561.webp?k=dd3d43378a88414a6b025b527aa8a892e319e6234a57bfe99705f10577f4a4ea&o=&s=1
부산,베스트 루이스 해밀턴 호텔 해운대,https://www.booking.com/hotel/kr/best-louis-hamilton.ko.html?label=bdot-P2XUozRl7Uj73QAuByfkUwS267777897793%3Apl%3Ata%3Ap1%3Ap22%2C563%2C000%3Aac%3Aap%3Aneg%3Afi%3Atikwd-576851273475%3Alp1009871%3Ali%3Adec%3Adm%3Appccp%3DUmFuZG9tSVYkc2RlIyh9YUlRwjG4dAJkHxCuUKVzpFo&sid=6501b31231a00a3035b564f903cd02d3&aid=376440&ucfs=1&arphpl=1&group_adults=2&req_adults=2&no_rooms=1&group_children=0&req_children=0&hpos=17&hapos=67&sr_order=popularity&nflt=class%3D3%3Bclass%3D5%3Bclass%3D4&srpvid=40fe395f64430185&srepoch=1645517376&from=searchresults#hotelTmpl,https://cf.bstatic.com/xdata/images/hotel/square200/238309244.webp?k=032d1dbfc562b2d290679777b635faf7e372720e0b3924896022ad44861f58e9&o=&s=1
부산,호텔 런더너 광안점,https://www.booking.com/hotel/kr/londner.ko.html?label=bdot-P2XUozRl7Uj73QAuByfkUwS267777897793%3Apl%3Ata%3Ap1%3Ap22%2C563%2C000%3Aac%3Aap%3Aneg%3Afi%3Atikwd-576851273475%3Alp1009871%3Ali%3Adec%3Adm%3Appccp%3DUmFuZG9tSVYkc2RlIyh9YUlRwjG4dAJkHxCuUKVzpFo&sid=6501b31231a00a3035b564f903cd02d3&aid=376440&ucfs=1&arphpl=1&group_adults=2&req_adults=2&no_rooms=1&group_children=0&req_children=0&hpos=18&hapos=68&sr_order=popularity&nflt=class%3D3%3Bclass%3D5%3Bclass%3D4&srpvid=40fe395f64430185&srepoch=1645517376&from=searchresults#hotelTmpl,https://cf.bstatic.com/xdata/images/hotel/square200/203504155.webp?k=99e7f3e9ba931b8ebcce2df71b122ffe2bf209e68df2b3d45d5e3fdca3bf6f25&o=&s=1
부산,힐사이드 호텔,https://www.booking.com/hotel/kr/hill-side.ko.html?label=bdot-P2XUozRl7Uj73QAuByfkUwS267777897793%3Apl%3Ata%3Ap1%3Ap22%2C563%2C000%3Aac%3Aap%3Aneg%3Afi%3Atikwd-576851273475%3Alp1009871%3Ali%3Adec%3Adm%3Appccp%3DUmFuZG9tSVYkc2RlIyh9YUlRwjG4dAJkHxCuUKVzpFo&sid=6501b31231a00a3035b564f903cd02d3&aid=376440&ucfs=1&arphpl=1&group_adults=2&req_adults=2&no_rooms=1&group_children=0&req_children=0&hpos=19&hapos=69&sr_order=popularity&nflt=class%3D3%3Bclass%3D5%3Bclass%3D4&srpvid=40fe395f64430185&srepoch=1645517376&from=searchresults#hotelTmpl,https://cf.bstatic.com/xdata/images/hotel/square200/251722352.webp?k=f5be61f1aec9e2335fcd1bf616ab63879acf0a6f3487f1771c3628f17b892802&o=&s=1
부산,아몬드 호텔 부산역,https://www.booking.com/hotel/kr/almond.ko.html?label=bdot-P2XUozRl7Uj73QAuByfkUwS267777897793%3Apl%3Ata%3Ap1%3Ap22%2C563%2C000%3Aac%3Aap%3Aneg%3Afi%3Atikwd-576851273475%3Alp1009871%3Ali%3Adec%3Adm%3Appccp%3DUmFuZG9tSVYkc2RlIyh9YUlRwjG4dAJkHxCuUKVzpFo&sid=6501b31231a00a3035b564f903cd02d3&aid=376440&ucfs=1&arphpl=1&group_adults=2&req_adults=2&no_rooms=1&group_children=0&req_children=0&hpos=20&hapos=70&sr_order=popularity&nflt=class%3D3%3Bclass%3D5%3Bclass%3D4&srpvid=40fe395f64430185&srepoch=1645517376&from=searchresults#hotelTmpl,https://cf.bstatic.com/xdata/images/hotel/square200/240869749.webp?k=4d82699c53296b0189490a6581aa1944804077e695d6f56a7b55f1a72bf33a6b&o=&s=1
부산,호텔 일루아,https://www.booking.com/hotel/kr/illua.ko.html?label=bdot-P2XUozRl7Uj73QAuByfkUwS267777897793%3Apl%3Ata%3Ap1%3Ap22%2C563%2C000%3Aac%3Aap%3Aneg%3Afi%3Atikwd-576851273475%3Alp1009871%3Ali%3Adec%3Adm%3Appccp%3DUmFuZG9tSVYkc2RlIyh9YUlRwjG4dAJkHxCuUKVzpFo&sid=6501b31231a00a3035b564f903cd02d3&aid=376440&ucfs=1&arphpl=1&group_adults=2&req_adults=2&no_rooms=1&group_children=0&req_children=0&hpos=21&hapos=71&sr_order=popularity&nflt=class%3D3%3Bclass%3D5%3Bclass%3D4&srpvid=40fe395f64430185&srepoch=1645517376&from=searchresults#hotelTmpl,https://cf.bstatic.com/xdata/images/hotel/square200/29283760.webp?k=cdccc4336f530dee47448ecafe77a310a5d20c503a1410a930b9ffd1e9d2df80&o=&s=1
부산,한화리조트 해운대,https://www.booking.com/hotel/kr/hanwha-resort-haeundae.ko.html?label=bdot-P2XUozRl7Uj73QAuByfkUwS267777897793%3Apl%3Ata%3Ap1%3Ap22%2C563%2C000%3Aac%3Aap%3Aneg%3Afi%3Atikwd-576851273475%3Alp1009871%3Ali%3Adec%3Adm%3Appccp%3DUmFuZG9tSVYkc2RlIyh9YUlRwjG4dAJkHxCuUKVzpFo&sid=6501b31231a00a3035b564f903cd02d3&aid=376440&ucfs=1&arphpl=1&group_adults=2&req_adults=2&no_rooms=1&group_children=0&req_children=0&hpos=22&hapos=72&sr_order=popularity&nflt=class%3D3%3Bclass%3D5%3Bclass%3D4&srpvid=40fe395f64430185&srepoch=1645517376&from=searchresults#hotelTmpl,https://cf.bstatic.com/xdata/images/hotel/square200/160674789.webp?k=0a2c2ec5e5c57435591f2077da1b2056e59e427bc408c15098eaa9f6a6971ad8&o=&s=1
부산,베니키아 호텔 해운대,https://www.booking.com/hotel/kr/benikea-haeundae.ko.html?label=bdot-P2XUozRl7Uj73QAuByfkUwS267777897793%3Apl%3Ata%3Ap1%3Ap22%2C563%2C000%3Aac%3Aap%3Aneg%3Afi%3Atikwd-576851273475%3Alp1009871%3Ali%3Adec%3Adm%3Appccp%3DUmFuZG9tSVYkc2RlIyh9YUlRwjG4dAJkHxCuUKVzpFo&sid=6501b31231a00a3035b564f903cd02d3&aid=376440&ucfs=1&arphpl=1&group_adults=2&req_adults=2&no_rooms=1&group_children=0&req_children=0&hpos=23&hapos=73&sr_order=popularity&nflt=class%3D3%3Bclass%3D5%3Bclass%3D4&srpvid=40fe395f64430185&srepoch=1645517376&from=searchresults#hotelTmpl,https://cf.bstatic.com/xdata/images/hotel/square200/242681355.webp?k=94252f47c63daa7184b9ec71330e696fcf0e1eb1c2561b1e4f2af54d861ed42d&o=&s=1
부산,엘리제 호텔,https://www.booking.com/hotel/kr/elysee-motel.ko.html?label=bdot-P2XUozRl7Uj73QAuByfkUwS267777897793%3Apl%3Ata%3Ap1%3Ap22%2C563%2C000%3Aac%3Aap%3Aneg%3Afi%3Atikwd-576851273475%3Alp1009871%3Ali%3Adec%3Adm%3Appccp%3DUmFuZG9tSVYkc2RlIyh9YUlRwjG4dAJkHxCuUKVzpFo&sid=6501b31231a00a3035b564f903cd02d3&aid=376440&ucfs=1&arphpl=1&group_adults=2&req_adults=2&no_rooms=1&group_children=0&req_children=0&hpos=24&hapos=74&sr_order=popularity&nflt=class%3D3%3Bclass%3D5%3Bclass%3D4&srpvid=40fe395f64430185&srepoch=1645517376&from=searchresults#hotelTmpl,https://cf.bstatic.com/xdata/images/hotel/square200/87407462.webp?k=7bc08db259d524a036abc731eba265b5b3bb85300dae7378f56daa5de0ee6188&o=&s=1
부산,베이하운드호텔,https://www.booking.com/hotel/kr/bay-hound.ko.html?label=bdot-P2XUozRl7Uj73QAuByfkUwS267777897793%3Apl%3Ata%3Ap1%3Ap22%2C563%2C000%3Aac%3Aap%3Aneg%3Afi%3Atikwd-576851273475%3Alp1009871%3Ali%3Adec%3Adm%3Appccp%3DUmFuZG9tSVYkc2RlIyh9YUlRwjG4dAJkHxCuUKVzpFo&sid=6501b31231a00a3035b564f903cd02d3&aid=376440&ucfs=1&arphpl=1&group_adults=2&req_adults=2&no_rooms=1&group_children=0&req_children=0&hpos=25&hapos=75&sr_order=popularity&nflt=class%3D3%3Bclass%3D5%3Bclass%3D4&srpvid=40fe395f64430185&srepoch=1645517376&from=searchresults#hotelTmpl,https://cf.bstatic.com/xdata/images/hotel/square200/90667966.webp?k=cf94fd9a2f1f7dbf7bb7a3e30baacfa11d27233b55bf1b15c299f1481dc6eda1&o=&s=1
부산,호텔 아벤트리 부산,https://www.booking.com/hotel/kr/aventree-busan.ko.html?label=bdot-P2XUozRl7Uj73QAuByfkUwS267777897793%3Apl%3Ata%3Ap1%3Ap22%2C563%2C000%3Aac%3Aap%3Aneg%3Afi%3Atikwd-576851273475%3Alp1009871%3Ali%3Adec%3Adm%3Appccp%3DUmFuZG9tSVYkc2RlIyh9YUlRwjG4dAJkHxCuUKVzpFo&sid=6501b31231a00a3035b564f903cd02d3&aid=376440&ucfs=1&arphpl=1&group_adults=2&req_adults=2&no_rooms=1&group_children=0&req_children=0&hpos=1&hapos=76&sr_order=popularity&nflt=class%3D3%3Bclass%3D5%3Bclass%3D4&srpvid=b348395edc3c0086&srepoch=1645517374&from=searchresults#hotelTmpl,https://t-cf.bstatic.com/xdata/images/hotel/square200/28885923.webp?k=24f81db6f2a9335f5557c75d10779d3104ba95ecf03a9929058e3ac6ad290457&o=&s=1
부산,리베로 호텔,https://www.booking.com/hotel/kr/riviera.ko.html?label=bdot-P2XUozRl7Uj73QAuByfkUwS267777897793%3Apl%3Ata%3Ap1%3Ap22%2C563%2C000%3Aac%3Aap%3Aneg%3Afi%3Atikwd-576851273475%3Alp1009871%3Ali%3Adec%3Adm%3Appccp%3DUmFuZG9tSVYkc2RlIyh9YUlRwjG4dAJkHxCuUKVzpFo&sid=6501b31231a00a3035b564f903cd02d3&aid=376440&ucfs=1&arphpl=1&group_adults=2&req_adults=2&no_rooms=1&group_children=0&req_children=0&hpos=2&hapos=77&sr_order=popularity&nflt=class%3D3%3Bclass%3D5%3Bclass%3D4&srpvid=b348395edc3c0086&srepoch=1645517374&from=searchresults#hotelTmpl,https://t-cf.bstatic.com/xdata/images/hotel/square200/62229038.webp?k=33b523b420686e450140ac94905d3ab14b3e70de14ab41f041d61382adaaad67&o=&s=1
부산,스탠포드 인 부산,https://www.booking.com/hotel/kr/stanford-inn-busan.ko.html?label=bdot-P2XUozRl7Uj73QAuByfkUwS267777897793%3Apl%3Ata%3Ap1%3Ap22%2C563%2C000%3Aac%3Aap%3Aneg%3Afi%3Atikwd-576851273475%3Alp1009871%3Ali%3Adec%3Adm%3Appccp%3DUmFuZG9tSVYkc2RlIyh9YUlRwjG4dAJkHxCuUKVzpFo&sid=6501b31231a00a3035b564f903cd02d3&aid=376440&ucfs=1&arphpl=1&group_adults=2&req_adults=2&no_rooms=1&group_children=0&req_children=0&hpos=3&hapos=78&sr_order=popularity&nflt=class%3D3%3Bclass%3D5%3Bclass%3D4&srpvid=b348395edc3c0086&srepoch=1645517374&from=searchresults#hotelTmpl,https://t-cf.bstatic.com/xdata/images/hotel/square200/223273439.webp?k=9223d8ed03b865a744568faf6d2399325ed28cdcbd86727df2d9c5435b92eadb&o=&s=1
부산,선셋 비지니스 호텔,https://www.booking.com/hotel/kr/sunset-business.ko.html?label=bdot-P2XUozRl7Uj73QAuByfkUwS267777897793%3Apl%3Ata%3Ap1%3Ap22%2C563%2C000%3Aac%3Aap%3Aneg%3Afi%3Atikwd-576851273475%3Alp1009871%3Ali%3Adec%3Adm%3Appccp%3DUmFuZG9tSVYkc2RlIyh9YUlRwjG4dAJkHxCuUKVzpFo&sid=6501b31231a00a3035b564f903cd02d3&aid=376440&ucfs=1&arphpl=1&group_adults=2&req_adults=2&no_rooms=1&group_children=0&req_children=0&hpos=4&hapos=79&sr_order=popularity&nflt=class%3D3%3Bclass%3D5%3Bclass%3D4&srpvid=b348395edc3c0086&srepoch=1645517374&from=searchresults#hotelTmpl,https://t-cf.bstatic.com/xdata/images/hotel/square200/89280084.webp?k=1f824d8ab16a82d70c735736aa56a6186b216fd6cb54b318a20a280607d76023&o=&s=1
부산,K-게스트하우스 해운대 1,https://www.booking.com/hotel/kr/k-guesthouse-haeundae-1.ko.html?label=bdot-P2XUozRl7Uj73QAuByfkUwS267777897793%3Apl%3Ata%3Ap1%3Ap22%2C563%2C000%3Aac%3Aap%3Aneg%3Afi%3Atikwd-576851273475%3Alp1009871%3Ali%3Adec%3Adm%3Appccp%3DUmFuZG9tSVYkc2RlIyh9YUlRwjG4dAJkHxCuUKVzpFo&sid=6501b31231a00a3035b564f903cd02d3&aid=376440&ucfs=1&arphpl=1&group_adults=2&req_adults=2&no_rooms=1&group_children=0&req_children=0&hpos=5&hapos=80&sr_order=popularity&nflt=class%3D3%3Bclass%3D5%3Bclass%3D4&srpvid=b348395edc3c0086&srepoch=1645517374&from=searchresults#hotelTmpl,https://t-cf.bstatic.com/xdata/images/hotel/square200/143063188.webp?k=433aec2c7a6b8666a2443be5eea35b3ddff4a90ec9099e307e9bd637f0c8c4f3&o=&s=1
부산,덴바스타 시그니쳐 호텔,https://www.booking.com/hotel/kr/denbasta-signature.ko.html?label=bdot-P2XUozRl7Uj73QAuByfkUwS267777897793%3Apl%3Ata%3Ap1%3Ap22%2C563%2C000%3Aac%3Aap%3Aneg%3Afi%3Atikwd-576851273475%3Alp1009871%3Ali%3Adec%3Adm%3Appccp%3DUmFuZG9tSVYkc2RlIyh9YUlRwjG4dAJkHxCuUKVzpFo&sid=6501b31231a00a3035b564f903cd02d3&aid=376440&ucfs=1&arphpl=1&group_adults=2&req_adults=2&no_rooms=1&group_children=0&req_children=0&hpos=6&hapos=81&sr_order=popularity&nflt=class%3D3%3Bclass%3D5%3Bclass%3D4&srpvid=b348395edc3c0086&srepoch=1645517375&from=searchresults#hotelTmpl,https://t-cf.bstatic.com/xdata/images/hotel/square200/314167348.webp?k=8ed4270d09ba8376696d96bb4c58306570c6620cbacc7d10a14c01b7d7b7614e&o=&s=1
부산,노스하버호텔,https://www.booking.com/hotel/kr/noseuhabeohotel.ko.html?label=bdot-P2XUozRl7Uj73QAuByfkUwS267777897793%3Apl%3Ata%3Ap1%3Ap22%2C563%2C000%3Aac%3Aap%3Aneg%3Afi%3Atikwd-576851273475%3Alp1009871%3Ali%3Adec%3Adm%3Appccp%3DUmFuZG9tSVYkc2RlIyh9YUlRwjG4dAJkHxCuUKVzpFo&sid=6501b31231a00a3035b564f903cd02d3&aid=376440&ucfs=1&arphpl=1&group_adults=2&req_adults=2&no_rooms=1&group_children=0&req_children=0&hpos=7&hapos=82&sr_order=popularity&nflt=class%3D3%3Bclass%3D5%3Bclass%3D4&srpvid=b348395edc3c0086&srepoch=1645517375&from=searchresults#hotelTmpl,https://t-cf.bstatic.com/xdata/images/hotel/square200/316826842.webp?k=6364df6505bd6875c83a510052a2c7467ac0eacebe3f09c90d8454735bf43776&o=&s=1
부산,K 게스트하우스 프리미엄 남포 1,https://www.booking.com/hotel/kr/k-guesthouse-premium-nampo-1.ko.html?label=bdot-P2XUozRl7Uj73QAuByfkUwS267777897793%3Apl%3Ata%3Ap1%3Ap22%2C563%2C000%3Aac%3Aap%3Aneg%3Afi%3Atikwd-576851273475%3Alp1009871%3Ali%3Adec%3Adm%3Appccp%3DUmFuZG9tSVYkc2RlIyh9YUlRwjG4dAJkHxCuUKVzpFo&sid=6501b31231a00a3035b564f903cd02d3&aid=376440&ucfs=1&arphpl=1&group_adults=2&req_adults=2&no_rooms=1&group_children=0&req_children=0&hpos=8&hapos=83&sr_order=popularity&nflt=class%3D3%3Bclass%3D5%3Bclass%3D4&srpvid=b348395edc3c0086&srepoch=1645517375&from=searchresults#hotelTmpl,https://t-cf.bstatic.com/xdata/images/hotel/square200/85500853.webp?k=777a8fc23690e5d58cbe6a9c51772cce5bed54ef03d6bf77264d3361945bc09b&o=&s=1
부산,AG405 호텔,https://www.booking.com/hotel/kr/castle-beach-busan.ko.html?label=bdot-P2XUozRl7Uj73QAuByfkUwS267777897793%3Apl%3Ata%3Ap1%3Ap22%2C563%2C000%3Aac%3Aap%3Aneg%3Afi%3Atikwd-576851273475%3Alp1009871%3Ali%3Adec%3Adm%3Appccp%3DUmFuZG9tSVYkc2RlIyh9YUlRwjG4dAJkHxCuUKVzpFo&sid=6501b31231a00a3035b564f903cd02d3&aid=376440&ucfs=1&arphpl=1&group_adults=2&req_adults=2&no_rooms=1&group_children=0&req_children=0&hpos=9&hapos=84&sr_order=popularity&nflt=class%3D3%3Bclass%3D5%3Bclass%3D4&srpvid=b348395edc3c0086&srepoch=1645517375&from=searchresults#hotelTmpl,https://t-cf.bstatic.com/xdata/images/hotel/square200/304747728.webp?k=b1936f24665ae0e873010a144bca7c48f1ab6782c34706c3ac7002360adf0fc7&o=&s=1
부산,호텔 케니 기장,https://www.booking.com/hotel/kr/hotelkeni-gijangjeom.ko.html?label=bdot-P2XUozRl7Uj73QAuByfkUwS267777897793%3Apl%3Ata%3Ap1%3Ap22%2C563%2C000%3Aac%3Aap%3Aneg%3Afi%3Atikwd-576851273475%3Alp1009871%3Ali%3Adec%3Adm%3Appccp%3DUmFuZG9tSVYkc2RlIyh9YUlRwjG4dAJkHxCuUKVzpFo&sid=6501b31231a00a3035b564f903cd02d3&aid=376440&ucfs=1&arphpl=1&group_adults=2&req_adults=2&no_rooms=1&group_children=0&req_children=0&hpos=10&hapos=85&sr_order=popularity&nflt=class%3D3%3Bclass%3D5%3Bclass%3D4&srpvid=b348395edc3c0086&srepoch=1645517375&from=searchresults#hotelTmpl,https://t-cf.bstatic.com/xdata/images/hotel/square200/339572479.webp?k=91c3dbc1b0871670bcb708f750ddc06a435140eaf82e4d71fb4766f4e3faa30d&o=&s=1
부산,홈호텔,https://www.booking.com/hotel/kr/home-busan.ko.html?label=bdot-P2XUozRl7Uj73QAuByfkUwS267777897793%3Apl%3Ata%3Ap1%3Ap22%2C563%2C000%3Aac%3Aap%3Aneg%3Afi%3Atikwd-576851273475%3Alp1009871%3Ali%3Adec%3Adm%3Appccp%3DUmFuZG9tSVYkc2RlIyh9YUlRwjG4dAJkHxCuUKVzpFo&sid=6501b31231a00a3035b564f903cd02d3&aid=376440&ucfs=1&arphpl=1&group_adults=2&req_adults=2&no_rooms=1&group_children=0&req_children=0&hpos=11&hapos=86&sr_order=popularity&nflt=class%3D3%3Bclass%3D5%3Bclass%3D4&srpvid=b348395edc3c0086&srepoch=1645517375&from=searchresults#hotelTmpl,https://t-cf.bstatic.com/xdata/images/hotel/square200/41125122.webp?k=2e02f1af1727b11660906f2019d970d753395ec7d8f4b0baae65f8664ed969e9&o=&s=1
부산,호텔 에어포트,https://www.booking.com/hotel/kr/airport.ko.html?label=bdot-P2XUozRl7Uj73QAuByfkUwS267777897793%3Apl%3Ata%3Ap1%3Ap22%2C563%2C000%3Aac%3Aap%3Aneg%3Afi%3Atikwd-576851273475%3Alp1009871%3Ali%3Adec%3Adm%3Appccp%3DUmFuZG9tSVYkc2RlIyh9YUlRwjG4dAJkHxCuUKVzpFo&sid=6501b31231a00a3035b564f903cd02d3&aid=376440&ucfs=1&arphpl=1&group_adults=2&req_adults=2&no_rooms=1&group_children=0&req_children=0&hpos=12&hapos=87&sr_order=popularity&nflt=class%3D3%3Bclass%3D5%3Bclass%3D4&srpvid=b348395edc3c0086&srepoch=1645517375&from=searchresults#hotelTmpl,https://t-cf.bstatic.com/xdata/images/hotel/square200/85124353.webp?k=1f65bcd7dc07f2f5f067743a987f07ea1eee2be366938e3fa4f1753e95d38022&o=&s=1
부산,송정 호텔 블루캐슬,https://www.booking.com/hotel/kr/blue-castle-songjoeong.ko.html?label=bdot-P2XUozRl7Uj73QAuByfkUwS267777897793%3Apl%3Ata%3Ap1%3Ap22%2C563%2C000%3Aac%3Aap%3Aneg%3Afi%3Atikwd-576851273475%3Alp1009871%3Ali%3Adec%3Adm%3Appccp%3DUmFuZG9tSVYkc2RlIyh9YUlRwjG4dAJkHxCuUKVzpFo&sid=6501b31231a00a3035b564f903cd02d3&aid=376440&ucfs=1&arphpl=1&group_adults=2&req_adults=2&no_rooms=1&group_children=0&req_children=0&hpos=13&hapos=88&sr_order=popularity&nflt=class%3D3%3Bclass%3D5%3Bclass%3D4&srpvid=b348395edc3c0086&srepoch=1645517375&from=searchresults#hotelTmpl,https://t-cf.bstatic.com/xdata/images/hotel/square200/317035025.webp?k=7b47df9938ede8fcb3b8d9f76b23776eee1bdfb1bcc7a34439d5f4067942efb8&o=&s=1
부산,브라운 도트 부산역 스카이 가든,https://www.booking.com/hotel/kr/brown-dot-busan-station.ko.html?label=bdot-P2XUozRl7Uj73QAuByfkUwS267777897793%3Apl%3Ata%3Ap1%3Ap22%2C563%2C000%3Aac%3Aap%3Aneg%3Afi%3Atikwd-576851273475%3Alp1009871%3Ali%3Adec%3Adm%3Appccp%3DUmFuZG9tSVYkc2RlIyh9YUlRwjG4dAJkHxCuUKVzpFo&sid=6501b31231a00a3035b564f903cd02d3&aid=376440&ucfs=1&arphpl=1&group_adults=2&req_adults=2&no_rooms=1&group_children=0&req_children=0&hpos=14&hapos=89&sr_order=popularity&nflt=class%3D3%3Bclass%3D5%3Bclass%3D4&srpvid=b348395edc3c0086&srepoch=1645517375&from=searchresults#hotelTmpl,https://t-cf.bstatic.com/xdata/images/hotel/square200/239601255.webp?k=b5add8d7bfa898d63be7632e3f6b9299cd564a43340fc4c5fb20720fa26a7a96&o=&s=1
부산,에어 스카이 관광 호텔,https://www.booking.com/hotel/kr/eeoseukaigwangwanghotel.ko.html?label=bdot-P2XUozRl7Uj73QAuByfkUwS267777897793%3Apl%3Ata%3Ap1%3Ap22%2C563%2C000%3Aac%3Aap%3Aneg%3Afi%3Atikwd-576851273475%3Alp1009871%3Ali%3Adec%3Adm%3Appccp%3DUmFuZG9tSVYkc2RlIyh9YUlRwjG4dAJkHxCuUKVzpFo&sid=6501b31231a00a3035b564f903cd02d3&aid=376440&ucfs=1&arphpl=1&group_adults=2&req_adults=2&no_rooms=1&group_children=0&req_children=0&hpos=15&hapos=90&sr_order=popularity&nflt=class%3D3%3Bclass%3D5%3Bclass%3D4&srpvid=b348395edc3c0086&srepoch=1645517375&from=searchresults#hotelTmpl,https://t-cf.bstatic.com/xdata/images/hotel/square200/182419816.webp?k=1b006ced7e3c7da5cd049043d2f271f5f509ab0bd291435efc2504f93a806e05&o=&s=1
부산,더 비에스 호텔 부산역,https://www.booking.com/hotel/kr/the-bs.ko.html?label=bdot-P2XUozRl7Uj73QAuByfkUwS267777897793%3Apl%3Ata%3Ap1%3Ap22%2C563%2C000%3Aac%3Aap%3Aneg%3Afi%3Atikwd-576851273475%3Alp1009871%3Ali%3Adec%3Adm%3Appccp%3DUmFuZG9tSVYkc2RlIyh9YUlRwjG4dAJkHxCuUKVzpFo&sid=6501b31231a00a3035b564f903cd02d3&aid=376440&ucfs=1&arphpl=1&group_adults=2&req_adults=2&no_rooms=1&group_children=0&req_children=0&hpos=16&hapos=91&sr_order=popularity&nflt=class%3D3%3Bclass%3D5%3Bclass%3D4&srpvid=b348395edc3c0086&srepoch=1645517375&from=searchresults#hotelTmpl,https://t-cf.bstatic.com/xdata/images/hotel/square200/50322290.webp?k=207035961cebc1f13922ec80e6b50229b4e74893f543e848d989f08a18b17bb7&o=&s=1
부산,부산 명지 씨엘오션호텔,https://www.booking.com/hotel/kr/busan-myeongji-ssielosyeonhotel.ko.html?label=bdot-P2XUozRl7Uj73QAuByfkUwS267777897793%3Apl%3Ata%3Ap1%3Ap22%2C563%2C000%3Aac%3Aap%3Aneg%3Afi%3Atikwd-576851273475%3Alp1009871%3Ali%3Adec%3Adm%3Appccp%3DUmFuZG9tSVYkc2RlIyh9YUlRwjG4dAJkHxCuUKVzpFo&sid=6501b31231a00a3035b564f903cd02d3&aid=376440&ucfs=1&arphpl=1&group_adults=2&req_adults=2&no_rooms=1&group_children=0&req_children=0&hpos=17&hapos=92&sr_order=popularity&nflt=class%3D3%3Bclass%3D5%3Bclass%3D4&srpvid=b348395edc3c0086&srepoch=1645517375&from=searchresults#hotelTmpl,https://t-cf.bstatic.com/xdata/images/hotel/square200/271339684.webp?k=044588f6627c6dc8009cab73003dbadaaae7ef5208044b3fdcab94304477ed86&o=&s=1
부산,남포 하운드 호텔 프리미어,https://www.booking.com/hotel/kr/hound-bupyeong.ko.html?label=bdot-P2XUozRl7Uj73QAuByfkUwS267777897793%3Apl%3Ata%3Ap1%3Ap22%2C563%2C000%3Aac%3Aap%3Aneg%3Afi%3Atikwd-576851273475%3Alp1009871%3Ali%3Adec%3Adm%3Appccp%3DUmFuZG9tSVYkc2RlIyh9YUlRwjG4dAJkHxCuUKVzpFo&sid=6501b31231a00a3035b564f903cd02d3&aid=376440&ucfs=1&arphpl=1&group_adults=2&req_adults=2&no_rooms=1&group_children=0&req_children=0&hpos=18&hapos=93&sr_order=popularity&nflt=class%3D3%3Bclass%3D5%3Bclass%3D4&srpvid=b348395edc3c0086&srepoch=1645517375&from=searchresults#hotelTmpl,https://t-cf.bstatic.com/xdata/images/hotel/square200/143124617.webp?k=1e3aa5774d57e0aab1dfa32e9a5a3cd0d1d99c8c2b00a0701b1cbba4892f4514&o=&s=1
부산,K-게스트하우스 서면 1,https://www.booking.com/hotel/kr/k-guesthouse-seomyeon-1.ko.html?label=bdot-P2XUozRl7Uj73QAuByfkUwS267777897793%3Apl%3Ata%3Ap1%3Ap22%2C563%2C000%3Aac%3Aap%3Aneg%3Afi%3Atikwd-576851273475%3Alp1009871%3Ali%3Adec%3Adm%3Appccp%3DUmFuZG9tSVYkc2RlIyh9YUlRwjG4dAJkHxCuUKVzpFo&sid=6501b31231a00a3035b564f903cd02d3&aid=376440&ucfs=1&arphpl=1&group_adults=2&req_adults=2&no_rooms=1&group_children=0&req_children=0&hpos=19&hapos=94&sr_order=popularity&nflt=class%3D3%3Bclass%3D5%3Bclass%3D4&srpvid=b348395edc3c0086&srepoch=1645517375&from=searchresults#hotelTmpl,https://t-cf.bstatic.com/xdata/images/hotel/square200/143289382.webp?k=7f836f4da2a9b8814dcfd3dcc7bded295c6fc54c15014de3e479ea7c055c8ab0&o=&s=1
부산,헤르몬 호텔 강서,https://www.booking.com/hotel/kr/hereumon-gangseo.ko.html?label=bdot-P2XUozRl7Uj73QAuByfkUwS267777897793%3Apl%3Ata%3Ap1%3Ap22%2C563%2C000%3Aac%3Aap%3Aneg%3Afi%3Atikwd-576851273475%3Alp1009871%3Ali%3Adec%3Adm%3Appccp%3DUmFuZG9tSVYkc2RlIyh9YUlRwjG4dAJkHxCuUKVzpFo&sid=6501b31231a00a3035b564f903cd02d3&aid=376440&ucfs=1&arphpl=1&group_adults=2&req_adults=2&no_rooms=1&group_children=0&req_children=0&hpos=20&hapos=95&sr_order=popularity&nflt=class%3D3%3Bclass%3D5%3Bclass%3D4&srpvid=b348395edc3c0086&srepoch=1645517375&from=searchresults#hotelTmpl,https://t-cf.bstatic.com/xdata/images/hotel/square200/279872507.webp?k=234bb2c5dd94065f091f5ac6c83764fbcd68bf557626e43e825d559723c6528e&o=&s=1
부산,LALA VIANCO BUSINESS Hotel,https://www.booking.com/hotel/kr/rarabiankohotel.ko.html?label=bdot-P2XUozRl7Uj73QAuByfkUwS267777897793%3Apl%3Ata%3Ap1%3Ap22%2C563%2C000%3Aac%3Aap%3Aneg%3Afi%3Atikwd-576851273475%3Alp1009871%3Ali%3Adec%3Adm%3Appccp%3DUmFuZG9tSVYkc2RlIyh9YUlRwjG4dAJkHxCuUKVzpFo&sid=6501b31231a00a3035b564f903cd02d3&aid=376440&ucfs=1&arphpl=1&group_adults=2&req_adults=2&no_rooms=1&group_children=0&req_children=0&hpos=21&hapos=96&sr_order=popularity&nflt=class%3D3%3Bclass%3D5%3Bclass%3D4&srpvid=b348395edc3c0086&srepoch=1645517375&from=searchresults#hotelTmpl,https://t-cf.bstatic.com/xdata/images/hotel/square200/255504211.webp?k=6023127ba378221510f476717f231685b7116b8c2bcc9f25b2d2b5f2743ced11&o=&s=1
부산,광장 호텔,https://www.booking.com/hotel/kr/gwang-jang.ko.html?label=bdot-P2XUozRl7Uj73QAuByfkUwS267777897793%3Apl%3Ata%3Ap1%3Ap22%2C563%2C000%3Aac%3Aap%3Aneg%3Afi%3Atikwd-576851273475%3Alp1009871%3Ali%3Adec%3Adm%3Appccp%3DUmFuZG9tSVYkc2RlIyh9YUlRwjG4dAJkHxCuUKVzpFo&sid=6501b31231a00a3035b564f903cd02d3&aid=376440&ucfs=1&arphpl=1&group_adults=2&req_adults=2&no_rooms=1&group_children=0&req_children=0&hpos=22&hapos=97&sr_order=popularity&nflt=class%3D3%3Bclass%3D5%3Bclass%3D4&srpvid=b348395edc3c0086&srepoch=1645517375&from=searchresults#hotelTmpl,https://t-cf.bstatic.com/xdata/images/hotel/square200/285113128.webp?k=4d4a653fd9bf86d900c07568d22fc524683663b4128a30282df309005c33643c&o=&s=1
부산,송정 호텔,https://www.booking.com/hotel/kr/songjung.ko.html?label=bdot-P2XUozRl7Uj73QAuByfkUwS267777897793%3Apl%3Ata%3Ap1%3Ap22%2C563%2C000%3Aac%3Aap%3Aneg%3Afi%3Atikwd-576851273475%3Alp1009871%3Ali%3Adec%3Adm%3Appccp%3DUmFuZG9tSVYkc2RlIyh9YUlRwjG4dAJkHxCuUKVzpFo&sid=6501b31231a00a3035b564f903cd02d3&aid=376440&ucfs=1&arphpl=1&group_adults=2&req_adults=2&no_rooms=1&group_children=0&req_children=0&hpos=23&hapos=98&sr_order=popularity&nflt=class%3D3%3Bclass%3D5%3Bclass%3D4&srpvid=b348395edc3c0086&srepoch=1645517375&from=searchresults#hotelTmpl,https://t-cf.bstatic.com/xdata/images/hotel/square200/294630776.webp?k=ff805f5f960420b944f1107db8b02aef389680f1505d4f3c14d35f42ae93e177&o=&s=1
부산,이스턴앰버 호텔,https://www.booking.com/hotel/kr/eastern-amber.ko.html?label=bdot-P2XUozRl7Uj73QAuByfkUwS267777897793%3Apl%3Ata%3Ap1%3Ap22%2C563%2C000%3Aac%3Aap%3Aneg%3Afi%3Atikwd-576851273475%3Alp1009871%3Ali%3Adec%3Adm%3Appccp%3DUmFuZG9tSVYkc2RlIyh9YUlRwjG4dAJkHxCuUKVzpFo&sid=6501b31231a00a3035b564f903cd02d3&aid=376440&ucfs=1&arphpl=1&group_adults=2&req_adults=2&no_rooms=1&group_children=0&req_children=0&hpos=24&hapos=99&sr_order=popularity&nflt=class%3D3%3Bclass%3D5%3Bclass%3D4&srpvid=b348395edc3c0086&srepoch=1645517375&from=searchresults#hotelTmpl,https://t-cf.bstatic.com/xdata/images/hotel/square200/296893949.webp?k=c4b849703d1edfadb91fb8450498b68fb89d4b237e8abf4e6a47359c16c6b0d2&o=&s=1
부산,브라운 도트 호텔 미남,https://www.booking.com/hotel/kr/brown-dot-minam.ko.html?label=bdot-P2XUozRl7Uj73QAuByfkUwS267777897793%3Apl%3Ata%3Ap1%3Ap22%2C563%2C000%3Aac%3Aap%3Aneg%3Afi%3Atikwd-576851273475%3Alp1009871%3Ali%3Adec%3Adm%3Appccp%3DUmFuZG9tSVYkc2RlIyh9YUlRwjG4dAJkHxCuUKVzpFo&sid=6501b31231a00a3035b564f903cd02d3&aid=376440&ucfs=1&arphpl=1&group_adults=2&req_adults=2&no_rooms=1&group_children=0&req_children=0&hpos=25&hapos=100&sr_order=popularity&nflt=class%3D3%3Bclass%3D5%3Bclass%3D4&srpvid=b348395edc3c0086&srepoch=1645517375&from=searchresults#hotelTmpl,https://t-cf.bstatic.com/xdata/images/hotel/square200/264270910.webp?k=bffcbab2f2d30853a3cdccd78aba900287e797ae156a323ed2a08d659d0d3f67&o=&s=1
부산,이스턴앰버 호텔,https://www.booking.com/hotel/kr/eastern-amber.ko.html?label=bdot-P2XUozRl7Uj73QAuByfkUwS267777897793%3Apl%3Ata%3Ap1%3Ap22%2C563%2C000%3Aac%3Aap%3Aneg%3Afi%3Atikwd-576851273475%3Alp1009871%3Ali%3Adec%3Adm%3Appccp%3DUmFuZG9tSVYkc2RlIyh9YUlRwjG4dAJkHxCuUKVzpFo&sid=6501b31231a00a3035b564f903cd02d3&aid=376440&ucfs=1&arphpl=1&group_adults=2&req_adults=2&no_rooms=1&group_children=0&req_children=0&hpos=1&hapos=101&sr_order=popularity&nflt=class%3D3%3Bclass%3D5%3Bclass%3D4&srpvid=5971395e94d40230&srepoch=1645517374&from=searchresults#hotelTmpl,https://cf.bstatic.com/xdata/images/hotel/square200/296893949.webp?k=c4b849703d1edfadb91fb8450498b68fb89d4b237e8abf4e6a47359c16c6b0d2&o=&s=1
부산,브라운 도트 호텔 미남,https://www.booking.com/hotel/kr/brown-dot-minam.ko.html?label=bdot-P2XUozRl7Uj73QAuByfkUwS267777897793%3Apl%3Ata%3Ap1%3Ap22%2C563%2C000%3Aac%3Aap%3Aneg%3Afi%3Atikwd-576851273475%3Alp1009871%3Ali%3Adec%3Adm%3Appccp%3DUmFuZG9tSVYkc2RlIyh9YUlRwjG4dAJkHxCuUKVzpFo&sid=6501b31231a00a3035b564f903cd02d3&aid=376440&ucfs=1&arphpl=1&group_adults=2&req_adults=2&no_rooms=1&group_children=0&req_children=0&hpos=2&hapos=102&sr_order=popularity&nflt=class%3D3%3Bclass%3D5%3Bclass%3D4&srpvid=5971395e94d40230&srepoch=1645517374&from=searchresults#hotelTmpl,https://cf.bstatic.com/xdata/images/hotel/square200/264270910.webp?k=bffcbab2f2d30853a3cdccd78aba900287e797ae156a323ed2a08d659d0d3f67&o=&s=1
부산,부산 라메르 호텔,https://www.booking.com/hotel/kr/lamer.ko.html?label=bdot-P2XUozRl7Uj73QAuByfkUwS267777897793%3Apl%3Ata%3Ap1%3Ap22%2C563%2C000%3Aac%3Aap%3Aneg%3Afi%3Atikwd-576851273475%3Alp1009871%3Ali%3Adec%3Adm%3Appccp%3DUmFuZG9tSVYkc2RlIyh9YUlRwjG4dAJkHxCuUKVzpFo&sid=6501b31231a00a3035b564f903cd02d3&aid=376440&ucfs=1&arphpl=1&group_adults=2&req_adults=2&no_rooms=1&group_children=0&req_children=0&hpos=3&hapos=103&sr_order=popularity&nflt=class%3D3%3Bclass%3D5%3Bclass%3D4&srpvid=5971395e94d40230&srepoch=1645517374&from=searchresults#hotelTmpl,https://cf.bstatic.com/xdata/images/hotel/square200/335993744.webp?k=32ccfd32e59a4ece3650e61536585f22e388766b5834404bfcd7ae852ac4b744&o=&s=1
부산,시애틀비 호텔,https://www.booking.com/hotel/kr/seattle-b.ko.html?label=bdot-P2XUozRl7Uj73QAuByfkUwS267777897793%3Apl%3Ata%3Ap1%3Ap22%2C563%2C000%3Aac%3Aap%3Aneg%3Afi%3Atikwd-576851273475%3Alp1009871%3Ali%3Adec%3Adm%3Appccp%3DUmFuZG9tSVYkc2RlIyh9YUlRwjG4dAJkHxCuUKVzpFo&sid=6501b31231a00a3035b564f903cd02d3&aid=376440&ucfs=1&arphpl=1&group_adults=2&req_adults=2&no_rooms=1&group_children=0&req_children=0&hpos=4&hapos=104&sr_order=popularity&nflt=class%3D3%3Bclass%3D5%3Bclass%3D4&srpvid=5971395e94d40230&srepoch=1645517374&from=searchresults#hotelTmpl,https://cf.bstatic.com/xdata/images/hotel/square200/236662284.webp?k=eb507ff670c70f0f2f2221e6a210747f77ffab29052fc1c188e24b1e8214d7e3&o=&s=1
부산,오이아 호텔 다대포,https://www.booking.com/hotel/kr/oia.ko.html?label=bdot-P2XUozRl7Uj73QAuByfkUwS267777897793%3Apl%3Ata%3Ap1%3Ap22%2C563%2C000%3Aac%3Aap%3Aneg%3Afi%3Atikwd-576851273475%3Alp1009871%3Ali%3Adec%3Adm%3Appccp%3DUmFuZG9tSVYkc2RlIyh9YUlRwjG4dAJkHxCuUKVzpFo&sid=6501b31231a00a3035b564f903cd02d3&aid=376440&ucfs=1&arphpl=1&group_adults=2&req_adults=2&no_rooms=1&group_children=0&req_children=0&hpos=5&hapos=105&sr_order=popularity&nflt=class%3D3%3Bclass%3D5%3Bclass%3D4&srpvid=5971395e94d40230&srepoch=1645517374&from=searchresults#hotelTmpl,https://cf.bstatic.com/xdata/images/hotel/square200/133913049.webp?k=71fb2586368dd15dbd84fdce149f1897d90d6a4a2fbcd0a329e31a9f3eea6e54&o=&s=1
부산,부산 뷰 호텔 부산역,https://www.booking.com/hotel/kr/busanbyuhotel.ko.html?label=bdot-P2XUozRl7Uj73QAuByfkUwS267777897793%3Apl%3Ata%3Ap1%3Ap22%2C563%2C000%3Aac%3Aap%3Aneg%3Afi%3Atikwd-576851273475%3Alp1009871%3Ali%3Adec%3Adm%3Appccp%3DUmFuZG9tSVYkc2RlIyh9YUlRwjG4dAJkHxCuUKVzpFo&sid=6501b31231a00a3035b564f903cd02d3&aid=376440&ucfs=1&arphpl=1&group_adults=2&req_adults=2&no_rooms=1&group_children=0&req_children=0&hpos=6&hapos=106&sr_order=popularity&nflt=class%3D3%3Bclass%3D5%3Bclass%3D4&srpvid=5971395e94d40230&srepoch=1645517374&from=searchresults#hotelTmpl,https://cf.bstatic.com/xdata/images/hotel/square200/161128278.webp?k=0d808b95199e4f641b7556964b68562d2bded1b6ed38477896d9cefbdcc8190a&o=&s=1
부산,마마 게스트하우스 해운대,https://www.booking.com/hotel/kr/k-guesthouse-haeundae2.ko.html?label=bdot-P2XUozRl7Uj73QAuByfkUwS267777897793%3Apl%3Ata%3Ap1%3Ap22%2C563%2C000%3Aac%3Aap%3Aneg%3Afi%3Atikwd-576851273475%3Alp1009871%3Ali%3Adec%3Adm%3Appccp%3DUmFuZG9tSVYkc2RlIyh9YUlRwjG4dAJkHxCuUKVzpFo&sid=6501b31231a00a3035b564f903cd02d3&aid=376440&ucfs=1&arphpl=1&group_adults=2&req_adults=2&no_rooms=1&group_children=0&req_children=0&hpos=7&hapos=107&sr_order=popularity&nflt=class%3D3%3Bclass%3D5%3Bclass%3D4&srpvid=5971395e94d40230&srepoch=1645517374&from=searchresults#hotelTmpl,https://cf.bstatic.com/xdata/images/hotel/square200/265743299.webp?k=4e8e5ccbafd0eec2e13ceb3b6e14514adceaf778899b49f46ef113c379ed79c4&o=&s=1
부산,브라운도트 호텔 사상 르네시떼,https://www.booking.com/hotel/kr/beuraundoteu-sasang-reunesidde.ko.html?label=bdot-P2XUozRl7Uj73QAuByfkUwS267777897793%3Apl%3Ata%3Ap1%3Ap22%2C563%2C000%3Aac%3Aap%3Aneg%3Afi%3Atikwd-576851273475%3Alp1009871%3Ali%3Adec%3Adm%3Appccp%3DUmFuZG9tSVYkc2RlIyh9YUlRwjG4dAJkHxCuUKVzpFo&sid=6501b31231a00a3035b564f903cd02d3&aid=376440&ucfs=1&arphpl=1&group_adults=2&req_adults=2&no_rooms=1&group_children=0&req_children=0&hpos=8&hapos=108&sr_order=popularity&nflt=class%3D3%3Bclass%3D5%3Bclass%3D4&srpvid=5971395e94d40230&srepoch=1645517374&from=searchresults#hotelTmpl,https://cf.bstatic.com/xdata/images/hotel/square200/236515050.webp?k=46c57c4e5da1bb595bc1063a444c29fae83d947879d0c8cccb941032114e5b19&o=&s=1
부산,루이스 호텔,https://www.booking.com/hotel/kr/louis.ko.html?label=bdot-P2XUozRl7Uj73QAuByfkUwS267777897793%3Apl%3Ata%3Ap1%3Ap22%2C563%2C000%3Aac%3Aap%3Aneg%3Afi%3Atikwd-576851273475%3Alp1009871%3Ali%3Adec%3Adm%3Appccp%3DUmFuZG9tSVYkc2RlIyh9YUlRwjG4dAJkHxCuUKVzpFo&sid=6501b31231a00a3035b564f903cd02d3&aid=376440&ucfs=1&arphpl=1&group_adults=2&req_adults=2&no_rooms=1&group_children=0&req_children=0&hpos=9&hapos=109&sr_order=popularity&nflt=class%3D3%3Bclass%3D5%3Bclass%3D4&srpvid=5971395e94d40230&srepoch=1645517374&from=searchresults#hotelTmpl,https://cf.bstatic.com/xdata/images/hotel/square200/74063723.webp?k=c4e7ec36cd17d84456e601db82d21314e0852832cb1fa0e08c345251ab10286e&o=&s=1
부산,호텔 마르쉐,https://www.booking.com/hotel/kr/marcher.ko.html?label=bdot-P2XUozRl7Uj73QAuByfkUwS267777897793%3Apl%3Ata%3Ap1%3Ap22%2C563%2C000%3Aac%3Aap%3Aneg%3Afi%3Atikwd-576851273475%3Alp1009871%3Ali%3Adec%3Adm%3Appccp%3DUmFuZG9tSVYkc2RlIyh9YUlRwjG4dAJkHxCuUKVzpFo&sid=6501b31231a00a3035b564f903cd02d3&aid=376440&ucfs=1&arphpl=1&group_adults=2&req_adults=2&no_rooms=1&group_children=0&req_children=0&hpos=10&hapos=110&sr_order=popularity&nflt=class%3D3%3Bclass%3D5%3Bclass%3D4&srpvid=5971395e94d40230&srepoch=1645517374&from=searchresults#hotelTmpl,https://cf.bstatic.com/xdata/images/hotel/square200/98621492.webp?k=6e134e8489db578df65fd4dc3db40456e19595232bc83a3d63c97d3875397b28&o=&s=1
부산,비센트호텔,https://www.booking.com/hotel/kr/bcent.ko.html?label=bdot-P2XUozRl7Uj73QAuByfkUwS267777897793%3Apl%3Ata%3Ap1%3Ap22%2C563%2C000%3Aac%3Aap%3Aneg%3Afi%3Atikwd-576851273475%3Alp1009871%3Ali%3Adec%3Adm%3Appccp%3DUmFuZG9tSVYkc2RlIyh9YUlRwjG4dAJkHxCuUKVzpFo&sid=6501b31231a00a3035b564f903cd02d3&aid=376440&ucfs=1&arphpl=1&group_adults=2&req_adults=2&no_rooms=1&group_children=0&req_children=0&hpos=11&hapos=111&sr_order=popularity&nflt=class%3D3%3Bclass%3D5%3Bclass%3D4&srpvid=5971395e94d40230&srepoch=1645517374&from=searchresults#hotelTmpl,https://cf.bstatic.com/xdata/images/hotel/square200/112832251.webp?k=1098e29ecbdad1d3a91dc50053579584069b9661057daf280c0f0fd0c9521d91&o=&s=1
부산,엔젤 호텔,https://www.booking.com/hotel/kr/angel.ko.html?label=bdot-P2XUozRl7Uj73QAuByfkUwS267777897793%3Apl%3Ata%3Ap1%3Ap22%2C563%2C000%3Aac%3Aap%3Aneg%3Afi%3Atikwd-576851273475%3Alp1009871%3Ali%3Adec%3Adm%3Appccp%3DUmFuZG9tSVYkc2RlIyh9YUlRwjG4dAJkHxCuUKVzpFo&sid=6501b31231a00a3035b564f903cd02d3&aid=376440&ucfs=1&arphpl=1&group_adults=2&req_adults=2&no_rooms=1&group_children=0&req_children=0&hpos=12&hapos=112&sr_order=popularity&nflt=class%3D3%3Bclass%3D5%3Bclass%3D4&srpvid=5971395e94d40230&srepoch=1645517374&from=searchresults#hotelTmpl,https://cf.bstatic.com/xdata/images/hotel/square200/104568688.webp?k=e3d97e14fc19a9c3e1142b2ad1ae929d014df216bbb148d78bb5b3836337fe6e&o=&s=1
부산,Gwangalli Perfect Ocean View APARK,https://www.booking.com/hotel/kr/gwangalli-ocean-view-cozy-house-2.ko.html?label=bdot-P2XUozRl7Uj73QAuByfkUwS267777897793%3Apl%3Ata%3Ap1%3Ap22%2C563%2C000%3Aac%3Aap%3Aneg%3Afi%3Atikwd-576851273475%3Alp1009871%3Ali%3Adec%3Adm%3Appccp%3DUmFuZG9tSVYkc2RlIyh9YUlRwjG4dAJkHxCuUKVzpFo&sid=6501b31231a00a3035b564f903cd02d3&aid=376440&ucfs=1&arphpl=1&group_adults=2&req_adults=2&no_rooms=1&group_children=0&req_children=0&hpos=13&hapos=113&sr_order=popularity&nflt=class%3D3%3Bclass%3D5%3Bclass%3D4&srpvid=5971395e94d40230&srepoch=1645517374&from=searchresults#hotelTmpl,https://cf.bstatic.com/xdata/images/hotel/square200/276870371.webp?k=c4147a98c274414ff01be28c7de6bf603c2cca360e571907334f0c30082d6786&o=&s=1
부산,Residence Mumum Hotel,https://www.booking.com/hotel/kr/residence-mumum.ko.html?label=bdot-P2XUozRl7Uj73QAuByfkUwS267777897793%3Apl%3Ata%3Ap1%3Ap22%2C563%2C000%3Aac%3Aap%3Aneg%3Afi%3Atikwd-576851273475%3Alp1009871%3Ali%3Adec%3Adm%3Appccp%3DUmFuZG9tSVYkc2RlIyh9YUlRwjG4dAJkHxCuUKVzpFo&sid=6501b31231a00a3035b564f903cd02d3&aid=376440&ucfs=1&arphpl=1&group_adults=2&req_adults=2&no_rooms=1&group_children=0&req_children=0&hpos=14&hapos=114&sr_order=popularity&nflt=class%3D3%3Bclass%3D5%3Bclass%3D4&srpvid=5971395e94d40230&srepoch=1645517374&from=searchresults#hotelTmpl,https://cf.bstatic.com/xdata/images/hotel/square200/155292730.webp?k=c0d0138730a3420dedf6ea9a36766b6e521243abdfffa319d51ffd80d7342d96&o=&s=1
부산,남포 오션투헤븐 호텔&스파,https://www.booking.com/hotel/kr/ocean-2-heaven-amp-spa.ko.html?label=bdot-P2XUozRl7Uj73QAuByfkUwS267777897793%3Apl%3Ata%3Ap1%3Ap22%2C563%2C000%3Aac%3Aap%3Aneg%3Afi%3Atikwd-576851273475%3Alp1009871%3Ali%3Adec%3Adm%3Appccp%3DUmFuZG9tSVYkc2RlIyh9YUlRwjG4dAJkHxCuUKVzpFo&sid=6501b31231a00a3035b564f903cd02d3&aid=376440&ucfs=1&arphpl=1&group_adults=2&req_adults=2&no_rooms=1&group_children=0&req_children=0&hpos=15&hapos=115&sr_order=popularity&nflt=class%3D3%3Bclass%3D5%3Bclass%3D4&srpvid=5971395e94d40230&srepoch=1645517374&from=searchresults#hotelTmpl,https://cf.bstatic.com/xdata/images/hotel/square200/283255004.webp?k=cc74cff180b1e8abbae0d837f5596bf05588bba894a7234fc8cfd2f4f001215d&o=&s=1
부산,Gwangan bridge Ocean &City View Cozy House,https://www.booking.com/hotel/kr/gwangalli-ocean-view-cozy-house.ko.html?label=bdot-P2XUozRl7Uj73QAuByfkUwS267777897793%3Apl%3Ata%3Ap1%3Ap22%2C563%2C000%3Aac%3Aap%3Aneg%3Afi%3Atikwd-576851273475%3Alp1009871%3Ali%3Adec%3Adm%3Appccp%3DUmFuZG9tSVYkc2RlIyh9YUlRwjG4dAJkHxCuUKVzpFo&sid=6501b31231a00a3035b564f903cd02d3&aid=376440&ucfs=1&arphpl=1&group_adults=2&req_adults=2&no_rooms=1&group_children=0&req_children=0&hpos=16&hapos=116&sr_order=popularity&nflt=class%3D3%3Bclass%3D5%3Bclass%3D4&srpvid=5971395e94d40230&srepoch=1645517374&from=searchresults#hotelTmpl,https://cf.bstatic.com/xdata/images/hotel/square200/95840644.webp?k=68da0e71ea7ae86f03c4ac886fbd76569b14ff17bd1c328140d9209f0c0242da&o=&s=1
부산,기장 이데아 호텔,https://www.booking.com/hotel/kr/busan-gijang-ideahotel.ko.html?label=bdot-P2XUozRl7Uj73QAuByfkUwS267777897793%3Apl%3Ata%3Ap1%3Ap22%2C563%2C000%3Aac%3Aap%3Aneg%3Afi%3Atikwd-576851273475%3Alp1009871%3Ali%3Adec%3Adm%3Appccp%3DUmFuZG9tSVYkc2RlIyh9YUlRwjG4dAJkHxCuUKVzpFo&sid=6501b31231a00a3035b564f903cd02d3&aid=376440&ucfs=1&arphpl=1&group_adults=2&req_adults=2&no_rooms=1&group_children=0&req_children=0&hpos=17&hapos=117&sr_order=popularity&nflt=class%3D3%3Bclass%3D5%3Bclass%3D4&srpvid=5971395e94d40230&srepoch=1645517374&from=searchresults#hotelTmpl,https://cf.bstatic.com/xdata/images/hotel/square200/188392329.webp?k=3cbfe3b2c735ce9837510bde474a6d459fe1f576be8cc2849a0d03eefd3ea304&o=&s=1
부산,호텔 프리마 부산,https://www.booking.com/hotel/kr/peurima-gamjeon-dong.ko.html?label=bdot-P2XUozRl7Uj73QAuByfkUwS267777897793%3Apl%3Ata%3Ap1%3Ap22%2C563%2C000%3Aac%3Aap%3Aneg%3Afi%3Atikwd-576851273475%3Alp1009871%3Ali%3Adec%3Adm%3Appccp%3DUmFuZG9tSVYkc2RlIyh9YUlRwjG4dAJkHxCuUKVzpFo&sid=6501b31231a00a3035b564f903cd02d3&aid=376440&ucfs=1&arphpl=1&group_adults=2&req_adults=2&no_rooms=1&group_children=0&req_children=0&hpos=18&hapos=118&sr_order=popularity&nflt=class%3D3%3Bclass%3D5%3Bclass%3D4&srpvid=5971395e94d40230&srepoch=1645517374&from=searchresults#hotelTmpl,https://cf.bstatic.com/xdata/images/hotel/square200/263280771.webp?k=9439a7b156c1e354815057bbffacee1b5217143c7f87bd936188ad23c49eaec1&o=&s=1
부산,퀸스 호텔 부산 서면,https://www.booking.com/hotel/kr/goodstay-queens-motel.ko.html?label=bdot-P2XUozRl7Uj73QAuByfkUwS267777897793%3Apl%3Ata%3Ap1%3Ap22%2C563%2C000%3Aac%3Aap%3Aneg%3Afi%3Atikwd-576851273475%3Alp1009871%3Ali%3Adec%3Adm%3Appccp%3DUmFuZG9tSVYkc2RlIyh9YUlRwjG4dAJkHxCuUKVzpFo&sid=6501b31231a00a3035b564f903cd02d3&aid=376440&ucfs=1&arphpl=1&group_adults=2&req_adults=2&no_rooms=1&group_children=0&req_children=0&hpos=19&hapos=119&sr_order=popularity&nflt=class%3D3%3Bclass%3D5%3Bclass%3D4&srpvid=5971395e94d40230&srepoch=1645517374&from=searchresults#hotelTmpl,https://cf.bstatic.com/xdata/images/hotel/square200/253187625.webp?k=d5c8194031eb9f97a0aecf5d33476a05c01df2f14ab8dae86cc08da27d1b5290&o=&s=1
부산,나만의 전용 공간,https://www.booking.com/hotel/kr/david-39-s-apartment.ko.html?label=bdot-P2XUozRl7Uj73QAuByfkUwS267777897793%3Apl%3Ata%3Ap1%3Ap22%2C563%2C000%3Aac%3Aap%3Aneg%3Afi%3Atikwd-576851273475%3Alp1009871%3Ali%3Adec%3Adm%3Appccp%3DUmFuZG9tSVYkc2RlIyh9YUlRwjG4dAJkHxCuUKVzpFo&sid=6501b31231a00a3035b564f903cd02d3&aid=376440&ucfs=1&arphpl=1&group_adults=2&req_adults=2&no_rooms=1&group_children=0&req_children=0&hpos=20&hapos=120&sr_order=popularity&nflt=class%3D3%3Bclass%3D5%3Bclass%3D4&srpvid=5971395e94d40230&srepoch=1645517374&from=searchresults#hotelTmpl,https://cf.bstatic.com/xdata/images/hotel/square200/184790241.webp?k=de9fdb6f8b9c835935a537c9dc61164a44cc5a1cd14fcb4c4daa6dfd0debb3e8&o=&s=1
부산,브라운 도트 호텔 시그니쳐,https://www.booking.com/hotel/kr/brown-dot-signature.ko.html?label=bdot-P2XUozRl7Uj73QAuByfkUwS267777897793%3Apl%3Ata%3Ap1%3Ap22%2C563%2C000%3Aac%3Aap%3Aneg%3Afi%3Atikwd-576851273475%3Alp1009871%3Ali%3Adec%3Adm%3Appccp%3DUmFuZG9tSVYkc2RlIyh9YUlRwjG4dAJkHxCuUKVzpFo&sid=6501b31231a00a3035b564f903cd02d3&aid=376440&ucfs=1&arphpl=1&group_adults=2&req_adults=2&no_rooms=1&group_children=0&req_children=0&hpos=21&hapos=121&sr_order=popularity&nflt=class%3D3%3Bclass%3D5%3Bclass%3D4&srpvid=5971395e94d40230&srepoch=1645517374&from=searchresults#hotelTmpl,https://cf.bstatic.com/xdata/images/hotel/square200/282452765.webp?k=26c37f9c928714bcc303d649a0965de378a482341ad2961a826672311717820e&o=&s=1
부산,베스티 호텔,https://www.booking.com/hotel/kr/bestie.ko.html?label=bdot-P2XUozRl7Uj73QAuByfkUwS267777897793%3Apl%3Ata%3Ap1%3Ap22%2C563%2C000%3Aac%3Aap%3Aneg%3Afi%3Atikwd-576851273475%3Alp1009871%3Ali%3Adec%3Adm%3Appccp%3DUmFuZG9tSVYkc2RlIyh9YUlRwjG4dAJkHxCuUKVzpFo&sid=6501b31231a00a3035b564f903cd02d3&aid=376440&ucfs=1&arphpl=1&group_adults=2&req_adults=2&no_rooms=1&group_children=0&req_children=0&hpos=22&hapos=122&sr_order=popularity&nflt=class%3D3%3Bclass%3D5%3Bclass%3D4&srpvid=5971395e94d40230&srepoch=1645517374&from=searchresults#hotelTmpl,https://cf.bstatic.com/xdata/images/hotel/square200/213761034.webp?k=5f9e9960b4ba356e5ba61357bb997c0e1b9f89ce2d22e3f5ed9e96d1508e6114&o=&s=1
부산,디 앤티크,https://www.booking.com/hotel/kr/the-antique.ko.html?label=bdot-P2XUozRl7Uj73QAuByfkUwS267777897793%3Apl%3Ata%3Ap1%3Ap22%2C563%2C000%3Aac%3Aap%3Aneg%3Afi%3Atikwd-576851273475%3Alp1009871%3Ali%3Adec%3Adm%3Appccp%3DUmFuZG9tSVYkc2RlIyh9YUlRwjG4dAJkHxCuUKVzpFo&sid=6501b31231a00a3035b564f903cd02d3&aid=376440&ucfs=1&arphpl=1&group_adults=2&req_adults=2&no_rooms=1&group_children=0&req_children=0&hpos=23&hapos=123&sr_order=popularity&nflt=class%3D3%3Bclass%3D5%3Bclass%3D4&srpvid=5971395e94d40230&srepoch=1645517374&from=searchresults#hotelTmpl,https://cf.bstatic.com/xdata/images/hotel/square200/276858076.webp?k=a017311b2dad21a6228cdb939a0e041fae21bf3f15c80b6995cb5927bd7f1149&o=&s=1
부산,부산 라운지26호텔,https://www.booking.com/hotel/kr/busan-raunji26hotel.ko.html?label=bdot-P2XUozRl7Uj73QAuByfkUwS267777897793%3Apl%3Ata%3Ap1%3Ap22%2C563%2C000%3Aac%3Aap%3Aneg%3Afi%3Atikwd-576851273475%3Alp1009871%3Ali%3Adec%3Adm%3Appccp%3DUmFuZG9tSVYkc2RlIyh9YUlRwjG4dAJkHxCuUKVzpFo&sid=6501b31231a00a3035b564f903cd02d3&aid=376440&ucfs=1&arphpl=1&group_adults=2&req_adults=2&no_rooms=1&group_children=0&req_children=0&hpos=24&hapos=124&sr_order=popularity&nflt=class%3D3%3Bclass%3D5%3Bclass%3D4&srpvid=5971395e94d40230&srepoch=1645517374&from=searchresults#hotelTmpl,https://cf.bstatic.com/xdata/images/hotel/square200/286765007.webp?k=59fd7a03abe7f049f48ce0fb3e966053afa6f882dd767f5b6afb731f9e14aa55&o=&s=1
부산,라비드아틀란 호텔2,https://www.booking.com/hotel/kr/rabideuateulran-hotel2.ko.html?label=bdot-P2XUozRl7Uj73QAuByfkUwS267777897793%3Apl%3Ata%3Ap1%3Ap22%2C563%2C000%3Aac%3Aap%3Aneg%3Afi%3Atikwd-576851273475%3Alp1009871%3Ali%3Adec%3Adm%3Appccp%3DUmFuZG9tSVYkc2RlIyh9YUlRwjG4dAJkHxCuUKVzpFo&sid=6501b31231a00a3035b564f903cd02d3&aid=376440&ucfs=1&arphpl=1&group_adults=2&req_adults=2&no_rooms=1&group_children=0&req_children=0&hpos=25&hapos=125&sr_order=popularity&nflt=class%3D3%3Bclass%3D5%3Bclass%3D4&srpvid=5971395e94d40230&srepoch=1645517374&from=searchresults#hotelTmpl,https://cf.bstatic.com/xdata/images/hotel/square200/335143939.webp?k=fae0cce4441733c1d85b7d143cb78a4ea5fd44f6b8f49d77c954776e8d2e1044&o=&s=1
부산,브라운도트호텔 남포 자갈치점,https://www.booking.com/hotel/kr/beuraundoteuhotel-nampo-jagalcijeom-cungmudong.ko.html?label=bdot-P2XUozRl7Uj73QAuByfkUwS267777897793%3Apl%3Ata%3Ap1%3Ap22%2C563%2C000%3Aac%3Aap%3Aneg%3Afi%3Atikwd-576851273475%3Alp1009871%3Ali%3Adec%3Adm%3Appccp%3DUmFuZG9tSVYkc2RlIyh9YUlRwjG4dAJkHxCuUKVzpFo&sid=6501b31231a00a3035b564f903cd02d3&aid=376440&ucfs=1&arphpl=1&group_adults=2&req_adults=2&no_rooms=1&group_children=0&req_children=0&hpos=1&hapos=126&sr_order=popularity&nflt=class%3D3%3Bclass%3D5%3Bclass%3D4&srpvid=d78b395ebaa90007&srepoch=1645517374&from=searchresults#hotelTmpl,https://cf.bstatic.com/xdata/images/hotel/square200/231541523.webp?k=e50a4668d2d789ff6457847581a133ce62f5a516c8b296d69feeefe2b9c804a2&o=&s=1
부산,센트럴파크 호텔 부산,https://www.booking.com/hotel/kr/central-park.ko.html?label=bdot-P2XUozRl7Uj73QAuByfkUwS267777897793%3Apl%3Ata%3Ap1%3Ap22%2C563%2C000%3Aac%3Aap%3Aneg%3Afi%3Atikwd-576851273475%3Alp1009871%3Ali%3Adec%3Adm%3Appccp%3DUmFuZG9tSVYkc2RlIyh9YUlRwjG4dAJkHxCuUKVzpFo&sid=6501b31231a00a3035b564f903cd02d3&aid=376440&ucfs=1&arphpl=1&group_adults=2&req_adults=2&no_rooms=1&group_children=0&req_children=0&hpos=2&hapos=127&sr_order=popularity&nflt=class%3D3%3Bclass%3D5%3Bclass%3D4&srpvid=d78b395ebaa90007&srepoch=1645517374&from=searchresults#hotelTmpl,https://cf.bstatic.com/xdata/images/hotel/square200/317264042.webp?k=7003ba464a65bd88f9c4d232eb8fad8383539ee14874a40ff193d44939cf1179&o=&s=1
부산,프라임관광 호텔,https://www.booking.com/hotel/kr/prime_tourist_hotel.ko.html?label=bdot-P2XUozRl7Uj73QAuByfkUwS267777897793%3Apl%3Ata%3Ap1%3Ap22%2C563%2C000%3Aac%3Aap%3Aneg%3Afi%3Atikwd-576851273475%3Alp1009871%3Ali%3Adec%3Adm%3Appccp%3DUmFuZG9tSVYkc2RlIyh9YUlRwjG4dAJkHxCuUKVzpFo&sid=6501b31231a00a3035b564f903cd02d3&aid=376440&ucfs=1&arphpl=1&group_adults=2&req_adults=2&no_rooms=1&group_children=0&req_children=0&hpos=3&hapos=128&sr_order=popularity&nflt=class%3D3%3Bclass%3D5%3Bclass%3D4&srpvid=d78b395ebaa90007&srepoch=1645517374&from=searchresults#hotelTmpl,https://cf.bstatic.com/xdata/images/hotel/square200/258269450.webp?k=27f7483e3b3d54d286b1fc6ab05ed835d879cfd43e0940c2b038be49f69f03a6&o=&s=1
