여수,소노캄 여수,https://www.booking.com/hotel/kr/the-mvl-yeosu.ko.html?label=bdot-P2XUozRl7Uj73QAuByfkUwS267777897793%3Apl%3Ata%3Ap1%3Ap22%2C563%2C000%3Aac%3Aap%3Aneg%3Afi%3Atikwd-576851273475%3Alp1009871%3Ali%3Adec%3Adm%3Appccp%3DUmFuZG9tSVYkc2RlIyh9YUlRwjG4dAJkHxCuUKVzpFo&sid=6501b31231a00a3035b564f903cd02d3&aid=376440&ucfs=1&arphpl=1&group_adults=2&req_adults=2&no_rooms=1&group_children=0&req_children=0&hpos=1&hapos=1&sr_order=popularity&nflt=class%3D3%3Bclass%3D5%3Bclass%3D4&srpvid=6f43399e722601e1&srepoch=1645517502&from=searchresults#hotelTmpl,https://t-cf.bstatic.com/xdata/images/hotel/square200/278339874.webp?k=79851476de876e12ca0f5a5feba9138bc266a49807fafe92d3aa4f12aaa1ebb0&o=&s=1
여수,여수 베네치아 호텔 & 리조트,https://www.booking.com/hotel/kr/venezia-and-resort.ko.html?label=bdot-P2XUozRl7Uj73QAuByfkUwS267777897793%3Apl%3Ata%3Ap1%3Ap22%2C563%2C000%3Aac%3Aap%3Aneg%3Afi%3Atikwd-576851273475%3Alp1009871%3Ali%3Adec%3Adm%3Appccp%3DUmFuZG9tSVYkc2RlIyh9YUlRwjG4dAJkHxCuUKVzpFo&sid=6501b31231a00a3035b564f903cd02d3&aid=376440&ucfs=1&arphpl=1&group_adults=2&req_adults=2&no_rooms=1&group_children=0&req_children=0&hpos=2&hapos=2&sr_order=popularity&nflt=class%3D3%3Bclass%3D5%3Bclass%3D4&srpvid=6f43399e722601e1&srepoch=1645517502&from=searchresults#hotelTmpl,https://t-cf.bstatic.com/xdata/images/hotel/square200/163448508.webp?k=76d34653102735fddfcb022129da984f2f11a12e50ac96234792bdfa9f3be346&o=&s=1
여수,호텔 JCS 여수,https://www.booking.com/hotel/kr/jcs.ko.html?label=bdot-P2XUozRl7Uj73QAuByfkUwS267777897793%3Apl%3Ata%3Ap1%3Ap22%2C563%2C000%3Aac%3Aap%3Aneg%3Afi%3Atikwd-576851273475%3Alp1009871%3Ali%3Adec%3Adm%3Appccp%3DUmFuZG9tSVYkc2RlIyh9YUlRwjG4dAJkHxCuUKVzpFo&sid=6501b31231a00a3035b564f903cd02d3&aid=376440&ucfs=1&arphpl=1&group_adults=2&req_adults=2&no_rooms=1&group_children=0&req_children=0&hpos=3&hapos=3&sr_order=popularity&nflt=class%3D3%3Bclass%3D5%3Bclass%3D4&srpvid=6f43399e722601e1&srepoch=1645517502&from=searchresults#hotelTmpl,https://t-cf.bstatic.com/xdata/images/hotel/square200/277546111.webp?k=bd1e6212ca0f3e7ca890cc5dab4aa7c06ec42ad2b27aa4d8d71fb7d8c9bef7c1&o=&s=1
여수,여수 오션힐 호텔,https://www.booking.com/hotel/kr/yeosuosyeonhilhotel.ko.html?label=bdot-P2XUozRl7Uj73QAuByfkUwS267777897793%3Apl%3Ata%3Ap1%3Ap22%2C563%2C000%3Aac%3Aap%3Aneg%3Afi%3Atikwd-576851273475%3Alp1009871%3Ali%3Adec%3Adm%3Appccp%3DUmFuZG9tSVYkc2RlIyh9YUlRwjG4dAJkHxCuUKVzpFo&sid=6501b31231a00a3035b564f903cd02d3&aid=376440&ucfs=1&arphpl=1&group_adults=2&req_adults=2&no_rooms=1&group_children=0&req_children=0&hpos=4&hapos=4&sr_order=popularity&nflt=class%3D3%3Bclass%3D5%3Bclass%3D4&srpvid=6f43399e722601e1&srepoch=1645517502&from=searchresults#hotelTmpl,https://t-cf.bstatic.com/xdata/images/hotel/square200/283955348.webp?k=48fefc66fa4603e26dd7ded39a104dd68a2604a55a985a784bf62269794bd5ed&o=&s=1
여수,라마다 프라자 바이 윈덤 여수,https://www.booking.com/hotel/kr/ramada-plaza-by-wyndham-dolsan-yeosu.ko.html?label=bdot-P2XUozRl7Uj73QAuByfkUwS267777897793%3Apl%3Ata%3Ap1%3Ap22%2C563%2C000%3Aac%3Aap%3Aneg%3Afi%3Atikwd-576851273475%3Alp1009871%3Ali%3Adec%3Adm%3Appccp%3DUmFuZG9tSVYkc2RlIyh9YUlRwjG4dAJkHxCuUKVzpFo&sid=6501b31231a00a3035b564f903cd02d3&aid=376440&ucfs=1&arphpl=1&group_adults=2&req_adults=2&no_rooms=1&group_children=0&req_children=0&hpos=5&hapos=5&sr_order=popularity&nflt=class%3D3%3Bclass%3D5%3Bclass%3D4&srpvid=6f43399e722601e1&srepoch=1645517502&from=searchresults#hotelTmpl,https://t-cf.bstatic.com/xdata/images/hotel/square200/304527737.webp?k=bbbcdfbdab785dfb6efb0d4185490687f914c163507d2e62fcf5469d0e220bc3&o=&s=1
여수,여수 히든베이 호텔,https://www.booking.com/hotel/kr/yeosuhideunbeihotel.ko.html?label=bdot-P2XUozRl7Uj73QAuByfkUwS267777897793%3Apl%3Ata%3Ap1%3Ap22%2C563%2C000%3Aac%3Aap%3Aneg%3Afi%3Atikwd-576851273475%3Alp1009871%3Ali%3Adec%3Adm%3Appccp%3DUmFuZG9tSVYkc2RlIyh9YUlRwjG4dAJkHxCuUKVzpFo&sid=6501b31231a00a3035b564f903cd02d3&aid=376440&ucfs=1&arphpl=1&group_adults=2&req_adults=2&no_rooms=1&group_children=0&req_children=0&hpos=6&hapos=6&sr_order=popularity&nflt=class%3D3%3Bclass%3D5%3Bclass%3D4&srpvid=6f43399e722601e1&srepoch=1645517502&from=searchresults#hotelTmpl,https://t-cf.bstatic.com/xdata/images/hotel/square200/177846891.webp?k=49e54512e7edc3fbef56ca07bb183977ed5380befecfcbaca5f027b4f05a95a9&o=&s=1
여수,여수 벨메르,https://www.booking.com/hotel/kr/yeosu-belmereu-bai-hanhwahotelaendeurijoteu.ko.html?label=bdot-P2XUozRl7Uj73QAuByfkUwS267777897793%3Apl%3Ata%3Ap1%3Ap22%2C563%2C000%3Aac%3Aap%3Aneg%3Afi%3Atikwd-576851273475%3Alp1009871%3Ali%3Adec%3Adm%3Appccp%3DUmFuZG9tSVYkc2RlIyh9YUlRwjG4dAJkHxCuUKVzpFo&sid=6501b31231a00a3035b564f903cd02d3&aid=376440&ucfs=1&arphpl=1&group_adults=2&req_adults=2&no_rooms=1&group_children=0&req_children=0&hpos=7&hapos=7&sr_order=popularity&nflt=class%3D3%3Bclass%3D5%3Bclass%3D4&srpvid=6f43399e722601e1&srepoch=1645517502&from=searchresults#hotelTmpl,https://t-cf.bstatic.com/xdata/images/hotel/square200/306217405.webp?k=5164445c3d3213532e3c264f659d82341dcb67061840f6bad5eaf33102aa4a6c&o=&s=1
여수,리움 스파 호스텔,https://www.booking.com/hotel/kr/lium-spa-hostel.ko.html?label=bdot-P2XUozRl7Uj73QAuByfkUwS267777897793%3Apl%3Ata%3Ap1%3Ap22%2C563%2C000%3Aac%3Aap%3Aneg%3Afi%3Atikwd-576851273475%3Alp1009871%3Ali%3Adec%3Adm%3Appccp%3DUmFuZG9tSVYkc2RlIyh9YUlRwjG4dAJkHxCuUKVzpFo&sid=6501b31231a00a3035b564f903cd02d3&aid=376440&ucfs=1&arphpl=1&group_adults=2&req_adults=2&no_rooms=1&group_children=0&req_children=0&hpos=8&hapos=8&sr_order=popularity&nflt=class%3D3%3Bclass%3D5%3Bclass%3D4&srpvid=6f43399e722601e1&srepoch=1645517502&from=searchresults#hotelTmpl,https://t-cf.bstatic.com/xdata/images/hotel/square200/271189364.webp?k=fb39b9226b8d127672b392540658f0cd89fe46c7b83cac88e41aabdf07f8e600&o=&s=1
여수,베니키아 호텔 여수,https://www.booking.com/hotel/kr/benikea-yeosu.ko.html?label=bdot-P2XUozRl7Uj73QAuByfkUwS267777897793%3Apl%3Ata%3Ap1%3Ap22%2C563%2C000%3Aac%3Aap%3Aneg%3Afi%3Atikwd-576851273475%3Alp1009871%3Ali%3Adec%3Adm%3Appccp%3DUmFuZG9tSVYkc2RlIyh9YUlRwjG4dAJkHxCuUKVzpFo&sid=6501b31231a00a3035b564f903cd02d3&aid=376440&ucfs=1&arphpl=1&group_adults=2&req_adults=2&no_rooms=1&group_children=0&req_children=0&hpos=9&hapos=9&sr_order=popularity&nflt=class%3D3%3Bclass%3D5%3Bclass%3D4&srpvid=6f43399e722601e1&srepoch=1645517502&from=searchresults#hotelTmpl,https://t-cf.bstatic.com/xdata/images/hotel/square200/11129555.webp?k=6b135d44fff3c0de502737bed1f367bf898f399eed75db3d9e0d4ae8fcab6935&o=&s=1
여수,호텔 더 원,https://www.booking.com/hotel/kr/the-one-yeosu.ko.html?label=bdot-P2XUozRl7Uj73QAuByfkUwS267777897793%3Apl%3Ata%3Ap1%3Ap22%2C563%2C000%3Aac%3Aap%3Aneg%3Afi%3Atikwd-576851273475%3Alp1009871%3Ali%3Adec%3Adm%3Appccp%3DUmFuZG9tSVYkc2RlIyh9YUlRwjG4dAJkHxCuUKVzpFo&sid=6501b31231a00a3035b564f903cd02d3&aid=376440&ucfs=1&arphpl=1&group_adults=2&req_adults=2&no_rooms=1&group_children=0&req_children=0&hpos=10&hapos=10&sr_order=popularity&nflt=class%3D3%3Bclass%3D5%3Bclass%3D4&srpvid=6f43399e722601e1&srepoch=1645517502&from=searchresults#hotelTmpl,https://t-cf.bstatic.com/xdata/images/hotel/square200/90137767.webp?k=e55d9a3cdd8fb88b66a15eb39467d811e1c4184aa20a2adff947ec5643592b2c&o=&s=1
여수,여수 한옥호텔 오동재,https://www.booking.com/hotel/kr/korea-traditional-o-dong-jae.ko.html?label=bdot-P2XUozRl7Uj73QAuByfkUwS267777897793%3Apl%3Ata%3Ap1%3Ap22%2C563%2C000%3Aac%3Aap%3Aneg%3Afi%3Atikwd-576851273475%3Alp1009871%3Ali%3Adec%3Adm%3Appccp%3DUmFuZG9tSVYkc2RlIyh9YUlRwjG4dAJkHxCuUKVzpFo&sid=6501b31231a00a3035b564f903cd02d3&aid=376440&ucfs=1&arphpl=1&group_adults=2&req_adults=2&no_rooms=1&group_children=0&req_children=0&hpos=11&hapos=11&sr_order=popularity&nflt=class%3D3%3Bclass%3D5%3Bclass%3D4&srpvid=6f43399e722601e1&srepoch=1645517502&from=searchresults#hotelTmpl,https://t-cf.bstatic.com/xdata/images/hotel/square200/252979726.webp?k=02148d18b00fcd72c66a46954548808f9ef1aff0e60702268f17ddda5b8ab57a&o=&s=1
여수,호텔 마띠유 여수,https://www.booking.com/hotel/kr/matthieu-yeosu.ko.html?label=bdot-P2XUozRl7Uj73QAuByfkUwS267777897793%3Apl%3Ata%3Ap1%3Ap22%2C563%2C000%3Aac%3Aap%3Aneg%3Afi%3Atikwd-576851273475%3Alp1009871%3Ali%3Adec%3Adm%3Appccp%3DUmFuZG9tSVYkc2RlIyh9YUlRwjG4dAJkHxCuUKVzpFo&sid=6501b31231a00a3035b564f903cd02d3&aid=376440&ucfs=1&arphpl=1&group_adults=2&req_adults=2&no_rooms=1&group_children=0&req_children=0&hpos=12&hapos=12&sr_order=popularity&nflt=class%3D3%3Bclass%3D5%3Bclass%3D4&srpvid=6f43399e722601e1&srepoch=1645517502&from=searchresults#hotelTmpl,https://t-cf.bstatic.com/xdata/images/hotel/square200/60995302.webp?k=6eb44cedccf3c206d3107173e799711b38a5c3e652799dae02f2049d08403a57&o=&s=1
여수,여수 웅천 호텔퍼스트시티,https://www.booking.com/hotel/kr/yeosu-ungceon-hotelpeoseuteusiti.ko.html?label=bdot-P2XUozRl7Uj73QAuByfkUwS267777897793%3Apl%3Ata%3Ap1%3Ap22%2C563%2C000%3Aac%3Aap%3Aneg%3Afi%3Atikwd-576851273475%3Alp1009871%3Ali%3Adec%3Adm%3Appccp%3DUmFuZG9tSVYkc2RlIyh9YUlRwjG4dAJkHxCuUKVzpFo&sid=6501b31231a00a3035b564f903cd02d3&aid=376440&ucfs=1&arphpl=1&group_adults=2&req_adults=2&no_rooms=1&group_children=0&req_children=0&hpos=13&hapos=13&sr_order=popularity&nflt=class%3D3%3Bclass%3D5%3Bclass%3D4&srpvid=6f43399e722601e1&srepoch=1645517502&from=searchresults#hotelTmpl,https://t-cf.bstatic.com/xdata/images/hotel/square200/313977458.webp?k=848e9b7d65dd1607760c9a4daee4a3a4b817e5d76a5ef51f84830e80f34aaa44&o=&s=1
여수,여수더호텔 수,https://www.booking.com/hotel/kr/the-soo.ko.html?label=bdot-P2XUozRl7Uj73QAuByfkUwS267777897793%3Apl%3Ata%3Ap1%3Ap22%2C563%2C000%3Aac%3Aap%3Aneg%3Afi%3Atikwd-576851273475%3Alp1009871%3Ali%3Adec%3Adm%3Appccp%3DUmFuZG9tSVYkc2RlIyh9YUlRwjG4dAJkHxCuUKVzpFo&sid=6501b31231a00a3035b564f903cd02d3&aid=376440&ucfs=1&arphpl=1&group_adults=2&req_adults=2&no_rooms=1&group_children=0&req_children=0&hpos=14&hapos=14&sr_order=popularity&nflt=class%3D3%3Bclass%3D5%3Bclass%3D4&srpvid=6f43399e722601e1&srepoch=1645517502&from=searchresults#hotelTmpl,https://t-cf.bstatic.com/xdata/images/hotel/square200/290645779.webp?k=b20833b60e3fad6c1036b82021f174cfbacaedfbfbc58746f263bb378a177d62&o=&s=1
여수,오마이 황토 펜션,https://www.booking.com/hotel/kr/ohmai-ocher-pension.ko.html?label=bdot-P2XUozRl7Uj73QAuByfkUwS267777897793%3Apl%3Ata%3Ap1%3Ap22%2C563%2C000%3Aac%3Aap%3Aneg%3Afi%3Atikwd-576851273475%3Alp1009871%3Ali%3Adec%3Adm%3Appccp%3DUmFuZG9tSVYkc2RlIyh9YUlRwjG4dAJkHxCuUKVzpFo&sid=6501b31231a00a3035b564f903cd02d3&aid=376440&ucfs=1&arphpl=1&group_adults=2&req_adults=2&no_rooms=1&group_children=0&req_children=0&hpos=15&hapos=15&sr_order=popularity&nflt=class%3D3%3Bclass%3D5%3Bclass%3D4&srpvid=6f43399e722601e1&srepoch=1645517502&from=searchresults#hotelTmpl,https://t-cf.bstatic.com/xdata/images/hotel/square200/306413540.webp?k=f07d4a64fbbb87552a9e5355b83f98844c0ac3ce170f001bf36b40a9767f2e82&o=&s=1
여수,수지 펜션,https://www.booking.com/hotel/kr/suzy-pension.ko.html?label=bdot-P2XUozRl7Uj73QAuByfkUwS267777897793%3Apl%3Ata%3Ap1%3Ap22%2C563%2C000%3Aac%3Aap%3Aneg%3Afi%3Atikwd-576851273475%3Alp1009871%3Ali%3Adec%3Adm%3Appccp%3DUmFuZG9tSVYkc2RlIyh9YUlRwjG4dAJkHxCuUKVzpFo&sid=6501b31231a00a3035b564f903cd02d3&aid=376440&ucfs=1&arphpl=1&group_adults=2&req_adults=2&no_rooms=1&group_children=0&req_children=0&hpos=16&hapos=16&sr_order=popularity&nflt=class%3D3%3Bclass%3D5%3Bclass%3D4&srpvid=6f43399e722601e1&srepoch=1645517502&from=searchresults#hotelTmpl,https://t-cf.bstatic.com/xdata/images/hotel/square200/67929605.webp?k=3f1813b85ffb002f96c4ea4f149d4c23595a9d86fe55d2abb4a42b432ef96334&o=&s=1
여수,에이치에스 관광 호텔,https://www.booking.com/hotel/kr/hs-tourist.ko.html?label=bdot-P2XUozRl7Uj73QAuByfkUwS267777897793%3Apl%3Ata%3Ap1%3Ap22%2C563%2C000%3Aac%3Aap%3Aneg%3Afi%3Atikwd-576851273475%3Alp1009871%3Ali%3Adec%3Adm%3Appccp%3DUmFuZG9tSVYkc2RlIyh9YUlRwjG4dAJkHxCuUKVzpFo&sid=6501b31231a00a3035b564f903cd02d3&aid=376440&ucfs=1&arphpl=1&group_adults=2&req_adults=2&no_rooms=1&group_children=0&req_children=0&hpos=17&hapos=17&sr_order=popularity&nflt=class%3D3%3Bclass%3D5%3Bclass%3D4&srpvid=6f43399e722601e1&srepoch=1645517502&from=searchresults#hotelTmpl,https://t-cf.bstatic.com/xdata/images/hotel/square200/264839350.webp?k=615a67de89c30a21f096b3c86b56c290125621670e1aa2d051a92f21868dfa70&o=&s=1
여수,호텔 케니 여수,https://www.booking.com/hotel/kr/keni-yeosu.ko.html?label=bdot-P2XUozRl7Uj73QAuByfkUwS267777897793%3Apl%3Ata%3Ap1%3Ap22%2C563%2C000%3Aac%3Aap%3Aneg%3Afi%3Atikwd-576851273475%3Alp1009871%3Ali%3Adec%3Adm%3Appccp%3DUmFuZG9tSVYkc2RlIyh9YUlRwjG4dAJkHxCuUKVzpFo&sid=6501b31231a00a3035b564f903cd02d3&aid=376440&ucfs=1&arphpl=1&group_adults=2&req_adults=2&no_rooms=1&group_children=0&req_children=0&hpos=18&hapos=18&sr_order=popularity&nflt=class%3D3%3Bclass%3D5%3Bclass%3D4&srpvid=6f43399e722601e1&srepoch=1645517502&from=searchresults#hotelTmpl,https://t-cf.bstatic.com/xdata/images/hotel/square200/339756232.webp?k=bd4ef65fcff4b351c17bdcf37167a6c5465e3ed2da0e8b44d53aebbe6c8f1ca6&o=&s=1
여수,돌산마루 펜션,https://www.booking.com/hotel/kr/dolsanmaru-pension.ko.html?label=bdot-P2XUozRl7Uj73QAuByfkUwS267777897793%3Apl%3Ata%3Ap1%3Ap22%2C563%2C000%3Aac%3Aap%3Aneg%3Afi%3Atikwd-576851273475%3Alp1009871%3Ali%3Adec%3Adm%3Appccp%3DUmFuZG9tSVYkc2RlIyh9YUlRwjG4dAJkHxCuUKVzpFo&sid=6501b31231a00a3035b564f903cd02d3&aid=376440&ucfs=1&arphpl=1&group_adults=2&req_adults=2&no_rooms=1&group_children=0&req_children=0&hpos=19&hapos=19&sr_order=popularity&nflt=class%3D3%3Bclass%3D5%3Bclass%3D4&srpvid=6f43399e722601e1&srepoch=1645517502&from=searchresults#hotelTmpl,https://t-cf.bstatic.com/xdata/images/hotel/square200/113104449.webp?k=57ba70f80b1ccfbe8f0c6517b75088d7d99a9b0a20516d0ca02d62a49ea27588&o=&s=1
여수,베이원 파크,https://www.booking.com/hotel/kr/bayonepark.ko.html?label=bdot-P2XUozRl7Uj73QAuByfkUwS267777897793%3Apl%3Ata%3Ap1%3Ap22%2C563%2C000%3Aac%3Aap%3Aneg%3Afi%3Atikwd-576851273475%3Alp1009871%3Ali%3Adec%3Adm%3Appccp%3DUmFuZG9tSVYkc2RlIyh9YUlRwjG4dAJkHxCuUKVzpFo&sid=6501b31231a00a3035b564f903cd02d3&aid=376440&ucfs=1&arphpl=1&group_adults=2&req_adults=2&no_rooms=1&group_children=0&req_children=0&hpos=20&hapos=20&sr_order=popularity&nflt=class%3D3%3Bclass%3D5%3Bclass%3D4&srpvid=6f43399e722601e1&srepoch=1645517502&from=searchresults#hotelTmpl,https://t-cf.bstatic.com/xdata/images/hotel/square200/291407848.webp?k=8587847d0155ae581f5db9bfc63407cd3f1b41dadb7db2f30f6c2e1ee4d2999a&o=&s=1
여수,유화민박,https://www.booking.com/hotel/kr/uwha-minbak-yeosu.ko.html?label=bdot-P2XUozRl7Uj73QAuByfkUwS267777897793%3Apl%3Ata%3Ap1%3Ap22%2C563%2C000%3Aac%3Aap%3Aneg%3Afi%3Atikwd-576851273475%3Alp1009871%3Ali%3Adec%3Adm%3Appccp%3DUmFuZG9tSVYkc2RlIyh9YUlRwjG4dAJkHxCuUKVzpFo&sid=6501b31231a00a3035b564f903cd02d3&aid=376440&ucfs=1&arphpl=1&group_adults=2&req_adults=2&no_rooms=1&group_children=0&req_children=0&hpos=21&hapos=21&sr_order=popularity&nflt=class%3D3%3Bclass%3D5%3Bclass%3D4&srpvid=6f43399e722601e1&srepoch=1645517502&from=searchresults#hotelTmpl,https://t-cf.bstatic.com/xdata/images/hotel/square200/112317552.webp?k=06439c4467c7997656445a9c79110bbe123d8803c1c678c288a45931ed50c686&o=&s=1
여수,비앤비치 관광 호텔,https://www.booking.com/hotel/kr/b-amp-beach-tourist.ko.html?label=bdot-P2XUozRl7Uj73QAuByfkUwS267777897793%3Apl%3Ata%3Ap1%3Ap22%2C563%2C000%3Aac%3Aap%3Aneg%3Afi%3Atikwd-576851273475%3Alp1009871%3Ali%3Adec%3Adm%3Appccp%3DUmFuZG9tSVYkc2RlIyh9YUlRwjG4dAJkHxCuUKVzpFo&sid=6501b31231a00a3035b564f903cd02d3&aid=376440&ucfs=1&arphpl=1&group_adults=2&req_adults=2&no_rooms=1&group_children=0&req_children=0&hpos=22&hapos=22&sr_order=popularity&nflt=class%3D3%3Bclass%3D5%3Bclass%3D4&srpvid=6f43399e722601e1&srepoch=1645517502&from=searchresults#hotelTmpl,https://t-cf.bstatic.com/xdata/images/hotel/square200/264016864.webp?k=ff4a808f18c15fdc8e501e24dfeb9476d0adeb502e8e204428fa00413e58af64&o=&s=1
여수,갯가솔향 펜션,https://www.booking.com/hotel/kr/seasidepine-pension.ko.html?label=bdot-P2XUozRl7Uj73QAuByfkUwS267777897793%3Apl%3Ata%3Ap1%3Ap22%2C563%2C000%3Aac%3Aap%3Aneg%3Afi%3Atikwd-576851273475%3Alp1009871%3Ali%3Adec%3Adm%3Appccp%3DUmFuZG9tSVYkc2RlIyh9YUlRwjG4dAJkHxCuUKVzpFo&sid=6501b31231a00a3035b564f903cd02d3&aid=376440&ucfs=1&arphpl=1&group_adults=2&req_adults=2&no_rooms=1&group_children=0&req_children=0&hpos=23&hapos=23&sr_order=popularity&nflt=class%3D3%3Bclass%3D5%3Bclass%3D4&srpvid=6f43399e722601e1&srepoch=1645517502&from=searchresults#hotelTmpl,https://t-cf.bstatic.com/xdata/images/hotel/square200/116644765.webp?k=a8c9d5004171dcef966e800601f5a135d76a77705634dc49fcba58a9ab6a67c2&o=&s=1
여수,케이블카 펜션,https://www.booking.com/hotel/kr/cable-car-pension.ko.html?label=bdot-P2XUozRl7Uj73QAuByfkUwS267777897793%3Apl%3Ata%3Ap1%3Ap22%2C563%2C000%3Aac%3Aap%3Aneg%3Afi%3Atikwd-576851273475%3Alp1009871%3Ali%3Adec%3Adm%3Appccp%3DUmFuZG9tSVYkc2RlIyh9YUlRwjG4dAJkHxCuUKVzpFo&sid=6501b31231a00a3035b564f903cd02d3&aid=376440&ucfs=1&arphpl=1&group_adults=2&req_adults=2&no_rooms=1&group_children=0&req_children=0&hpos=24&hapos=24&sr_order=popularity&nflt=class%3D3%3Bclass%3D5%3Bclass%3D4&srpvid=6f43399e722601e1&srepoch=1645517502&from=searchresults#hotelTmpl,https://t-cf.bstatic.com/xdata/images/hotel/square200/68280056.webp?k=c5d254b727be24be425ef5880b6e76cd3aa51ef06fe4c3567b0435cc132ea887&o=&s=1
여수,여수 블루밍 펜션,https://www.booking.com/hotel/kr/yeosu-blooming-pension.ko.html?label=bdot-P2XUozRl7Uj73QAuByfkUwS267777897793%3Apl%3Ata%3Ap1%3Ap22%2C563%2C000%3Aac%3Aap%3Aneg%3Afi%3Atikwd-576851273475%3Alp1009871%3Ali%3Adec%3Adm%3Appccp%3DUmFuZG9tSVYkc2RlIyh9YUlRwjG4dAJkHxCuUKVzpFo&sid=6501b31231a00a3035b564f903cd02d3&aid=376440&ucfs=1&arphpl=1&group_adults=2&req_adults=2&no_rooms=1&group_children=0&req_children=0&hpos=25&hapos=25&sr_order=popularity&nflt=class%3D3%3Bclass%3D5%3Bclass%3D4&srpvid=6f43399e722601e1&srepoch=1645517502&from=searchresults#hotelTmpl,https://t-cf.bstatic.com/xdata/images/hotel/square200/102884652.webp?k=65c76e4bb7bec411c31ed599ad3c0a3b7475e79553d567d5d3464856b4b5e589&o=&s=1
여수,해와달 펜션,https://www.booking.com/hotel/kr/sunmoon-pension.ko.html?label=bdot-P2XUozRl7Uj73QAuByfkUwS267777897793%3Apl%3Ata%3Ap1%3Ap22%2C563%2C000%3Aac%3Aap%3Aneg%3Afi%3Atikwd-576851273475%3Alp1009871%3Ali%3Adec%3Adm%3Appccp%3DUmFuZG9tSVYkc2RlIyh9YUlRwjG4dAJkHxCuUKVzpFo&sid=6501b31231a00a3035b564f903cd02d3&aid=376440&ucfs=1&arphpl=1&group_adults=2&req_adults=2&no_rooms=1&group_children=0&req_children=0&hpos=1&hapos=26&sr_order=popularity&nflt=class%3D3%3Bclass%3D5%3Bclass%3D4&srpvid=f462399eaf390209&srepoch=1645517502&from=searchresults#hotelTmpl,https://t-cf.bstatic.com/xdata/images/hotel/square200/116561102.webp?k=e2b94ef59136f7a1d3850b5e2fae1194d67570dcdb4286107fcdfc2780366051&o=&s=1
