region,hotel_index,hotel_name,hotel_link
서울,1,콘래드 서울,https://www.booking.com/hotel/kr/conrad-seoul.ko.html?label=bdot-P2XUozRl7Uj73QAuByfkUwS267777897793%3Apl%3Ata%3Ap1%3Ap22%2C563%2C000%3Aac%3Aap%3Aneg%3Afi%3Atikwd-576851273475%3Alp1009871%3Ali%3Adec%3Adm%3Appccp%3DUmFuZG9tSVYkc2RlIyh9YUlRwjG4dAJkHxCuUKVzpFo&sid=6501b31231a00a3035b564f903cd02d3&aid=376440&ucfs=1&arphpl=1&group_adults=2&req_adults=2&no_rooms=1&group_children=0&req_children=0&hpos=1&hapos=1&sr_order=popularity&nflt=class%3D3%3Bclass%3D5%3Bclass%3D4&srpvid=214170cd68de0352&srepoch=1645372957&from=searchresults#hotelTmpl
서울,2,시그니엘,https://www.booking.com/hotel/kr/signiel-seoul.ko.html?label=bdot-P2XUozRl7Uj73QAuByfkUwS267777897793%3Apl%3Ata%3Ap1%3Ap22%2C563%2C000%3Aac%3Aap%3Aneg%3Afi%3Atikwd-576851273475%3Alp1009871%3Ali%3Adec%3Adm%3Appccp%3DUmFuZG9tSVYkc2RlIyh9YUlRwjG4dAJkHxCuUKVzpFo&sid=6501b31231a00a3035b564f903cd02d3&aid=376440&ucfs=1&arphpl=1&group_adults=2&req_adults=2&no_rooms=1&group_children=0&req_children=0&hpos=2&hapos=2&sr_order=popularity&nflt=class%3D3%3Bclass%3D5%3Bclass%3D4&srpvid=214170cd68de0352&srepoch=1645372957&from=searchresults#hotelTmpl
서울,3,그랜드 하얏트 서울,https://www.booking.com/hotel/kr/grand-hyatt-seoul.ko.html?label=bdot-P2XUozRl7Uj73QAuByfkUwS267777897793%3Apl%3Ata%3Ap1%3Ap22%2C563%2C000%3Aac%3Aap%3Aneg%3Afi%3Atikwd-576851273475%3Alp1009871%3Ali%3Adec%3Adm%3Appccp%3DUmFuZG9tSVYkc2RlIyh9YUlRwjG4dAJkHxCuUKVzpFo&sid=6501b31231a00a3035b564f903cd02d3&aid=376440&ucfs=1&arphpl=1&group_adults=2&req_adults=2&no_rooms=1&group_children=0&req_children=0&hpos=3&hapos=3&sr_order=popularity&nflt=class%3D3%3Bclass%3D5%3Bclass%3D4&srpvid=383d411d023d02e8&srepoch=1645434941&from=searchresults#hotelTmpl
서울,4,소피텔 앰배서더 서울 호텔 & 서비스드 레지던스,https://www.booking.com/hotel/kr/sofitel-ambassador-seoul.ko.html?label=bdot-P2XUozRl7Uj73QAuByfkUwS267777897793%3Apl%3Ata%3Ap1%3Ap22%2C563%2C000%3Aac%3Aap%3Aneg%3Afi%3Atikwd-576851273475%3Alp1009871%3Ali%3Adec%3Adm%3Appccp%3DUmFuZG9tSVYkc2RlIyh9YUlRwjG4dAJkHxCuUKVzpFo&sid=6501b31231a00a3035b564f903cd02d3&aid=376440&ucfs=1&arphpl=1&group_adults=2&req_adults=2&no_rooms=1&group_children=0&req_children=0&hpos=4&hapos=4&sr_order=popularity&nflt=class%3D3%3Bclass%3D5%3Bclass%3D4&srpvid=383d411d023d02e8&srepoch=1645434941&from=searchresults#hotelTmpl
서울,5,JW 메리어트 호텔 서울,https://www.booking.com/hotel/kr/jw-marriott-seoul.ko.html?label=bdot-P2XUozRl7Uj73QAuByfkUwS267777897793%3Apl%3Ata%3Ap1%3Ap22%2C563%2C000%3Aac%3Aap%3Aneg%3Afi%3Atikwd-576851273475%3Alp1009871%3Ali%3Adec%3Adm%3Appccp%3DUmFuZG9tSVYkc2RlIyh9YUlRwjG4dAJkHxCuUKVzpFo&sid=6501b31231a00a3035b564f903cd02d3&aid=376440&ucfs=1&arphpl=1&group_adults=2&req_adults=2&no_rooms=1&group_children=0&req_children=0&hpos=5&hapos=5&sr_order=popularity&nflt=class%3D3%3Bclass%3D5%3Bclass%3D4&srpvid=214170cd68de0352&srepoch=1645372957&from=searchresults#hotelTmpl
서울,6,그랜드 인터컨티넨탈 서울 파르나스,https://www.booking.com/hotel/kr/grand-intercontinental-seoul.ko.html?label=bdot-P2XUozRl7Uj73QAuByfkUwS267777897793%3Apl%3Ata%3Ap1%3Ap22%2C563%2C000%3Aac%3Aap%3Aneg%3Afi%3Atikwd-576851273475%3Alp1009871%3Ali%3Adec%3Adm%3Appccp%3DUmFuZG9tSVYkc2RlIyh9YUlRwjG4dAJkHxCuUKVzpFo&sid=6501b31231a00a3035b564f903cd02d3&aid=376440&ucfs=1&arphpl=1&group_adults=2&req_adults=2&no_rooms=1&group_children=0&req_children=0&hpos=6&hapos=6&sr_order=popularity&nflt=class%3D3%3Bclass%3D5%3Bclass%3D4&srpvid=214170cd68de0352&srepoch=1645372957&from=searchresults#hotelTmpl
서울,7,서울 신라호텔,https://www.booking.com/hotel/kr/the-shilla.ko.html?label=bdot-P2XUozRl7Uj73QAuByfkUwS267777897793%3Apl%3Ata%3Ap1%3Ap22%2C563%2C000%3Aac%3Aap%3Aneg%3Afi%3Atikwd-576851273475%3Alp1009871%3Ali%3Adec%3Adm%3Appccp%3DUmFuZG9tSVYkc2RlIyh9YUlRwjG4dAJkHxCuUKVzpFo&sid=6501b31231a00a3035b564f903cd02d3&aid=376440&ucfs=1&arphpl=1&group_adults=2&req_adults=2&no_rooms=1&group_children=0&req_children=0&hpos=7&hapos=7&sr_order=popularity&nflt=class%3D3%3Bclass%3D5%3Bclass%3D4&srpvid=214170cd68de0352&srepoch=1645372957&from=searchresults#hotelTmpl
서울,8,포시즌스 호텔 서울,https://www.booking.com/hotel/kr/four-seasons-seoul.ko.html?label=bdot-P2XUozRl7Uj73QAuByfkUwS267777897793%3Apl%3Ata%3Ap1%3Ap22%2C563%2C000%3Aac%3Aap%3Aneg%3Afi%3Atikwd-576851273475%3Alp1009871%3Ali%3Adec%3Adm%3Appccp%3DUmFuZG9tSVYkc2RlIyh9YUlRwjG4dAJkHxCuUKVzpFo&sid=6501b31231a00a3035b564f903cd02d3&aid=376440&ucfs=1&arphpl=1&group_adults=2&req_adults=2&no_rooms=1&group_children=0&req_children=0&hpos=8&hapos=8&sr_order=popularity&nflt=class%3D3%3Bclass%3D5%3Bclass%3D4&srpvid=214170cd68de0352&srepoch=1645372957&from=searchresults#hotelTmpl
서울,9,안다즈 서울 강남,https://www.booking.com/hotel/kr/andaz-seoul-gangnam.ko.html?label=bdot-P2XUozRl7Uj73QAuByfkUwS267777897793%3Apl%3Ata%3Ap1%3Ap22%2C563%2C000%3Aac%3Aap%3Aneg%3Afi%3Atikwd-576851273475%3Alp1009871%3Ali%3Adec%3Adm%3Appccp%3DUmFuZG9tSVYkc2RlIyh9YUlRwjG4dAJkHxCuUKVzpFo&sid=6501b31231a00a3035b564f903cd02d3&aid=376440&ucfs=1&arphpl=1&group_adults=2&req_adults=2&no_rooms=1&group_children=0&req_children=0&hpos=9&hapos=9&sr_order=popularity&nflt=class%3D3%3Bclass%3D5%3Bclass%3D4&srpvid=383d411d023d02e8&srepoch=1645434941&from=searchresults#hotelTmpl
서울,10,"조선 팰리스 서울 강남, 럭셔리 컬렉션 호텔",https://www.booking.com/hotel/kr/josun-palace-a-luxury-collection-seoul-gangnam.ko.html?label=bdot-P2XUozRl7Uj73QAuByfkUwS267777897793%3Apl%3Ata%3Ap1%3Ap22%2C563%2C000%3Aac%3Aap%3Aneg%3Afi%3Atikwd-576851273475%3Alp1009871%3Ali%3Adec%3Adm%3Appccp%3DUmFuZG9tSVYkc2RlIyh9YUlRwjG4dAJkHxCuUKVzpFo&sid=6501b31231a00a3035b564f903cd02d3&aid=376440&ucfs=1&arphpl=1&group_adults=2&req_adults=2&no_rooms=1&group_children=0&req_children=0&hpos=10&hapos=10&sr_order=popularity&nflt=class%3D3%3Bclass%3D5%3Bclass%3D4&srpvid=383d411d023d02e8&srepoch=1645434941&from=searchresults#hotelTmpl
서울,11,인터컨티넨탈 서울 코엑스,https://www.booking.com/hotel/kr/coex-intercontinental-seoul.ko.html?label=bdot-P2XUozRl7Uj73QAuByfkUwS267777897793%3Apl%3Ata%3Ap1%3Ap22%2C563%2C000%3Aac%3Aap%3Aneg%3Afi%3Atikwd-576851273475%3Alp1009871%3Ali%3Adec%3Adm%3Appccp%3DUmFuZG9tSVYkc2RlIyh9YUlRwjG4dAJkHxCuUKVzpFo&sid=6501b31231a00a3035b564f903cd02d3&aid=376440&ucfs=1&arphpl=1&group_adults=2&req_adults=2&no_rooms=1&group_children=0&req_children=0&hpos=11&hapos=11&sr_order=popularity&nflt=class%3D3%3Bclass%3D5%3Bclass%3D4&srpvid=383d411d023d02e8&srepoch=1645434941&from=searchresults#hotelTmpl
서울,12,롯데 호텔 서울,https://www.booking.com/hotel/kr/lotte-seoul-seoul.ko.html?label=bdot-P2XUozRl7Uj73QAuByfkUwS267777897793%3Apl%3Ata%3Ap1%3Ap22%2C563%2C000%3Aac%3Aap%3Aneg%3Afi%3Atikwd-576851273475%3Alp1009871%3Ali%3Adec%3Adm%3Appccp%3DUmFuZG9tSVYkc2RlIyh9YUlRwjG4dAJkHxCuUKVzpFo&sid=6501b31231a00a3035b564f903cd02d3&aid=376440&ucfs=1&arphpl=1&group_adults=2&req_adults=2&no_rooms=1&group_children=0&req_children=0&hpos=12&hapos=12&sr_order=popularity&nflt=class%3D3%3Bclass%3D5%3Bclass%3D4&srpvid=383d411d023d02e8&srepoch=1645434941&from=searchresults#hotelTmpl
서울,13,몬드리안 서울 이태원,https://www.booking.com/hotel/kr/mondrian-seoul-itaewon.ko.html?label=bdot-P2XUozRl7Uj73QAuByfkUwS267777897793%3Apl%3Ata%3Ap1%3Ap22%2C563%2C000%3Aac%3Aap%3Aneg%3Afi%3Atikwd-576851273475%3Alp1009871%3Ali%3Adec%3Adm%3Appccp%3DUmFuZG9tSVYkc2RlIyh9YUlRwjG4dAJkHxCuUKVzpFo&sid=6501b31231a00a3035b564f903cd02d3&aid=376440&ucfs=1&arphpl=1&group_adults=2&req_adults=2&no_rooms=1&group_children=0&req_children=0&hpos=14&hapos=14&sr_order=popularity&nflt=class%3D3%3Bclass%3D5%3Bclass%3D4&srpvid=383d411d023d02e8&srepoch=1645434941&from=searchresults#hotelTmpl
서울,14,그랜드 머큐어 앰배서더 호텔 앤 레지던스 서울 용산,https://www.booking.com/hotel/kr/grand-mercure-ambassador-seoul-yongsan.ko.html?label=bdot-P2XUozRl7Uj73QAuByfkUwS267777897793%3Apl%3Ata%3Ap1%3Ap22%2C563%2C000%3Aac%3Aap%3Aneg%3Afi%3Atikwd-576851273475%3Alp1009871%3Ali%3Adec%3Adm%3Appccp%3DUmFuZG9tSVYkc2RlIyh9YUlRwjG4dAJkHxCuUKVzpFo&sid=6501b31231a00a3035b564f903cd02d3&aid=376440&ucfs=1&arphpl=1&group_adults=2&req_adults=2&no_rooms=1&group_children=0&req_children=0&hpos=16&hapos=16&sr_order=popularity&nflt=class%3D3%3Bclass%3D5%3Bclass%3D4&srpvid=005c72cbae800021&srepoch=1645373977&from=searchresults#hotelTmpl
서울,15,Millennium Hilton Seoul,https://www.booking.com/hotel/kr/millennium-seoul-hilton.ko.html?label=bdot-P2XUozRl7Uj73QAuByfkUwS267777897793%3Apl%3Ata%3Ap1%3Ap22%2C563%2C000%3Aac%3Aap%3Aneg%3Afi%3Atikwd-576851273475%3Alp1009871%3Ali%3Adec%3Adm%3Appccp%3DUmFuZG9tSVYkc2RlIyh9YUlRwjG4dAJkHxCuUKVzpFo&sid=6501b31231a00a3035b564f903cd02d3&aid=376440&ucfs=1&arphpl=1&group_adults=2&req_adults=2&no_rooms=1&group_children=0&req_children=0&hpos=15&hapos=15&sr_order=popularity&nflt=class%3D3%3Bclass%3D5%3Bclass%3D4&srpvid=383d411d023d02e8&srepoch=1645434941&from=searchresults#hotelTmpl
서울,16,노보텔 스위트 앰배서더 서울 용산,https://www.booking.com/hotel/kr/novotel-suites-ambassador-seoul-yongsan.ko.html?label=bdot-P2XUozRl7Uj73QAuByfkUwS267777897793%3Apl%3Ata%3Ap1%3Ap22%2C563%2C000%3Aac%3Aap%3Aneg%3Afi%3Atikwd-576851273475%3Alp1009871%3Ali%3Adec%3Adm%3Appccp%3DUmFuZG9tSVYkc2RlIyh9YUlRwjG4dAJkHxCuUKVzpFo&sid=6501b31231a00a3035b564f903cd02d3&aid=376440&ucfs=1&arphpl=1&group_adults=2&req_adults=2&no_rooms=1&group_children=0&req_children=0&hpos=17&hapos=17&sr_order=popularity&nflt=class%3D3%3Bclass%3D5%3Bclass%3D4&srpvid=383d411d023d02e8&srepoch=1645434941&from=searchresults#hotelTmpl
서울,17,더클래식500 펜타즈 이그제큐티브 레지던스,https://www.booking.com/hotel/kr/the-classic-500.ko.html?label=bdot-P2XUozRl7Uj73QAuByfkUwS267777897793%3Apl%3Ata%3Ap1%3Ap22%2C563%2C000%3Aac%3Aap%3Aneg%3Afi%3Atikwd-576851273475%3Alp1009871%3Ali%3Adec%3Adm%3Appccp%3DUmFuZG9tSVYkc2RlIyh9YUlRwjG4dAJkHxCuUKVzpFo&sid=6501b31231a00a3035b564f903cd02d3&aid=376440&ucfs=1&arphpl=1&group_adults=2&req_adults=2&no_rooms=1&group_children=0&req_children=0&hpos=18&hapos=18&sr_order=popularity&nflt=class%3D3%3Bclass%3D5%3Bclass%3D4&srpvid=383d411d023d02e8&srepoch=1645434941&from=searchresults#hotelTmpl
서울,18,노보텔 앰배서더 서울 용산,https://www.booking.com/hotel/kr/novotel-ambassador-seoul-yongsan.ko.html?label=bdot-P2XUozRl7Uj73QAuByfkUwS267777897793%3Apl%3Ata%3Ap1%3Ap22%2C563%2C000%3Aac%3Aap%3Aneg%3Afi%3Atikwd-576851273475%3Alp1009871%3Ali%3Adec%3Adm%3Appccp%3DUmFuZG9tSVYkc2RlIyh9YUlRwjG4dAJkHxCuUKVzpFo&sid=6501b31231a00a3035b564f903cd02d3&aid=376440&ucfs=1&arphpl=1&group_adults=2&req_adults=2&no_rooms=1&group_children=0&req_children=0&hpos=16&hapos=16&sr_order=popularity&nflt=class%3D3%3Bclass%3D5%3Bclass%3D4&srpvid=383d411d023d02e8&srepoch=1645434941&from=searchresults#hotelTmpl
서울,19,롯데호텔 월드,https://www.booking.com/hotel/kr/lotte-world.ko.html?label=bdot-P2XUozRl7Uj73QAuByfkUwS267777897793%3Apl%3Ata%3Ap1%3Ap22%2C563%2C000%3Aac%3Aap%3Aneg%3Afi%3Atikwd-576851273475%3Alp1009871%3Ali%3Adec%3Adm%3Appccp%3DUmFuZG9tSVYkc2RlIyh9YUlRwjG4dAJkHxCuUKVzpFo&sid=6501b31231a00a3035b564f903cd02d3&aid=376440&ucfs=1&arphpl=1&group_adults=2&req_adults=2&no_rooms=1&group_children=0&req_children=0&hpos=19&hapos=19&sr_order=popularity&nflt=class%3D3%3Bclass%3D5%3Bclass%3D4&srpvid=383d411d023d02e8&srepoch=1645434941&from=searchresults#hotelTmpl
서울,20,더 웨스틴 조선 서울 호텔,https://www.booking.com/hotel/kr/westin-chosun-seoul.ko.html?label=bdot-P2XUozRl7Uj73QAuByfkUwS267777897793%3Apl%3Ata%3Ap1%3Ap22%2C563%2C000%3Aac%3Aap%3Aneg%3Afi%3Atikwd-576851273475%3Alp1009871%3Ali%3Adec%3Adm%3Appccp%3DUmFuZG9tSVYkc2RlIyh9YUlRwjG4dAJkHxCuUKVzpFo&sid=6501b31231a00a3035b564f903cd02d3&aid=376440&ucfs=1&arphpl=1&group_adults=2&req_adults=2&no_rooms=1&group_children=0&req_children=0&hpos=20&hapos=20&sr_order=popularity&nflt=class%3D3%3Bclass%3D5%3Bclass%3D4&srpvid=383d411d023d02e8&srepoch=1645434941&from=searchresults#hotelTmpl
서울,21,노보텔 앰배서더 서울 동대문 호텔 앤 레지던스,https://www.booking.com/hotel/kr/novotel-ambassador-seoul-dongdaemun.ko.html?label=bdot-P2XUozRl7Uj73QAuByfkUwS267777897793%3Apl%3Ata%3Ap1%3Ap22%2C563%2C000%3Aac%3Aap%3Aneg%3Afi%3Atikwd-576851273475%3Alp1009871%3Ali%3Adec%3Adm%3Appccp%3DUmFuZG9tSVYkc2RlIyh9YUlRwjG4dAJkHxCuUKVzpFo&sid=6501b31231a00a3035b564f903cd02d3&aid=376440&ucfs=1&arphpl=1&group_adults=2&req_adults=2&no_rooms=1&group_children=0&req_children=0&hpos=19&hapos=19&sr_order=popularity&nflt=class%3D3%3Bclass%3D5%3Bclass%3D4&srpvid=214170cd68de0352&srepoch=1645372957&from=searchresults#hotelTmpl
서울,22,페어몬트 앰배서더 서울,https://www.booking.com/hotel/kr/fairmont-ambassador-seoul.ko.html?label=bdot-P2XUozRl7Uj73QAuByfkUwS267777897793%3Apl%3Ata%3Ap1%3Ap22%2C563%2C000%3Aac%3Aap%3Aneg%3Afi%3Atikwd-576851273475%3Alp1009871%3Ali%3Adec%3Adm%3Appccp%3DUmFuZG9tSVYkc2RlIyh9YUlRwjG4dAJkHxCuUKVzpFo&sid=6501b31231a00a3035b564f903cd02d3&aid=376440&ucfs=1&arphpl=1&group_adults=2&req_adults=2&no_rooms=1&group_children=0&req_children=0&hpos=22&hapos=22&sr_order=popularity&nflt=class%3D3%3Bclass%3D5%3Bclass%3D4&srpvid=383d411d023d02e8&srepoch=1645434941&from=searchresults#hotelTmpl
서울,23,롯데호텔 서울 이그제큐티브 타워,https://www.booking.com/hotel/kr/lotte-seoul-grand-tower.ko.html?label=bdot-P2XUozRl7Uj73QAuByfkUwS267777897793%3Apl%3Ata%3Ap1%3Ap22%2C563%2C000%3Aac%3Aap%3Aneg%3Afi%3Atikwd-576851273475%3Alp1009871%3Ali%3Adec%3Adm%3Appccp%3DUmFuZG9tSVYkc2RlIyh9YUlRwjG4dAJkHxCuUKVzpFo&sid=6501b31231a00a3035b564f903cd02d3&aid=376440&ucfs=1&arphpl=1&group_adults=2&req_adults=2&no_rooms=1&group_children=0&req_children=0&hpos=21&hapos=21&sr_order=popularity&nflt=class%3D3%3Bclass%3D5%3Bclass%3D4&srpvid=214170cd68de0352&srepoch=1645372957&from=searchresults#hotelTmpl
서울,24,"스위스 그랜드 호텔 & 그랜드 스위트 (구, 그랜드 힐튼 호텔)",https://www.booking.com/hotel/kr/grand-hilton-seoul.ko.html?label=bdot-P2XUozRl7Uj73QAuByfkUwS267777897793%3Apl%3Ata%3Ap1%3Ap22%2C563%2C000%3Aac%3Aap%3Aneg%3Afi%3Atikwd-576851273475%3Alp1009871%3Ali%3Adec%3Adm%3Appccp%3DUmFuZG9tSVYkc2RlIyh9YUlRwjG4dAJkHxCuUKVzpFo&sid=6501b31231a00a3035b564f903cd02d3&aid=376440&ucfs=1&arphpl=1&group_adults=2&req_adults=2&no_rooms=1&group_children=0&req_children=0&hpos=22&hapos=22&sr_order=popularity&nflt=class%3D3%3Bclass%3D5%3Bclass%3D4&srpvid=214170cd68de0352&srepoch=1645372957&from=searchresults#hotelTmpl
서울,25,JW 메리어트 동대문스퀘어 서울,https://www.booking.com/hotel/kr/jw-marriott-dongdaemun-square-seoul.ko.html?label=bdot-P2XUozRl7Uj73QAuByfkUwS267777897793%3Apl%3Ata%3Ap1%3Ap22%2C563%2C000%3Aac%3Aap%3Aneg%3Afi%3Atikwd-576851273475%3Alp1009871%3Ali%3Adec%3Adm%3Appccp%3DUmFuZG9tSVYkc2RlIyh9YUlRwjG4dAJkHxCuUKVzpFo&sid=6501b31231a00a3035b564f903cd02d3&aid=376440&ucfs=1&arphpl=1&group_adults=2&req_adults=2&no_rooms=1&group_children=0&req_children=0&hpos=24&hapos=24&sr_order=popularity&nflt=class%3D3%3Bclass%3D5%3Bclass%3D4&srpvid=383d411d023d02e8&srepoch=1645434941&from=searchresults#hotelTmpl
서울,26,"더 플라자 서울, 오토그래프 컬렉션",https://www.booking.com/hotel/kr/theplaza.ko.html?label=bdot-P2XUozRl7Uj73QAuByfkUwS267777897793%3Apl%3Ata%3Ap1%3Ap22%2C563%2C000%3Aac%3Aap%3Aneg%3Afi%3Atikwd-576851273475%3Alp1009871%3Ali%3Adec%3Adm%3Appccp%3DUmFuZG9tSVYkc2RlIyh9YUlRwjG4dAJkHxCuUKVzpFo&sid=6501b31231a00a3035b564f903cd02d3&aid=376440&ucfs=1&arphpl=1&group_adults=2&req_adults=2&no_rooms=1&group_children=0&req_children=0&hpos=25&hapos=25&sr_order=popularity&nflt=class%3D3%3Bclass%3D5%3Bclass%3D4&srpvid=383d411d023d02e8&srepoch=1645434941&from=searchresults#hotelTmpl
서울,27,메이필드 호텔 서울,https://www.booking.com/hotel/kr/mayfield.ko.html?label=bdot-P2XUozRl7Uj73QAuByfkUwS267777897793%3Apl%3Ata%3Ap1%3Ap22%2C563%2C000%3Aac%3Aap%3Aneg%3Afi%3Atikwd-576851273475%3Alp1009871%3Ali%3Adec%3Adm%3Appccp%3DUmFuZG9tSVYkc2RlIyh9YUlRwjG4dAJkHxCuUKVzpFo&sid=6501b31231a00a3035b564f903cd02d3&aid=376440&ucfs=1&arphpl=1&group_adults=2&req_adults=2&no_rooms=1&group_children=0&req_children=0&hpos=1&hapos=26&sr_order=popularity&nflt=class%3D3%3Bclass%3D5%3Bclass%3D4&srpvid=d5bb4ef32e1b0223&srepoch=1645442025&from=searchresults#hotelTmpl
서울,28,반얀트리 클럽 앤 스파 서울,https://www.booking.com/hotel/kr/banyan-tree-club.ko.html?label=bdot-P2XUozRl7Uj73QAuByfkUwS267777897793%3Apl%3Ata%3Ap1%3Ap22%2C563%2C000%3Aac%3Aap%3Aneg%3Afi%3Atikwd-576851273475%3Alp1009871%3Ali%3Adec%3Adm%3Appccp%3DUmFuZG9tSVYkc2RlIyh9YUlRwjG4dAJkHxCuUKVzpFo&sid=6501b31231a00a3035b564f903cd02d3&aid=376440&ucfs=1&arphpl=1&group_adults=2&req_adults=2&no_rooms=1&group_children=0&req_children=0&hpos=3&hapos=28&sr_order=popularity&nflt=class%3D3%3Bclass%3D5%3Bclass%3D4&srpvid=d5bb4ef32e1b0223&srepoch=1645442025&from=searchresults#hotelTmpl
서울,29,워커힐 더글라스 하우스 (No Kids Zone),https://www.booking.com/hotel/kr/walkerhill-douglas-house.ko.html?label=bdot-P2XUozRl7Uj73QAuByfkUwS267777897793%3Apl%3Ata%3Ap1%3Ap22%2C563%2C000%3Aac%3Aap%3Aneg%3Afi%3Atikwd-576851273475%3Alp1009871%3Ali%3Adec%3Adm%3Appccp%3DUmFuZG9tSVYkc2RlIyh9YUlRwjG4dAJkHxCuUKVzpFo&sid=6501b31231a00a3035b564f903cd02d3&aid=376440&ucfs=1&arphpl=1&group_adults=2&req_adults=2&no_rooms=1&group_children=0&req_children=0&hpos=4&hapos=29&sr_order=popularity&nflt=class%3D3%3Bclass%3D5%3Bclass%3D4&srpvid=d5bb4ef32e1b0223&srepoch=1645442025&from=searchresults#hotelTmpl
서울,30,오크우드 프리미어 코엑스 센터,https://www.booking.com/hotel/kr/oakwood-premier-coex-center-seoul.ko.html?label=bdot-P2XUozRl7Uj73QAuByfkUwS267777897793%3Apl%3Ata%3Ap1%3Ap22%2C563%2C000%3Aac%3Aap%3Aneg%3Afi%3Atikwd-576851273475%3Alp1009871%3Ali%3Adec%3Adm%3Appccp%3DUmFuZG9tSVYkc2RlIyh9YUlRwjG4dAJkHxCuUKVzpFo&sid=6501b31231a00a3035b564f903cd02d3&aid=376440&ucfs=1&arphpl=1&group_adults=2&req_adults=2&no_rooms=1&group_children=0&req_children=0&hpos=5&hapos=30&sr_order=popularity&nflt=class%3D3%3Bclass%3D5%3Bclass%3D4&srpvid=d5bb4ef32e1b0223&srepoch=1645442025&from=searchresults#hotelTmpl
서울,31,파크 하얏트 서울,https://www.booking.com/hotel/kr/park-hyatt-seoul.ko.html?label=bdot-P2XUozRl7Uj73QAuByfkUwS267777897793%3Apl%3Ata%3Ap1%3Ap22%2C563%2C000%3Aac%3Aap%3Aneg%3Afi%3Atikwd-576851273475%3Alp1009871%3Ali%3Adec%3Adm%3Appccp%3DUmFuZG9tSVYkc2RlIyh9YUlRwjG4dAJkHxCuUKVzpFo&sid=6501b31231a00a3035b564f903cd02d3&aid=376440&ucfs=1&arphpl=1&group_adults=2&req_adults=2&no_rooms=1&group_children=0&req_children=0&hpos=6&hapos=31&sr_order=popularity&nflt=class%3D3%3Bclass%3D5%3Bclass%3D4&srpvid=d5bb4ef32e1b0223&srepoch=1645442025&from=searchresults#hotelTmpl
서울,32,그랜드 워커힐 서울,https://www.booking.com/hotel/kr/sheraton-grande-wakerhill.ko.html?label=bdot-P2XUozRl7Uj73QAuByfkUwS267777897793%3Apl%3Ata%3Ap1%3Ap22%2C563%2C000%3Aac%3Aap%3Aneg%3Afi%3Atikwd-576851273475%3Alp1009871%3Ali%3Adec%3Adm%3Appccp%3DUmFuZG9tSVYkc2RlIyh9YUlRwjG4dAJkHxCuUKVzpFo&sid=6501b31231a00a3035b564f903cd02d3&aid=376440&ucfs=1&arphpl=1&group_adults=2&req_adults=2&no_rooms=1&group_children=0&req_children=0&hpos=7&hapos=32&sr_order=popularity&nflt=class%3D3%3Bclass%3D5%3Bclass%3D4&srpvid=d5bb4ef32e1b0223&srepoch=1645442025&from=searchresults#hotelTmpl
서울,33,비스타 워커힐 서울,https://www.booking.com/hotel/kr/w-seoul-walkerhill.ko.html?label=bdot-P2XUozRl7Uj73QAuByfkUwS267777897793%3Apl%3Ata%3Ap1%3Ap22%2C563%2C000%3Aac%3Aap%3Aneg%3Afi%3Atikwd-576851273475%3Alp1009871%3Ali%3Adec%3Adm%3Appccp%3DUmFuZG9tSVYkc2RlIyh9YUlRwjG4dAJkHxCuUKVzpFo&sid=6501b31231a00a3035b564f903cd02d3&aid=376440&ucfs=1&arphpl=1&group_adults=2&req_adults=2&no_rooms=1&group_children=0&req_children=0&hpos=8&hapos=33&sr_order=popularity&nflt=class%3D3%3Bclass%3D5%3Bclass%3D4&srpvid=d5bb4ef32e1b0223&srepoch=1645442025&from=searchresults#hotelTmpl
서울,34,앰배서더 서울 풀만 호텔,https://www.booking.com/hotel/kr/grand-ambassador-seoul-associated-with-pullman.ko.html?label=bdot-P2XUozRl7Uj73QAuByfkUwS267777897793%3Apl%3Ata%3Ap1%3Ap22%2C563%2C000%3Aac%3Aap%3Aneg%3Afi%3Atikwd-576851273475%3Alp1009871%3Ali%3Adec%3Adm%3Appccp%3DUmFuZG9tSVYkc2RlIyh9YUlRwjG4dAJkHxCuUKVzpFo&sid=6501b31231a00a3035b564f903cd02d3&aid=376440&ucfs=1&arphpl=1&group_adults=2&req_adults=2&no_rooms=1&group_children=0&req_children=0&hpos=9&hapos=34&sr_order=popularity&nflt=class%3D3%3Bclass%3D5%3Bclass%3D4&srpvid=d5bb4ef32e1b0223&srepoch=1645442025&from=searchresults#hotelTmpl
서울,35,"포포인츠 바이 쉐라톤 조선, 서울역",https://www.booking.com/hotel/kr/four-points-by-sheraton-seoul-namsan.ko.html?label=bdot-P2XUozRl7Uj73QAuByfkUwS267777897793%3Apl%3Ata%3Ap1%3Ap22%2C563%2C000%3Aac%3Aap%3Aneg%3Afi%3Atikwd-576851273475%3Alp1009871%3Ali%3Adec%3Adm%3Appccp%3DUmFuZG9tSVYkc2RlIyh9YUlRwjG4dAJkHxCuUKVzpFo&sid=6501b31231a00a3035b564f903cd02d3&aid=376440&ucfs=1&arphpl=1&group_adults=2&req_adults=2&no_rooms=1&group_children=0&req_children=0&hpos=10&hapos=35&sr_order=popularity&nflt=class%3D3%3Bclass%3D5%3Bclass%3D4&srpvid=d5bb4ef32e1b0223&srepoch=1645442025&from=searchresults#hotelTmpl
서울,36,화이트 린넨 하우스,https://www.booking.com/hotel/kr/modern-house-77.ko.html?label=bdot-P2XUozRl7Uj73QAuByfkUwS267777897793%3Apl%3Ata%3Ap1%3Ap22%2C563%2C000%3Aac%3Aap%3Aneg%3Afi%3Atikwd-576851273475%3Alp1009871%3Ali%3Adec%3Adm%3Appccp%3DUmFuZG9tSVYkc2RlIyh9YUlRwjG4dAJkHxCuUKVzpFo&sid=6501b31231a00a3035b564f903cd02d3&aid=376440&ucfs=1&arphpl=1&group_adults=2&req_adults=2&no_rooms=1&group_children=0&req_children=0&hpos=11&hapos=36&sr_order=popularity&nflt=class%3D3%3Bclass%3D5%3Bclass%3D4&srpvid=d5bb4ef32e1b0223&srepoch=1645442025&from=searchresults#hotelTmpl
서울,37,L7 강남 바이 롯데,https://www.booking.com/hotel/kr/l7-gangnam.ko.html?label=bdot-P2XUozRl7Uj73QAuByfkUwS267777897793%3Apl%3Ata%3Ap1%3Ap22%2C563%2C000%3Aac%3Aap%3Aneg%3Afi%3Atikwd-576851273475%3Alp1009871%3Ali%3Adec%3Adm%3Appccp%3DUmFuZG9tSVYkc2RlIyh9YUlRwjG4dAJkHxCuUKVzpFo&sid=6501b31231a00a3035b564f903cd02d3&aid=376440&ucfs=1&arphpl=1&group_adults=2&req_adults=2&no_rooms=1&group_children=0&req_children=0&hpos=12&hapos=37&sr_order=popularity&nflt=class%3D3%3Bclass%3D5%3Bclass%3D4&srpvid=d5bb4ef32e1b0223&srepoch=1645442025&from=searchresults#hotelTmpl
서울,38,호텔 피제이 명동,https://www.booking.com/hotel/kr/pj.ko.html?label=bdot-P2XUozRl7Uj73QAuByfkUwS267777897793%3Apl%3Ata%3Ap1%3Ap22%2C563%2C000%3Aac%3Aap%3Aneg%3Afi%3Atikwd-576851273475%3Alp1009871%3Ali%3Adec%3Adm%3Appccp%3DUmFuZG9tSVYkc2RlIyh9YUlRwjG4dAJkHxCuUKVzpFo&sid=6501b31231a00a3035b564f903cd02d3&aid=376440&ucfs=1&arphpl=1&group_adults=2&req_adults=2&no_rooms=1&group_children=0&req_children=0&hpos=13&hapos=38&sr_order=popularity&nflt=class%3D3%3Bclass%3D5%3Bclass%3D4&srpvid=d5bb4ef32e1b0223&srepoch=1645442025&from=searchresults#hotelTmpl
서울,39,알로프트 서울 명동,https://www.booking.com/hotel/kr/aloft-seoul-myeongdong.ko.html?label=bdot-P2XUozRl7Uj73QAuByfkUwS267777897793%3Apl%3Ata%3Ap1%3Ap22%2C563%2C000%3Aac%3Aap%3Aneg%3Afi%3Atikwd-576851273475%3Alp1009871%3Ali%3Adec%3Adm%3Appccp%3DUmFuZG9tSVYkc2RlIyh9YUlRwjG4dAJkHxCuUKVzpFo&sid=6501b31231a00a3035b564f903cd02d3&aid=376440&ucfs=1&arphpl=1&group_adults=2&req_adults=2&no_rooms=1&group_children=0&req_children=0&hpos=14&hapos=39&sr_order=popularity&nflt=class%3D3%3Bclass%3D5%3Bclass%3D4&srpvid=d5bb4ef32e1b0223&srepoch=1645442025&from=searchresults#hotelTmpl
서울,40,머큐어 앰배서더 서울 홍대,https://www.booking.com/hotel/kr/mercure-ambassador-seoul-hongdae.ko.html?label=bdot-P2XUozRl7Uj73QAuByfkUwS267777897793%3Apl%3Ata%3Ap1%3Ap22%2C563%2C000%3Aac%3Aap%3Aneg%3Afi%3Atikwd-576851273475%3Alp1009871%3Ali%3Adec%3Adm%3Appccp%3DUmFuZG9tSVYkc2RlIyh9YUlRwjG4dAJkHxCuUKVzpFo&sid=6501b31231a00a3035b564f903cd02d3&aid=376440&ucfs=1&arphpl=1&group_adults=2&req_adults=2&no_rooms=1&group_children=0&req_children=0&hpos=15&hapos=40&sr_order=popularity&nflt=class%3D3%3Bclass%3D5%3Bclass%3D4&srpvid=d5bb4ef32e1b0223&srepoch=1645442025&from=searchresults#hotelTmpl
서울,41,"RYSE, Autograph Collection Seoul",https://www.booking.com/hotel/kr/ryse-autograph-collection-korea.ko.html?label=bdot-P2XUozRl7Uj73QAuByfkUwS267777897793%3Apl%3Ata%3Ap1%3Ap22%2C563%2C000%3Aac%3Aap%3Aneg%3Afi%3Atikwd-576851273475%3Alp1009871%3Ali%3Adec%3Adm%3Appccp%3DUmFuZG9tSVYkc2RlIyh9YUlRwjG4dAJkHxCuUKVzpFo&sid=6501b31231a00a3035b564f903cd02d3&aid=376440&ucfs=1&arphpl=1&group_adults=2&req_adults=2&no_rooms=1&group_children=0&req_children=0&hpos=16&hapos=41&sr_order=popularity&nflt=class%3D3%3Bclass%3D5%3Bclass%3D4&srpvid=d5bb4ef32e1b0223&srepoch=1645442025&from=searchresults#hotelTmpl
서울,42,코트야드 메리어트 서울 타임스퀘어,https://www.booking.com/hotel/kr/courtyard-by-marriott.ko.html?label=bdot-P2XUozRl7Uj73QAuByfkUwS267777897793%3Apl%3Ata%3Ap1%3Ap22%2C563%2C000%3Aac%3Aap%3Aneg%3Afi%3Atikwd-576851273475%3Alp1009871%3Ali%3Adec%3Adm%3Appccp%3DUmFuZG9tSVYkc2RlIyh9YUlRwjG4dAJkHxCuUKVzpFo&sid=6501b31231a00a3035b564f903cd02d3&aid=376440&ucfs=1&arphpl=1&group_adults=2&req_adults=2&no_rooms=1&group_children=0&req_children=0&hpos=17&hapos=42&sr_order=popularity&nflt=class%3D3%3Bclass%3D5%3Bclass%3D4&srpvid=d5bb4ef32e1b0223&srepoch=1645442025&from=searchresults#hotelTmpl
서울,43,오라카이 인사동스위츠,https://www.booking.com/hotel/kr/orakai-insadong-suites.ko.html?label=bdot-P2XUozRl7Uj73QAuByfkUwS267777897793%3Apl%3Ata%3Ap1%3Ap22%2C563%2C000%3Aac%3Aap%3Aneg%3Afi%3Atikwd-576851273475%3Alp1009871%3Ali%3Adec%3Adm%3Appccp%3DUmFuZG9tSVYkc2RlIyh9YUlRwjG4dAJkHxCuUKVzpFo&sid=6501b31231a00a3035b564f903cd02d3&aid=376440&ucfs=1&arphpl=1&group_adults=2&req_adults=2&no_rooms=1&group_children=0&req_children=0&hpos=18&hapos=43&sr_order=popularity&nflt=class%3D3%3Bclass%3D5%3Bclass%3D4&srpvid=d5bb4ef32e1b0223&srepoch=1645442025&from=searchresults#hotelTmpl
서울,44,"Four Points by Sheraton Josun, Seoul Myeongdong",https://www.booking.com/hotel/kr/four-points-by-sheraton-seoul-myeongdong.ko.html?label=bdot-P2XUozRl7Uj73QAuByfkUwS267777897793%3Apl%3Ata%3Ap1%3Ap22%2C563%2C000%3Aac%3Aap%3Aneg%3Afi%3Atikwd-576851273475%3Alp1009871%3Ali%3Adec%3Adm%3Appccp%3DUmFuZG9tSVYkc2RlIyh9YUlRwjG4dAJkHxCuUKVzpFo&sid=6501b31231a00a3035b564f903cd02d3&aid=376440&ucfs=1&arphpl=1&group_adults=2&req_adults=2&no_rooms=1&group_children=0&req_children=0&hpos=19&hapos=44&sr_order=popularity&nflt=class%3D3%3Bclass%3D5%3Bclass%3D4&srpvid=d5bb4ef32e1b0223&srepoch=1645442025&from=searchresults#hotelTmpl
서울,45,신라스테이 광화문,https://www.booking.com/hotel/kr/shilla-stay-gwanghwamun.ko.html?label=bdot-P2XUozRl7Uj73QAuByfkUwS267777897793%3Apl%3Ata%3Ap1%3Ap22%2C563%2C000%3Aac%3Aap%3Aneg%3Afi%3Atikwd-576851273475%3Alp1009871%3Ali%3Adec%3Adm%3Appccp%3DUmFuZG9tSVYkc2RlIyh9YUlRwjG4dAJkHxCuUKVzpFo&sid=6501b31231a00a3035b564f903cd02d3&aid=376440&ucfs=1&arphpl=1&group_adults=2&req_adults=2&no_rooms=1&group_children=0&req_children=0&hpos=20&hapos=45&sr_order=popularity&nflt=class%3D3%3Bclass%3D5%3Bclass%3D4&srpvid=d5bb4ef32e1b0223&srepoch=1645442025&from=searchresults#hotelTmpl
서울,46,프레이저 플레이스 센트럴 서울,https://www.booking.com/hotel/kr/fraser-place-central-seoul.ko.html?label=bdot-P2XUozRl7Uj73QAuByfkUwS267777897793%3Apl%3Ata%3Ap1%3Ap22%2C563%2C000%3Aac%3Aap%3Aneg%3Afi%3Atikwd-576851273475%3Alp1009871%3Ali%3Adec%3Adm%3Appccp%3DUmFuZG9tSVYkc2RlIyh9YUlRwjG4dAJkHxCuUKVzpFo&sid=6501b31231a00a3035b564f903cd02d3&aid=376440&ucfs=1&arphpl=1&group_adults=2&req_adults=2&no_rooms=1&group_children=0&req_children=0&hpos=21&hapos=46&sr_order=popularity&nflt=class%3D3%3Bclass%3D5%3Bclass%3D4&srpvid=d5bb4ef32e1b0223&srepoch=1645442025&from=searchresults#hotelTmpl
서울,47,롯데시티호텔 명동,https://www.booking.com/hotel/kr/lotte-city-seoul-myeongdong.ko.html?label=bdot-P2XUozRl7Uj73QAuByfkUwS267777897793%3Apl%3Ata%3Ap1%3Ap22%2C563%2C000%3Aac%3Aap%3Aneg%3Afi%3Atikwd-576851273475%3Alp1009871%3Ali%3Adec%3Adm%3Appccp%3DUmFuZG9tSVYkc2RlIyh9YUlRwjG4dAJkHxCuUKVzpFo&sid=6501b31231a00a3035b564f903cd02d3&aid=376440&ucfs=1&arphpl=1&group_adults=2&req_adults=2&no_rooms=1&group_children=0&req_children=0&hpos=22&hapos=47&sr_order=popularity&nflt=class%3D3%3Bclass%3D5%3Bclass%3D4&srpvid=d5bb4ef32e1b0223&srepoch=1645442025&from=searchresults#hotelTmpl
서울,48,서머셋팰리스 서울,https://www.booking.com/hotel/kr/somerset-palace-seoul.ko.html?label=bdot-P2XUozRl7Uj73QAuByfkUwS267777897793%3Apl%3Ata%3Ap1%3Ap22%2C563%2C000%3Aac%3Aap%3Aneg%3Afi%3Atikwd-576851273475%3Alp1009871%3Ali%3Adec%3Adm%3Appccp%3DUmFuZG9tSVYkc2RlIyh9YUlRwjG4dAJkHxCuUKVzpFo&sid=6501b31231a00a3035b564f903cd02d3&aid=376440&ucfs=1&arphpl=1&group_adults=2&req_adults=2&no_rooms=1&group_children=0&req_children=0&hpos=23&hapos=48&sr_order=popularity&nflt=class%3D3%3Bclass%3D5%3Bclass%3D4&srpvid=d5bb4ef32e1b0223&srepoch=1645442025&from=searchresults#hotelTmpl
서울,49,메리어트 이그제큐티브 아파트먼트 서울,https://www.booking.com/hotel/kr/marriott-executive-apartment.ko.html?label=bdot-P2XUozRl7Uj73QAuByfkUwS267777897793%3Apl%3Ata%3Ap1%3Ap22%2C563%2C000%3Aac%3Aap%3Aneg%3Afi%3Atikwd-576851273475%3Alp1009871%3Ali%3Adec%3Adm%3Appccp%3DUmFuZG9tSVYkc2RlIyh9YUlRwjG4dAJkHxCuUKVzpFo&sid=6501b31231a00a3035b564f903cd02d3&aid=376440&ucfs=1&arphpl=1&group_adults=2&req_adults=2&no_rooms=1&group_children=0&req_children=0&hpos=24&hapos=49&sr_order=popularity&nflt=class%3D3%3Bclass%3D5%3Bclass%3D4&srpvid=d5bb4ef32e1b0223&srepoch=1645442025&from=searchresults#hotelTmpl
서울,50,L7 홍대 바이 롯데,https://www.booking.com/hotel/kr/l7-hongdae.ko.html?label=bdot-P2XUozRl7Uj73QAuByfkUwS267777897793%3Apl%3Ata%3Ap1%3Ap22%2C563%2C000%3Aac%3Aap%3Aneg%3Afi%3Atikwd-576851273475%3Alp1009871%3Ali%3Adec%3Adm%3Appccp%3DUmFuZG9tSVYkc2RlIyh9YUlRwjG4dAJkHxCuUKVzpFo&sid=6501b31231a00a3035b564f903cd02d3&aid=376440&ucfs=1&arphpl=1&group_adults=2&req_adults=2&no_rooms=1&group_children=0&req_children=0&hpos=25&hapos=50&sr_order=popularity&nflt=class%3D3%3Bclass%3D5%3Bclass%3D4&srpvid=d5bb4ef32e1b0223&srepoch=1645442025&from=searchresults#hotelTmpl
서울,51,L7 명동 바이 롯데,https://www.booking.com/hotel/kr/l7-myeongdong-by-lotte.ko.html?label=bdot-P2XUozRl7Uj73QAuByfkUwS267777897793%3Apl%3Ata%3Ap1%3Ap22%2C563%2C000%3Aac%3Aap%3Aneg%3Afi%3Atikwd-576851273475%3Alp1009871%3Ali%3Adec%3Adm%3Appccp%3DUmFuZG9tSVYkc2RlIyh9YUlRwjG4dAJkHxCuUKVzpFo&sid=6501b31231a00a3035b564f903cd02d3&aid=376440&ucfs=1&arphpl=1&group_adults=2&req_adults=2&no_rooms=1&group_children=0&req_children=0&hpos=1&hapos=51&sr_order=popularity&nflt=class%3D3%3Bclass%3D5%3Bclass%3D4&srpvid=5f2c5879bcb0005f&srepoch=1645446901&from=searchresults#hotelTmpl
서울,52,포포인츠 바이 쉐라톤 서울 구로,https://www.booking.com/hotel/kr/best-western-premier-guro.ko.html?label=bdot-P2XUozRl7Uj73QAuByfkUwS267777897793%3Apl%3Ata%3Ap1%3Ap22%2C563%2C000%3Aac%3Aap%3Aneg%3Afi%3Atikwd-576851273475%3Alp1009871%3Ali%3Adec%3Adm%3Appccp%3DUmFuZG9tSVYkc2RlIyh9YUlRwjG4dAJkHxCuUKVzpFo&sid=6501b31231a00a3035b564f903cd02d3&aid=376440&ucfs=1&arphpl=1&group_adults=2&req_adults=2&no_rooms=1&group_children=0&req_children=0&hpos=2&hapos=52&sr_order=popularity&nflt=class%3D3%3Bclass%3D5%3Bclass%3D4&srpvid=5f2c5879bcb0005f&srepoch=1645446901&from=searchresults#hotelTmpl
서울,53,ENA 스위트 호텔 남대문,https://www.booking.com/hotel/kr/ena-suite-namdaemun.ko.html?label=bdot-P2XUozRl7Uj73QAuByfkUwS267777897793%3Apl%3Ata%3Ap1%3Ap22%2C563%2C000%3Aac%3Aap%3Aneg%3Afi%3Atikwd-576851273475%3Alp1009871%3Ali%3Adec%3Adm%3Appccp%3DUmFuZG9tSVYkc2RlIyh9YUlRwjG4dAJkHxCuUKVzpFo&sid=6501b31231a00a3035b564f903cd02d3&aid=376440&ucfs=1&arphpl=1&group_adults=2&req_adults=2&no_rooms=1&group_children=0&req_children=0&hpos=3&hapos=53&sr_order=popularity&nflt=class%3D3%3Bclass%3D5%3Bclass%3D4&srpvid=5f2c5879bcb0005f&srepoch=1645446901&from=searchresults#hotelTmpl
서울,54,유리앤 호텔,https://www.booking.com/hotel/kr/uri-amp.ko.html?label=bdot-P2XUozRl7Uj73QAuByfkUwS267777897793%3Apl%3Ata%3Ap1%3Ap22%2C563%2C000%3Aac%3Aap%3Aneg%3Afi%3Atikwd-576851273475%3Alp1009871%3Ali%3Adec%3Adm%3Appccp%3DUmFuZG9tSVYkc2RlIyh9YUlRwjG4dAJkHxCuUKVzpFo&sid=6501b31231a00a3035b564f903cd02d3&aid=376440&ucfs=1&arphpl=1&group_adults=2&req_adults=2&no_rooms=1&group_children=0&req_children=0&hpos=4&hapos=54&sr_order=popularity&nflt=class%3D3%3Bclass%3D5%3Bclass%3D4&srpvid=5f2c5879bcb0005f&srepoch=1645446901&from=searchresults#hotelTmpl
서울,55,오클라우드 호텔 강남,https://www.booking.com/hotel/kr/ocloud.ko.html?label=bdot-P2XUozRl7Uj73QAuByfkUwS267777897793%3Apl%3Ata%3Ap1%3Ap22%2C563%2C000%3Aac%3Aap%3Aneg%3Afi%3Atikwd-576851273475%3Alp1009871%3Ali%3Adec%3Adm%3Appccp%3DUmFuZG9tSVYkc2RlIyh9YUlRwjG4dAJkHxCuUKVzpFo&sid=6501b31231a00a3035b564f903cd02d3&aid=376440&ucfs=1&arphpl=1&group_adults=2&req_adults=2&no_rooms=1&group_children=0&req_children=0&hpos=5&hapos=55&sr_order=popularity&nflt=class%3D3%3Bclass%3D5%3Bclass%3D4&srpvid=5f2c5879bcb0005f&srepoch=1645446901&from=searchresults#hotelTmpl
서울,56,이비스 스타일 앰배서더 서울 용산,https://www.booking.com/hotel/kr/ibis-styles-ambassador-seoul-yongsan.ko.html?label=bdot-P2XUozRl7Uj73QAuByfkUwS267777897793%3Apl%3Ata%3Ap1%3Ap22%2C563%2C000%3Aac%3Aap%3Aneg%3Afi%3Atikwd-576851273475%3Alp1009871%3Ali%3Adec%3Adm%3Appccp%3DUmFuZG9tSVYkc2RlIyh9YUlRwjG4dAJkHxCuUKVzpFo&sid=6501b31231a00a3035b564f903cd02d3&aid=376440&ucfs=1&arphpl=1&group_adults=2&req_adults=2&no_rooms=1&group_children=0&req_children=0&hpos=6&hapos=56&sr_order=popularity&nflt=class%3D3%3Bclass%3D5%3Bclass%3D4&srpvid=5f2c5879bcb0005f&srepoch=1645446901&from=searchresults#hotelTmpl
서울,57,서울 리베라 호텔,https://www.booking.com/hotel/kr/seoul-riviera-hotel.ko.html?label=bdot-P2XUozRl7Uj73QAuByfkUwS267777897793%3Apl%3Ata%3Ap1%3Ap22%2C563%2C000%3Aac%3Aap%3Aneg%3Afi%3Atikwd-576851273475%3Alp1009871%3Ali%3Adec%3Adm%3Appccp%3DUmFuZG9tSVYkc2RlIyh9YUlRwjG4dAJkHxCuUKVzpFo&sid=6501b31231a00a3035b564f903cd02d3&aid=376440&ucfs=1&arphpl=1&group_adults=2&req_adults=2&no_rooms=1&group_children=0&req_children=0&hpos=7&hapos=57&sr_order=popularity&nflt=class%3D3%3Bclass%3D5%3Bclass%3D4&srpvid=5f2c5879bcb0005f&srepoch=1645446901&from=searchresults#hotelTmpl
서울,58,노보텔 앰배서더 서울 강남,https://www.booking.com/hotel/kr/ambassador-gangnam-seoul.ko.html?label=bdot-P2XUozRl7Uj73QAuByfkUwS267777897793%3Apl%3Ata%3Ap1%3Ap22%2C563%2C000%3Aac%3Aap%3Aneg%3Afi%3Atikwd-576851273475%3Alp1009871%3Ali%3Adec%3Adm%3Appccp%3DUmFuZG9tSVYkc2RlIyh9YUlRwjG4dAJkHxCuUKVzpFo&sid=6501b31231a00a3035b564f903cd02d3&aid=376440&ucfs=1&arphpl=1&group_adults=2&req_adults=2&no_rooms=1&group_children=0&req_children=0&hpos=8&hapos=58&sr_order=popularity&nflt=class%3D3%3Bclass%3D5%3Bclass%3D4&srpvid=5f2c5879bcb0005f&srepoch=1645446901&from=searchresults#hotelTmpl
서울,59,홀리데이 인 익스프레스 서울 홍대,https://www.booking.com/hotel/kr/holiday-inn-express-seoul-hongdae.ko.html?label=bdot-P2XUozRl7Uj73QAuByfkUwS267777897793%3Apl%3Ata%3Ap1%3Ap22%2C563%2C000%3Aac%3Aap%3Aneg%3Afi%3Atikwd-576851273475%3Alp1009871%3Ali%3Adec%3Adm%3Appccp%3DUmFuZG9tSVYkc2RlIyh9YUlRwjG4dAJkHxCuUKVzpFo&sid=6501b31231a00a3035b564f903cd02d3&aid=376440&ucfs=1&arphpl=1&group_adults=2&req_adults=2&no_rooms=1&group_children=0&req_children=0&hpos=9&hapos=59&sr_order=popularity&nflt=class%3D3%3Bclass%3D5%3Bclass%3D4&srpvid=5f2c5879bcb0005f&srepoch=1645446901&from=searchresults#hotelTmpl
서울,60,도미인 서울 강남,https://www.booking.com/hotel/kr/dormyinn-seoul-gangnam.ko.html?label=bdot-P2XUozRl7Uj73QAuByfkUwS267777897793%3Apl%3Ata%3Ap1%3Ap22%2C563%2C000%3Aac%3Aap%3Aneg%3Afi%3Atikwd-576851273475%3Alp1009871%3Ali%3Adec%3Adm%3Appccp%3DUmFuZG9tSVYkc2RlIyh9YUlRwjG4dAJkHxCuUKVzpFo&sid=6501b31231a00a3035b564f903cd02d3&aid=376440&ucfs=1&arphpl=1&group_adults=2&req_adults=2&no_rooms=1&group_children=0&req_children=0&hpos=10&hapos=60&sr_order=popularity&nflt=class%3D3%3Bclass%3D5%3Bclass%3D4&srpvid=5f2c5879bcb0005f&srepoch=1645446901&from=searchresults#hotelTmpl
서울,61,호텔 카푸치노,https://www.booking.com/hotel/kr/cappuccino.ko.html?label=bdot-P2XUozRl7Uj73QAuByfkUwS267777897793%3Apl%3Ata%3Ap1%3Ap22%2C563%2C000%3Aac%3Aap%3Aneg%3Afi%3Atikwd-576851273475%3Alp1009871%3Ali%3Adec%3Adm%3Appccp%3DUmFuZG9tSVYkc2RlIyh9YUlRwjG4dAJkHxCuUKVzpFo&sid=6501b31231a00a3035b564f903cd02d3&aid=376440&ucfs=1&arphpl=1&group_adults=2&req_adults=2&no_rooms=1&group_children=0&req_children=0&hpos=11&hapos=61&sr_order=popularity&nflt=class%3D3%3Bclass%3D5%3Bclass%3D4&srpvid=5f2c5879bcb0005f&srepoch=1645446901&from=searchresults#hotelTmpl
서울,62,신라스테이 마포,https://www.booking.com/hotel/kr/shilla-stay-mapo.ko.html?label=bdot-P2XUozRl7Uj73QAuByfkUwS267777897793%3Apl%3Ata%3Ap1%3Ap22%2C563%2C000%3Aac%3Aap%3Aneg%3Afi%3Atikwd-576851273475%3Alp1009871%3Ali%3Adec%3Adm%3Appccp%3DUmFuZG9tSVYkc2RlIyh9YUlRwjG4dAJkHxCuUKVzpFo&sid=6501b31231a00a3035b564f903cd02d3&aid=376440&ucfs=1&arphpl=1&group_adults=2&req_adults=2&no_rooms=1&group_children=0&req_children=0&hpos=12&hapos=62&sr_order=popularity&nflt=class%3D3%3Bclass%3D5%3Bclass%3D4&srpvid=5f2c5879bcb0005f&srepoch=1645446901&from=searchresults#hotelTmpl
서울,63,호텔 프레지던트,https://www.booking.com/hotel/kr/president.ko.html?label=bdot-P2XUozRl7Uj73QAuByfkUwS267777897793%3Apl%3Ata%3Ap1%3Ap22%2C563%2C000%3Aac%3Aap%3Aneg%3Afi%3Atikwd-576851273475%3Alp1009871%3Ali%3Adec%3Adm%3Appccp%3DUmFuZG9tSVYkc2RlIyh9YUlRwjG4dAJkHxCuUKVzpFo&sid=6501b31231a00a3035b564f903cd02d3&aid=376440&ucfs=1&arphpl=1&group_adults=2&req_adults=2&no_rooms=1&group_children=0&req_children=0&hpos=13&hapos=63&sr_order=popularity&nflt=class%3D3%3Bclass%3D5%3Bclass%3D4&srpvid=5f2c5879bcb0005f&srepoch=1645446901&from=searchresults#hotelTmpl
서울,64,로얄호텔서울,https://www.booking.com/hotel/kr/seoul-royal.ko.html?label=bdot-P2XUozRl7Uj73QAuByfkUwS267777897793%3Apl%3Ata%3Ap1%3Ap22%2C563%2C000%3Aac%3Aap%3Aneg%3Afi%3Atikwd-576851273475%3Alp1009871%3Ali%3Adec%3Adm%3Appccp%3DUmFuZG9tSVYkc2RlIyh9YUlRwjG4dAJkHxCuUKVzpFo&sid=6501b31231a00a3035b564f903cd02d3&aid=376440&ucfs=1&arphpl=1&group_adults=2&req_adults=2&no_rooms=1&group_children=0&req_children=0&hpos=14&hapos=64&sr_order=popularity&nflt=class%3D3%3Bclass%3D5%3Bclass%3D4&srpvid=5f2c5879bcb0005f&srepoch=1645446901&from=searchresults#hotelTmpl
서울,65,해밀톤 호텔,https://www.booking.com/hotel/kr/hamilton.ko.html?label=bdot-P2XUozRl7Uj73QAuByfkUwS267777897793%3Apl%3Ata%3Ap1%3Ap22%2C563%2C000%3Aac%3Aap%3Aneg%3Afi%3Atikwd-576851273475%3Alp1009871%3Ali%3Adec%3Adm%3Appccp%3DUmFuZG9tSVYkc2RlIyh9YUlRwjG4dAJkHxCuUKVzpFo&sid=6501b31231a00a3035b564f903cd02d3&aid=376440&ucfs=1&arphpl=1&group_adults=2&req_adults=2&no_rooms=1&group_children=0&req_children=0&hpos=15&hapos=65&sr_order=popularity&nflt=class%3D3%3Bclass%3D5%3Bclass%3D4&srpvid=5f2c5879bcb0005f&srepoch=1645446901&from=searchresults#hotelTmpl
서울,66,호텔 그레이스리 서울,https://www.booking.com/hotel/kr/gracery-seoul.ko.html?label=bdot-P2XUozRl7Uj73QAuByfkUwS267777897793%3Apl%3Ata%3Ap1%3Ap22%2C563%2C000%3Aac%3Aap%3Aneg%3Afi%3Atikwd-576851273475%3Alp1009871%3Ali%3Adec%3Adm%3Appccp%3DUmFuZG9tSVYkc2RlIyh9YUlRwjG4dAJkHxCuUKVzpFo&sid=6501b31231a00a3035b564f903cd02d3&aid=376440&ucfs=1&arphpl=1&group_adults=2&req_adults=2&no_rooms=1&group_children=0&req_children=0&hpos=16&hapos=66&sr_order=popularity&nflt=class%3D3%3Bclass%3D5%3Bclass%3D4&srpvid=5f2c5879bcb0005f&srepoch=1645446901&from=searchresults#hotelTmpl
서울,67,티마크 그랜드 호텔 명동,https://www.booking.com/hotel/kr/tmark-grand-myeongdong.ko.html?label=bdot-P2XUozRl7Uj73QAuByfkUwS267777897793%3Apl%3Ata%3Ap1%3Ap22%2C563%2C000%3Aac%3Aap%3Aneg%3Afi%3Atikwd-576851273475%3Alp1009871%3Ali%3Adec%3Adm%3Appccp%3DUmFuZG9tSVYkc2RlIyh9YUlRwjG4dAJkHxCuUKVzpFo&sid=6501b31231a00a3035b564f903cd02d3&aid=376440&ucfs=1&arphpl=1&group_adults=2&req_adults=2&no_rooms=1&group_children=0&req_children=0&hpos=17&hapos=67&sr_order=popularity&nflt=class%3D3%3Bclass%3D5%3Bclass%3D4&srpvid=5f2c5879bcb0005f&srepoch=1645446901&from=searchresults#hotelTmpl
서울,68,호텔 아르누보 서초,https://www.booking.com/hotel/kr/seocho-artnouveau-city.ko.html?label=bdot-P2XUozRl7Uj73QAuByfkUwS267777897793%3Apl%3Ata%3Ap1%3Ap22%2C563%2C000%3Aac%3Aap%3Aneg%3Afi%3Atikwd-576851273475%3Alp1009871%3Ali%3Adec%3Adm%3Appccp%3DUmFuZG9tSVYkc2RlIyh9YUlRwjG4dAJkHxCuUKVzpFo&sid=6501b31231a00a3035b564f903cd02d3&aid=376440&ucfs=1&arphpl=1&group_adults=2&req_adults=2&no_rooms=1&group_children=0&req_children=0&hpos=18&hapos=68&sr_order=popularity&nflt=class%3D3%3Bclass%3D5%3Bclass%3D4&srpvid=5f2c5879bcb0005f&srepoch=1645446901&from=searchresults#hotelTmpl
서울,69,호텔 국도,https://www.booking.com/hotel/kr/best-western-premier-kukdo.ko.html?label=bdot-P2XUozRl7Uj73QAuByfkUwS267777897793%3Apl%3Ata%3Ap1%3Ap22%2C563%2C000%3Aac%3Aap%3Aneg%3Afi%3Atikwd-576851273475%3Alp1009871%3Ali%3Adec%3Adm%3Appccp%3DUmFuZG9tSVYkc2RlIyh9YUlRwjG4dAJkHxCuUKVzpFo&sid=6501b31231a00a3035b564f903cd02d3&aid=376440&ucfs=1&arphpl=1&group_adults=2&req_adults=2&no_rooms=1&group_children=0&req_children=0&hpos=19&hapos=69&sr_order=popularity&nflt=class%3D3%3Bclass%3D5%3Bclass%3D4&srpvid=5f2c5879bcb0005f&srepoch=1645446901&from=searchresults#hotelTmpl
서울,70,코리아나 호텔,https://www.booking.com/hotel/kr/koreana.ko.html?label=bdot-P2XUozRl7Uj73QAuByfkUwS267777897793%3Apl%3Ata%3Ap1%3Ap22%2C563%2C000%3Aac%3Aap%3Aneg%3Afi%3Atikwd-576851273475%3Alp1009871%3Ali%3Adec%3Adm%3Appccp%3DUmFuZG9tSVYkc2RlIyh9YUlRwjG4dAJkHxCuUKVzpFo&sid=6501b31231a00a3035b564f903cd02d3&aid=376440&ucfs=1&arphpl=1&group_adults=2&req_adults=2&no_rooms=1&group_children=0&req_children=0&hpos=20&hapos=70&sr_order=popularity&nflt=class%3D3%3Bclass%3D5%3Bclass%3D4&srpvid=5f2c5879bcb0005f&srepoch=1645446901&from=searchresults#hotelTmpl
서울,71,퍼시픽 호텔,https://www.booking.com/hotel/kr/pacific.ko.html?label=bdot-P2XUozRl7Uj73QAuByfkUwS267777897793%3Apl%3Ata%3Ap1%3Ap22%2C563%2C000%3Aac%3Aap%3Aneg%3Afi%3Atikwd-576851273475%3Alp1009871%3Ali%3Adec%3Adm%3Appccp%3DUmFuZG9tSVYkc2RlIyh9YUlRwjG4dAJkHxCuUKVzpFo&sid=6501b31231a00a3035b564f903cd02d3&aid=376440&ucfs=1&arphpl=1&group_adults=2&req_adults=2&no_rooms=1&group_children=0&req_children=0&hpos=1&hapos=76&sr_order=popularity&nflt=class%3D3%3Bclass%3D5%3Bclass%3D4&srpvid=ce065e01cfe401d6&srepoch=1645449731&from=searchresults#hotelTmpl
서울,72,라마다 서울 신도림,https://www.booking.com/hotel/kr/ramada-seoul-sindorim.ko.html?label=bdot-P2XUozRl7Uj73QAuByfkUwS267777897793%3Apl%3Ata%3Ap1%3Ap22%2C563%2C000%3Aac%3Aap%3Aneg%3Afi%3Atikwd-576851273475%3Alp1009871%3Ali%3Adec%3Adm%3Appccp%3DUmFuZG9tSVYkc2RlIyh9YUlRwjG4dAJkHxCuUKVzpFo&sid=6501b31231a00a3035b564f903cd02d3&aid=376440&ucfs=1&arphpl=1&group_adults=2&req_adults=2&no_rooms=1&group_children=0&req_children=0&hpos=2&hapos=77&sr_order=popularity&nflt=class%3D3%3Bclass%3D5%3Bclass%3D4&srpvid=ce065e01cfe401d6&srepoch=1645449731&from=searchresults#hotelTmpl
서울,73,스타즈 호텔 독산,https://www.booking.com/hotel/kr/staz-doksan.ko.html?label=bdot-P2XUozRl7Uj73QAuByfkUwS267777897793%3Apl%3Ata%3Ap1%3Ap22%2C563%2C000%3Aac%3Aap%3Aneg%3Afi%3Atikwd-576851273475%3Alp1009871%3Ali%3Adec%3Adm%3Appccp%3DUmFuZG9tSVYkc2RlIyh9YUlRwjG4dAJkHxCuUKVzpFo&sid=6501b31231a00a3035b564f903cd02d3&aid=376440&ucfs=1&arphpl=1&group_adults=2&req_adults=2&no_rooms=1&group_children=0&req_children=0&hpos=3&hapos=78&sr_order=popularity&nflt=class%3D3%3Bclass%3D5%3Bclass%3D4&srpvid=ce065e01cfe401d6&srepoch=1645449731&from=searchresults#hotelTmpl
서울,74,포포인츠 바이 쉐라톤 서울 강남,https://www.booking.com/hotel/kr/four-points-by-sheraton-seoul-gangnam.ko.html?label=bdot-P2XUozRl7Uj73QAuByfkUwS267777897793%3Apl%3Ata%3Ap1%3Ap22%2C563%2C000%3Aac%3Aap%3Aneg%3Afi%3Atikwd-576851273475%3Alp1009871%3Ali%3Adec%3Adm%3Appccp%3DUmFuZG9tSVYkc2RlIyh9YUlRwjG4dAJkHxCuUKVzpFo&sid=6501b31231a00a3035b564f903cd02d3&aid=376440&ucfs=1&arphpl=1&group_adults=2&req_adults=2&no_rooms=1&group_children=0&req_children=0&hpos=4&hapos=79&sr_order=popularity&nflt=class%3D3%3Bclass%3D5%3Bclass%3D4&srpvid=ce065e01cfe401d6&srepoch=1645449731&from=searchresults#hotelTmpl
서울,75,신라스테이 삼성,https://www.booking.com/hotel/kr/shilla-stay-samsung.ko.html?label=bdot-P2XUozRl7Uj73QAuByfkUwS267777897793%3Apl%3Ata%3Ap1%3Ap22%2C563%2C000%3Aac%3Aap%3Aneg%3Afi%3Atikwd-576851273475%3Alp1009871%3Ali%3Adec%3Adm%3Appccp%3DUmFuZG9tSVYkc2RlIyh9YUlRwjG4dAJkHxCuUKVzpFo&sid=6501b31231a00a3035b564f903cd02d3&aid=376440&ucfs=1&arphpl=1&group_adults=2&req_adults=2&no_rooms=1&group_children=0&req_children=0&hpos=5&hapos=80&sr_order=popularity&nflt=class%3D3%3Bclass%3D5%3Bclass%3D4&srpvid=ce065e01cfe401d6&srepoch=1645449731&from=searchresults#hotelTmpl
서울,76,호텔스카이파크 킹스타운 동대문,https://www.booking.com/hotel/kr/skypark-kingstown-dongdaemun.ko.html?label=bdot-P2XUozRl7Uj73QAuByfkUwS267777897793%3Apl%3Ata%3Ap1%3Ap22%2C563%2C000%3Aac%3Aap%3Aneg%3Afi%3Atikwd-576851273475%3Alp1009871%3Ali%3Adec%3Adm%3Appccp%3DUmFuZG9tSVYkc2RlIyh9YUlRwjG4dAJkHxCuUKVzpFo&sid=6501b31231a00a3035b564f903cd02d3&aid=376440&ucfs=1&arphpl=1&group_adults=2&req_adults=2&no_rooms=1&group_children=0&req_children=0&hpos=6&hapos=81&sr_order=popularity&nflt=class%3D3%3Bclass%3D5%3Bclass%3D4&srpvid=ce065e01cfe401d6&srepoch=1645449731&from=searchresults#hotelTmpl
서울,77,서울 가든 호텔,https://www.booking.com/hotel/kr/best-western-premier-seoul-garden.ko.html?label=bdot-P2XUozRl7Uj73QAuByfkUwS267777897793%3Apl%3Ata%3Ap1%3Ap22%2C563%2C000%3Aac%3Aap%3Aneg%3Afi%3Atikwd-576851273475%3Alp1009871%3Ali%3Adec%3Adm%3Appccp%3DUmFuZG9tSVYkc2RlIyh9YUlRwjG4dAJkHxCuUKVzpFo&sid=6501b31231a00a3035b564f903cd02d3&aid=376440&ucfs=1&arphpl=1&group_adults=2&req_adults=2&no_rooms=1&group_children=0&req_children=0&hpos=7&hapos=82&sr_order=popularity&nflt=class%3D3%3Bclass%3D5%3Bclass%3D4&srpvid=ce065e01cfe401d6&srepoch=1645449731&from=searchresults#hotelTmpl
서울,78,나인트리 프리미어 호텔 인사동,https://www.booking.com/hotel/kr/nine-tree-premier-insadong.ko.html?label=bdot-P2XUozRl7Uj73QAuByfkUwS267777897793%3Apl%3Ata%3Ap1%3Ap22%2C563%2C000%3Aac%3Aap%3Aneg%3Afi%3Atikwd-576851273475%3Alp1009871%3Ali%3Adec%3Adm%3Appccp%3DUmFuZG9tSVYkc2RlIyh9YUlRwjG4dAJkHxCuUKVzpFo&sid=6501b31231a00a3035b564f903cd02d3&aid=376440&ucfs=1&arphpl=1&group_adults=2&req_adults=2&no_rooms=1&group_children=0&req_children=0&hpos=8&hapos=83&sr_order=popularity&nflt=class%3D3%3Bclass%3D5%3Bclass%3D4&srpvid=ce065e01cfe401d6&srepoch=1645449731&from=searchresults#hotelTmpl
서울,79,켄싱턴호텔 여의도,https://www.booking.com/hotel/kr/lexington.ko.html?label=bdot-P2XUozRl7Uj73QAuByfkUwS267777897793%3Apl%3Ata%3Ap1%3Ap22%2C563%2C000%3Aac%3Aap%3Aneg%3Afi%3Atikwd-576851273475%3Alp1009871%3Ali%3Adec%3Adm%3Appccp%3DUmFuZG9tSVYkc2RlIyh9YUlRwjG4dAJkHxCuUKVzpFo&sid=6501b31231a00a3035b564f903cd02d3&aid=376440&ucfs=1&arphpl=1&group_adults=2&req_adults=2&no_rooms=1&group_children=0&req_children=0&hpos=9&hapos=84&sr_order=popularity&nflt=class%3D3%3Bclass%3D5%3Bclass%3D4&srpvid=ce065e01cfe401d6&srepoch=1645449731&from=searchresults#hotelTmpl
서울,80,나인트리 프리미어 호텔 명동2,https://www.booking.com/hotel/kr/nine-tree-premier-myeongdong.ko.html?label=bdot-P2XUozRl7Uj73QAuByfkUwS267777897793%3Apl%3Ata%3Ap1%3Ap22%2C563%2C000%3Aac%3Aap%3Aneg%3Afi%3Atikwd-576851273475%3Alp1009871%3Ali%3Adec%3Adm%3Appccp%3DUmFuZG9tSVYkc2RlIyh9YUlRwjG4dAJkHxCuUKVzpFo&sid=6501b31231a00a3035b564f903cd02d3&aid=376440&ucfs=1&arphpl=1&group_adults=2&req_adults=2&no_rooms=1&group_children=0&req_children=0&hpos=10&hapos=85&sr_order=popularity&nflt=class%3D3%3Bclass%3D5%3Bclass%3D4&srpvid=ce065e01cfe401d6&srepoch=1645449731&from=searchresults#hotelTmpl
서울,81,오라카이 대학로 호텔,https://www.booking.com/hotel/kr/orakai-daehakro.ko.html?label=bdot-P2XUozRl7Uj73QAuByfkUwS267777897793%3Apl%3Ata%3Ap1%3Ap22%2C563%2C000%3Aac%3Aap%3Aneg%3Afi%3Atikwd-576851273475%3Alp1009871%3Ali%3Adec%3Adm%3Appccp%3DUmFuZG9tSVYkc2RlIyh9YUlRwjG4dAJkHxCuUKVzpFo&sid=6501b31231a00a3035b564f903cd02d3&aid=376440&ucfs=1&arphpl=1&group_adults=2&req_adults=2&no_rooms=1&group_children=0&req_children=0&hpos=12&hapos=87&sr_order=popularity&nflt=class%3D3%3Bclass%3D5%3Bclass%3D4&srpvid=ce065e01cfe401d6&srepoch=1645449731&from=searchresults#hotelTmpl
서울,82,더 파크 호텔 서울,https://www.booking.com/hotel/kr/park-seoul-seoul.ko.html?label=bdot-P2XUozRl7Uj73QAuByfkUwS267777897793%3Apl%3Ata%3Ap1%3Ap22%2C563%2C000%3Aac%3Aap%3Aneg%3Afi%3Atikwd-576851273475%3Alp1009871%3Ali%3Adec%3Adm%3Appccp%3DUmFuZG9tSVYkc2RlIyh9YUlRwjG4dAJkHxCuUKVzpFo&sid=6501b31231a00a3035b564f903cd02d3&aid=376440&ucfs=1&arphpl=1&group_adults=2&req_adults=2&no_rooms=1&group_children=0&req_children=0&hpos=13&hapos=88&sr_order=popularity&nflt=class%3D3%3Bclass%3D5%3Bclass%3D4&srpvid=ce065e01cfe401d6&srepoch=1645449731&from=searchresults#hotelTmpl
서울,83,아만티 호텔 서울,https://www.booking.com/hotel/kr/amanti-seoul.ko.html?label=bdot-P2XUozRl7Uj73QAuByfkUwS267777897793%3Apl%3Ata%3Ap1%3Ap22%2C563%2C000%3Aac%3Aap%3Aneg%3Afi%3Atikwd-576851273475%3Alp1009871%3Ali%3Adec%3Adm%3Appccp%3DUmFuZG9tSVYkc2RlIyh9YUlRwjG4dAJkHxCuUKVzpFo&sid=6501b31231a00a3035b564f903cd02d3&aid=376440&ucfs=1&arphpl=1&group_adults=2&req_adults=2&no_rooms=1&group_children=0&req_children=0&hpos=14&hapos=89&sr_order=popularity&nflt=class%3D3%3Bclass%3D5%3Bclass%3D4&srpvid=ce065e01cfe401d6&srepoch=1645449731&from=searchresults#hotelTmpl
서울,84,아리랑힐 호텔 동대문,https://www.booking.com/hotel/kr/best-western-a-hill-dongdaemun.ko.html?label=bdot-P2XUozRl7Uj73QAuByfkUwS267777897793%3Apl%3Ata%3Ap1%3Ap22%2C563%2C000%3Aac%3Aap%3Aneg%3Afi%3Atikwd-576851273475%3Alp1009871%3Ali%3Adec%3Adm%3Appccp%3DUmFuZG9tSVYkc2RlIyh9YUlRwjG4dAJkHxCuUKVzpFo&sid=6501b31231a00a3035b564f903cd02d3&aid=376440&ucfs=1&arphpl=1&group_adults=2&req_adults=2&no_rooms=1&group_children=0&req_children=0&hpos=15&hapos=90&sr_order=popularity&nflt=class%3D3%3Bclass%3D5%3Bclass%3D4&srpvid=ce065e01cfe401d6&srepoch=1645449731&from=searchresults#hotelTmpl
서울,85,스탠포드 호텔 서울,https://www.booking.com/hotel/kr/stanford-seoul.ko.html?label=bdot-P2XUozRl7Uj73QAuByfkUwS267777897793%3Apl%3Ata%3Ap1%3Ap22%2C563%2C000%3Aac%3Aap%3Aneg%3Afi%3Atikwd-576851273475%3Alp1009871%3Ali%3Adec%3Adm%3Appccp%3DUmFuZG9tSVYkc2RlIyh9YUlRwjG4dAJkHxCuUKVzpFo&sid=6501b31231a00a3035b564f903cd02d3&aid=376440&ucfs=1&arphpl=1&group_adults=2&req_adults=2&no_rooms=1&group_children=0&req_children=0&hpos=16&hapos=91&sr_order=popularity&nflt=class%3D3%3Bclass%3D5%3Bclass%3D4&srpvid=ce065e01cfe401d6&srepoch=1645449731&from=searchresults#hotelTmpl
서울,86,글래드 마포,https://www.booking.com/hotel/kr/geulraedeu-mapo.ko.html?label=bdot-P2XUozRl7Uj73QAuByfkUwS267777897793%3Apl%3Ata%3Ap1%3Ap22%2C563%2C000%3Aac%3Aap%3Aneg%3Afi%3Atikwd-576851273475%3Alp1009871%3Ali%3Adec%3Adm%3Appccp%3DUmFuZG9tSVYkc2RlIyh9YUlRwjG4dAJkHxCuUKVzpFo&sid=6501b31231a00a3035b564f903cd02d3&aid=376440&ucfs=1&arphpl=1&group_adults=2&req_adults=2&no_rooms=1&group_children=0&req_children=0&hpos=17&hapos=92&sr_order=popularity&nflt=class%3D3%3Bclass%3D5%3Bclass%3D4&srpvid=ce065e01cfe401d6&srepoch=1645449731&from=searchresults#hotelTmpl
서울,87,메이플레이스 서울 동대문,https://www.booking.com/hotel/kr/may-place-seoul-dongdaemun.ko.html?label=bdot-P2XUozRl7Uj73QAuByfkUwS267777897793%3Apl%3Ata%3Ap1%3Ap22%2C563%2C000%3Aac%3Aap%3Aneg%3Afi%3Atikwd-576851273475%3Alp1009871%3Ali%3Adec%3Adm%3Appccp%3DUmFuZG9tSVYkc2RlIyh9YUlRwjG4dAJkHxCuUKVzpFo&sid=6501b31231a00a3035b564f903cd02d3&aid=376440&ucfs=1&arphpl=1&group_adults=2&req_adults=2&no_rooms=1&group_children=0&req_children=0&hpos=18&hapos=93&sr_order=popularity&nflt=class%3D3%3Bclass%3D5%3Bclass%3D4&srpvid=ce065e01cfe401d6&srepoch=1645449731&from=searchresults#hotelTmpl
서울,88,Roof23 Hongdae 2,https://www.booking.com/hotel/kr/roof23-hongdae-2.ko.html?label=bdot-P2XUozRl7Uj73QAuByfkUwS267777897793%3Apl%3Ata%3Ap1%3Ap22%2C563%2C000%3Aac%3Aap%3Aneg%3Afi%3Atikwd-576851273475%3Alp1009871%3Ali%3Adec%3Adm%3Appccp%3DUmFuZG9tSVYkc2RlIyh9YUlRwjG4dAJkHxCuUKVzpFo&sid=6501b31231a00a3035b564f903cd02d3&aid=376440&ucfs=1&arphpl=1&group_adults=2&req_adults=2&no_rooms=1&group_children=0&req_children=0&hpos=19&hapos=94&sr_order=popularity&nflt=class%3D3%3Bclass%3D5%3Bclass%3D4&srpvid=ce065e01cfe401d6&srepoch=1645449731&from=searchresults#hotelTmpl
서울,89,헨나호텔 서울명동점 - 2021년 8월 그랜드 오픈,https://www.booking.com/hotel/kr/bian-nahoteru-souruming-dong.ko.html?label=bdot-P2XUozRl7Uj73QAuByfkUwS267777897793%3Apl%3Ata%3Ap1%3Ap22%2C563%2C000%3Aac%3Aap%3Aneg%3Afi%3Atikwd-576851273475%3Alp1009871%3Ali%3Adec%3Adm%3Appccp%3DUmFuZG9tSVYkc2RlIyh9YUlRwjG4dAJkHxCuUKVzpFo&sid=6501b31231a00a3035b564f903cd02d3&aid=376440&ucfs=1&arphpl=1&group_adults=2&req_adults=2&no_rooms=1&group_children=0&req_children=0&hpos=21&hapos=96&sr_order=popularity&nflt=class%3D3%3Bclass%3D5%3Bclass%3D4&srpvid=ce065e01cfe401d6&srepoch=1645449731&from=searchresults#hotelTmpl
서울,90,로얄호텔서울,https://www.booking.com/hotel/kr/seoul-royal.ko.html?label=bdot-P2XUozRl7Uj73QAuByfkUwS267777897793%3Apl%3Ata%3Ap1%3Ap22%2C563%2C000%3Aac%3Aap%3Aneg%3Afi%3Atikwd-576851273475%3Alp1009871%3Ali%3Adec%3Adm%3Appccp%3DUmFuZG9tSVYkc2RlIyh9YUlRwjG4dAJkHxCuUKVzpFo&sid=6501b31231a00a3035b564f903cd02d3&aid=376440&ucfs=1&arphpl=1&group_adults=2&req_adults=2&no_rooms=1&group_children=0&req_children=0&hpos=22&hapos=97&sr_order=popularity&nflt=class%3D3%3Bclass%3D5%3Bclass%3D4&srpvid=ce065e01cfe401d6&srepoch=1645449731&from=searchresults#hotelTmpl
서울,91,나인트리 호텔 동대문,https://www.booking.com/hotel/kr/nine-tree-dongdaemun.ko.html?label=bdot-P2XUozRl7Uj73QAuByfkUwS267777897793%3Apl%3Ata%3Ap1%3Ap22%2C563%2C000%3Aac%3Aap%3Aneg%3Afi%3Atikwd-576851273475%3Alp1009871%3Ali%3Adec%3Adm%3Appccp%3DUmFuZG9tSVYkc2RlIyh9YUlRwjG4dAJkHxCuUKVzpFo&sid=6501b31231a00a3035b564f903cd02d3&aid=376440&ucfs=1&arphpl=1&group_adults=2&req_adults=2&no_rooms=1&group_children=0&req_children=0&hpos=23&hapos=98&sr_order=popularity&nflt=class%3D3%3Bclass%3D5%3Bclass%3D4&srpvid=ce065e01cfe401d6&srepoch=1645449731&from=searchresults#hotelTmpl
서울,92,오라카이 청계산 호텔,https://www.booking.com/hotel/kr/orakai-cheonggyesan.ko.html?label=bdot-P2XUozRl7Uj73QAuByfkUwS267777897793%3Apl%3Ata%3Ap1%3Ap22%2C563%2C000%3Aac%3Aap%3Aneg%3Afi%3Atikwd-576851273475%3Alp1009871%3Ali%3Adec%3Adm%3Appccp%3DUmFuZG9tSVYkc2RlIyh9YUlRwjG4dAJkHxCuUKVzpFo&sid=6501b31231a00a3035b564f903cd02d3&aid=376440&ucfs=1&arphpl=1&group_adults=2&req_adults=2&no_rooms=1&group_children=0&req_children=0&hpos=24&hapos=99&sr_order=popularity&nflt=class%3D3%3Bclass%3D5%3Bclass%3D4&srpvid=ce065e01cfe401d6&srepoch=1645449731&from=searchresults#hotelTmpl
서울,93,더 스테이트 선유,https://www.booking.com/hotel/kr/the-state-sunyu-seoul.ko.html?label=bdot-P2XUozRl7Uj73QAuByfkUwS267777897793%3Apl%3Ata%3Ap1%3Ap22%2C563%2C000%3Aac%3Aap%3Aneg%3Afi%3Atikwd-576851273475%3Alp1009871%3Ali%3Adec%3Adm%3Appccp%3DUmFuZG9tSVYkc2RlIyh9YUlRwjG4dAJkHxCuUKVzpFo&sid=6501b31231a00a3035b564f903cd02d3&aid=376440&ucfs=1&arphpl=1&group_adults=2&req_adults=2&no_rooms=1&group_children=0&req_children=0&hpos=25&hapos=100&sr_order=popularity&nflt=class%3D3%3Bclass%3D5%3Bclass%3D4&srpvid=ce065e01cfe401d6&srepoch=1645449731&from=searchresults#hotelTmpl
서울,94,세종 호텔 서울 명동,https://www.booking.com/hotel/kr/sejong.ko.html?label=bdot-P2XUozRl7Uj73QAuByfkUwS267777897793%3Apl%3Ata%3Ap1%3Ap22%2C563%2C000%3Aac%3Aap%3Aneg%3Afi%3Atikwd-576851273475%3Alp1009871%3Ali%3Adec%3Adm%3Appccp%3DUmFuZG9tSVYkc2RlIyh9YUlRwjG4dAJkHxCuUKVzpFo&sid=6501b31231a00a3035b564f903cd02d3&aid=376440&ucfs=1&arphpl=1&group_adults=2&req_adults=2&no_rooms=1&group_children=0&req_children=0&hpos=2&hapos=102&sr_order=popularity&nflt=class%3D3%3Bclass%3D5%3Bclass%3D4&srpvid=7c1162b5073e0301&srepoch=1645452139&from=searchresults#hotelTmpl
서울,95,강남 아르누보씨티,https://www.booking.com/hotel/kr/gangnam-artnouveaucity.ko.html?label=bdot-P2XUozRl7Uj73QAuByfkUwS267777897793%3Apl%3Ata%3Ap1%3Ap22%2C563%2C000%3Aac%3Aap%3Aneg%3Afi%3Atikwd-576851273475%3Alp1009871%3Ali%3Adec%3Adm%3Appccp%3DUmFuZG9tSVYkc2RlIyh9YUlRwjG4dAJkHxCuUKVzpFo&sid=6501b31231a00a3035b564f903cd02d3&aid=376440&ucfs=1&arphpl=1&group_adults=2&req_adults=2&no_rooms=1&group_children=0&req_children=0&hpos=3&hapos=103&sr_order=popularity&nflt=class%3D3%3Bclass%3D5%3Bclass%3D4&srpvid=7c1162b5073e0301&srepoch=1645452139&from=searchresults#hotelTmpl
서울,96,멤버쉽 아파트 더 청담,https://www.booking.com/hotel/kr/membership-apartment-4bdr2bath-the-cheongdam.ko.html?label=bdot-P2XUozRl7Uj73QAuByfkUwS267777897793%3Apl%3Ata%3Ap1%3Ap22%2C563%2C000%3Aac%3Aap%3Aneg%3Afi%3Atikwd-576851273475%3Alp1009871%3Ali%3Adec%3Adm%3Appccp%3DUmFuZG9tSVYkc2RlIyh9YUlRwjG4dAJkHxCuUKVzpFo&sid=6501b31231a00a3035b564f903cd02d3&aid=376440&ucfs=1&arphpl=1&group_adults=2&req_adults=2&no_rooms=1&group_children=0&req_children=0&hpos=5&hapos=105&sr_order=popularity&nflt=class%3D3%3Bclass%3D5%3Bclass%3D4&srpvid=7c1162b5073e0301&srepoch=1645452139&from=searchresults#hotelTmpl
서울,97,강남 럭셔리아파트 3베드룸,https://www.booking.com/hotel/kr/excellentgangnamgangnam150sqm45pyeong3bdr2bath1min.ko.html?label=bdot-P2XUozRl7Uj73QAuByfkUwS267777897793%3Apl%3Ata%3Ap1%3Ap22%2C563%2C000%3Aac%3Aap%3Aneg%3Afi%3Atikwd-576851273475%3Alp1009871%3Ali%3Adec%3Adm%3Appccp%3DUmFuZG9tSVYkc2RlIyh9YUlRwjG4dAJkHxCuUKVzpFo&sid=6501b31231a00a3035b564f903cd02d3&aid=376440&ucfs=1&arphpl=1&group_adults=2&req_adults=2&no_rooms=1&group_children=0&req_children=0&hpos=6&hapos=106&sr_order=popularity&nflt=class%3D3%3Bclass%3D5%3Bclass%3D4&srpvid=7c1162b5073e0301&srepoch=1645452139&from=searchresults#hotelTmpl
서울,98,호텔 인 나인 강남,https://www.booking.com/hotel/kr/in-9.ko.html?label=bdot-P2XUozRl7Uj73QAuByfkUwS267777897793%3Apl%3Ata%3Ap1%3Ap22%2C563%2C000%3Aac%3Aap%3Aneg%3Afi%3Atikwd-576851273475%3Alp1009871%3Ali%3Adec%3Adm%3Appccp%3DUmFuZG9tSVYkc2RlIyh9YUlRwjG4dAJkHxCuUKVzpFo&sid=6501b31231a00a3035b564f903cd02d3&aid=376440&ucfs=1&arphpl=1&group_adults=2&req_adults=2&no_rooms=1&group_children=0&req_children=0&hpos=11&hapos=111&sr_order=popularity&nflt=class%3D3%3Bclass%3D5%3Bclass%3D4&srpvid=7c1162b5073e0301&srepoch=1645452139&from=searchresults#hotelTmpl
서울,99,호텔 삼정,https://www.booking.com/hotel/kr/samjung.ko.html?label=bdot-P2XUozRl7Uj73QAuByfkUwS267777897793%3Apl%3Ata%3Ap1%3Ap22%2C563%2C000%3Aac%3Aap%3Aneg%3Afi%3Atikwd-576851273475%3Alp1009871%3Ali%3Adec%3Adm%3Appccp%3DUmFuZG9tSVYkc2RlIyh9YUlRwjG4dAJkHxCuUKVzpFo&sid=6501b31231a00a3035b564f903cd02d3&aid=376440&ucfs=1&arphpl=1&group_adults=2&req_adults=2&no_rooms=1&group_children=0&req_children=0&hpos=14&hapos=114&sr_order=popularity&nflt=class%3D3%3Bclass%3D5%3Bclass%3D4&srpvid=7c1162b5073e0301&srepoch=1645452139&from=searchresults#hotelTmpl
서울,100,프레이저 플레이스 남대문 서울,https://www.booking.com/hotel/kr/fraser-place-namdaemun.ko.html?label=bdot-P2XUozRl7Uj73QAuByfkUwS267777897793%3Apl%3Ata%3Ap1%3Ap22%2C563%2C000%3Aac%3Aap%3Aneg%3Afi%3Atikwd-576851273475%3Alp1009871%3Ali%3Adec%3Adm%3Appccp%3DUmFuZG9tSVYkc2RlIyh9YUlRwjG4dAJkHxCuUKVzpFo&sid=6501b31231a00a3035b564f903cd02d3&aid=376440&ucfs=1&arphpl=1&group_adults=2&req_adults=2&no_rooms=1&group_children=0&req_children=0&hpos=17&hapos=117&sr_order=popularity&nflt=class%3D3%3Bclass%3D5%3Bclass%3D4&srpvid=7c1162b5073e0301&srepoch=1645452139&from=searchresults#hotelTmpl
서울,101,하우스 사라 인 동대문마켓 3,https://www.booking.com/hotel/kr/house-sara.ko.html?label=bdot-P2XUozRl7Uj73QAuByfkUwS267777897793%3Apl%3Ata%3Ap1%3Ap22%2C563%2C000%3Aac%3Aap%3Aneg%3Afi%3Atikwd-576851273475%3Alp1009871%3Ali%3Adec%3Adm%3Appccp%3DUmFuZG9tSVYkc2RlIyh9YUlRwjG4dAJkHxCuUKVzpFo&sid=6501b31231a00a3035b564f903cd02d3&aid=376440&ucfs=1&arphpl=1&group_adults=2&req_adults=2&no_rooms=1&group_children=0&req_children=0&hpos=20&hapos=120&sr_order=popularity&nflt=class%3D3%3Bclass%3D5%3Bclass%3D4&srpvid=7c1162b5073e0301&srepoch=1645452139&from=searchresults#hotelTmpl
서울,102,파로스호텔,https://www.booking.com/hotel/kr/pharos.ko.html?label=bdot-P2XUozRl7Uj73QAuByfkUwS267777897793%3Apl%3Ata%3Ap1%3Ap22%2C563%2C000%3Aac%3Aap%3Aneg%3Afi%3Atikwd-576851273475%3Alp1009871%3Ali%3Adec%3Adm%3Appccp%3DUmFuZG9tSVYkc2RlIyh9YUlRwjG4dAJkHxCuUKVzpFo&sid=6501b31231a00a3035b564f903cd02d3&aid=376440&ucfs=1&arphpl=1&group_adults=2&req_adults=2&no_rooms=1&group_children=0&req_children=0&hpos=1&hapos=151&sr_order=popularity&nflt=class%3D3%3Bclass%3D5%3Bclass%3D4&srpvid=800b6539c8620409&srepoch=1645453427&from=searchresults#hotelTmpl
서울,103,호텔 더 디자이너스 서울역,https://www.booking.com/hotel/kr/the-designers-seoul.ko.html?label=bdot-P2XUozRl7Uj73QAuByfkUwS267777897793%3Apl%3Ata%3Ap1%3Ap22%2C563%2C000%3Aac%3Aap%3Aneg%3Afi%3Atikwd-576851273475%3Alp1009871%3Ali%3Adec%3Adm%3Appccp%3DUmFuZG9tSVYkc2RlIyh9YUlRwjG4dAJkHxCuUKVzpFo&sid=6501b31231a00a3035b564f903cd02d3&aid=376440&ucfs=1&arphpl=1&group_adults=2&req_adults=2&no_rooms=1&group_children=0&req_children=0&hpos=2&hapos=152&sr_order=popularity&nflt=class%3D3%3Bclass%3D5%3Bclass%3D4&srpvid=800b6539c8620409&srepoch=1645453427&from=searchresults#hotelTmpl
서울,104,뉴국제 호텔,https://www.booking.com/hotel/kr/new-kukje.ko.html?label=bdot-P2XUozRl7Uj73QAuByfkUwS267777897793%3Apl%3Ata%3Ap1%3Ap22%2C563%2C000%3Aac%3Aap%3Aneg%3Afi%3Atikwd-576851273475%3Alp1009871%3Ali%3Adec%3Adm%3Appccp%3DUmFuZG9tSVYkc2RlIyh9YUlRwjG4dAJkHxCuUKVzpFo&sid=6501b31231a00a3035b564f903cd02d3&aid=376440&ucfs=1&arphpl=1&group_adults=2&req_adults=2&no_rooms=1&group_children=0&req_children=0&hpos=3&hapos=153&sr_order=popularity&nflt=class%3D3%3Bclass%3D5%3Bclass%3D4&srpvid=800b6539c8620409&srepoch=1645453427&from=searchresults#hotelTmpl
서울,105,이비스 스타일 앰배서더 서울 강남,https://www.booking.com/hotel/kr/ibis-seoul.ko.html?label=bdot-P2XUozRl7Uj73QAuByfkUwS267777897793%3Apl%3Ata%3Ap1%3Ap22%2C563%2C000%3Aac%3Aap%3Aneg%3Afi%3Atikwd-576851273475%3Alp1009871%3Ali%3Adec%3Adm%3Appccp%3DUmFuZG9tSVYkc2RlIyh9YUlRwjG4dAJkHxCuUKVzpFo&sid=6501b31231a00a3035b564f903cd02d3&aid=376440&ucfs=1&arphpl=1&group_adults=2&req_adults=2&no_rooms=1&group_children=0&req_children=0&hpos=4&hapos=154&sr_order=popularity&nflt=class%3D3%3Bclass%3D5%3Bclass%3D4&srpvid=800b6539c8620409&srepoch=1645453427&from=searchresults#hotelTmpl
서울,106,크라운 파크 호텔 서울,https://www.booking.com/hotel/kr/crown-park.ko.html?label=bdot-P2XUozRl7Uj73QAuByfkUwS267777897793%3Apl%3Ata%3Ap1%3Ap22%2C563%2C000%3Aac%3Aap%3Aneg%3Afi%3Atikwd-576851273475%3Alp1009871%3Ali%3Adec%3Adm%3Appccp%3DUmFuZG9tSVYkc2RlIyh9YUlRwjG4dAJkHxCuUKVzpFo&sid=6501b31231a00a3035b564f903cd02d3&aid=376440&ucfs=1&arphpl=1&group_adults=2&req_adults=2&no_rooms=1&group_children=0&req_children=0&hpos=5&hapos=155&sr_order=popularity&nflt=class%3D3%3Bclass%3D5%3Bclass%3D4&srpvid=800b6539c8620409&srepoch=1645453427&from=searchresults#hotelTmpl
서울,107,강남 스테이 호텔,https://www.booking.com/hotel/kr/gangnam-stay.ko.html?label=bdot-P2XUozRl7Uj73QAuByfkUwS267777897793%3Apl%3Ata%3Ap1%3Ap22%2C563%2C000%3Aac%3Aap%3Aneg%3Afi%3Atikwd-576851273475%3Alp1009871%3Ali%3Adec%3Adm%3Appccp%3DUmFuZG9tSVYkc2RlIyh9YUlRwjG4dAJkHxCuUKVzpFo&sid=6501b31231a00a3035b564f903cd02d3&aid=376440&ucfs=1&arphpl=1&group_adults=2&req_adults=2&no_rooms=1&group_children=0&req_children=0&hpos=6&hapos=156&sr_order=popularity&nflt=class%3D3%3Bclass%3D5%3Bclass%3D4&srpvid=800b6539c8620409&srepoch=1645453427&from=searchresults#hotelTmpl
서울,108,호텔엔트라 강남,https://www.booking.com/hotel/kr/entra.ko.html?label=bdot-P2XUozRl7Uj73QAuByfkUwS267777897793%3Apl%3Ata%3Ap1%3Ap22%2C563%2C000%3Aac%3Aap%3Aneg%3Afi%3Atikwd-576851273475%3Alp1009871%3Ali%3Adec%3Adm%3Appccp%3DUmFuZG9tSVYkc2RlIyh9YUlRwjG4dAJkHxCuUKVzpFo&sid=6501b31231a00a3035b564f903cd02d3&aid=376440&ucfs=1&arphpl=1&group_adults=2&req_adults=2&no_rooms=1&group_children=0&req_children=0&hpos=7&hapos=157&sr_order=popularity&nflt=class%3D3%3Bclass%3D5%3Bclass%3D4&srpvid=800b6539c8620409&srepoch=1645453427&from=searchresults#hotelTmpl
서울,109,로사나 비즈니스 앤 부티크 호텔,https://www.booking.com/hotel/kr/rosana-business-boutique.ko.html?label=bdot-P2XUozRl7Uj73QAuByfkUwS267777897793%3Apl%3Ata%3Ap1%3Ap22%2C563%2C000%3Aac%3Aap%3Aneg%3Afi%3Atikwd-576851273475%3Alp1009871%3Ali%3Adec%3Adm%3Appccp%3DUmFuZG9tSVYkc2RlIyh9YUlRwjG4dAJkHxCuUKVzpFo&sid=6501b31231a00a3035b564f903cd02d3&aid=376440&ucfs=1&arphpl=1&group_adults=2&req_adults=2&no_rooms=1&group_children=0&req_children=0&hpos=8&hapos=158&sr_order=popularity&nflt=class%3D3%3Bclass%3D5%3Bclass%3D4&srpvid=800b6539c8620409&srepoch=1645453427&from=searchresults#hotelTmpl
서울,110,스타즈호텔 명동 1,https://www.booking.com/hotel/kr/sutton-city.ko.html?label=bdot-P2XUozRl7Uj73QAuByfkUwS267777897793%3Apl%3Ata%3Ap1%3Ap22%2C563%2C000%3Aac%3Aap%3Aneg%3Afi%3Atikwd-576851273475%3Alp1009871%3Ali%3Adec%3Adm%3Appccp%3DUmFuZG9tSVYkc2RlIyh9YUlRwjG4dAJkHxCuUKVzpFo&sid=6501b31231a00a3035b564f903cd02d3&aid=376440&ucfs=1&arphpl=1&group_adults=2&req_adults=2&no_rooms=1&group_children=0&req_children=0&hpos=9&hapos=159&sr_order=popularity&nflt=class%3D3%3Bclass%3D5%3Bclass%3D4&srpvid=800b6539c8620409&srepoch=1645453427&from=searchresults#hotelTmpl
서울,111,이비스 스타일 앰배서더 서울 명동,https://www.booking.com/hotel/kr/ibis-styles-seoul-myeongdong.ko.html?label=bdot-P2XUozRl7Uj73QAuByfkUwS267777897793%3Apl%3Ata%3Ap1%3Ap22%2C563%2C000%3Aac%3Aap%3Aneg%3Afi%3Atikwd-576851273475%3Alp1009871%3Ali%3Adec%3Adm%3Appccp%3DUmFuZG9tSVYkc2RlIyh9YUlRwjG4dAJkHxCuUKVzpFo&sid=6501b31231a00a3035b564f903cd02d3&aid=376440&ucfs=1&arphpl=1&group_adults=2&req_adults=2&no_rooms=1&group_children=0&req_children=0&hpos=10&hapos=160&sr_order=popularity&nflt=class%3D3%3Bclass%3D5%3Bclass%3D4&srpvid=800b6539c8620409&srepoch=1645453427&from=searchresults#hotelTmpl
서울,112,에이치에비뉴 호텔 건대점,https://www.booking.com/hotel/kr/h-avenue-kondae-seongsoo.ko.html?label=bdot-P2XUozRl7Uj73QAuByfkUwS267777897793%3Apl%3Ata%3Ap1%3Ap22%2C563%2C000%3Aac%3Aap%3Aneg%3Afi%3Atikwd-576851273475%3Alp1009871%3Ali%3Adec%3Adm%3Appccp%3DUmFuZG9tSVYkc2RlIyh9YUlRwjG4dAJkHxCuUKVzpFo&sid=6501b31231a00a3035b564f903cd02d3&aid=376440&ucfs=1&arphpl=1&group_adults=2&req_adults=2&no_rooms=1&group_children=0&req_children=0&hpos=11&hapos=161&sr_order=popularity&nflt=class%3D3%3Bclass%3D5%3Bclass%3D4&srpvid=800b6539c8620409&srepoch=1645453427&from=searchresults#hotelTmpl
서울,113,부띠크 호텔 SB 여의도,https://www.booking.com/hotel/kr/sb.ko.html?label=bdot-P2XUozRl7Uj73QAuByfkUwS267777897793%3Apl%3Ata%3Ap1%3Ap22%2C563%2C000%3Aac%3Aap%3Aneg%3Afi%3Atikwd-576851273475%3Alp1009871%3Ali%3Adec%3Adm%3Appccp%3DUmFuZG9tSVYkc2RlIyh9YUlRwjG4dAJkHxCuUKVzpFo&sid=6501b31231a00a3035b564f903cd02d3&aid=376440&ucfs=1&arphpl=1&group_adults=2&req_adults=2&no_rooms=1&group_children=0&req_children=0&hpos=12&hapos=162&sr_order=popularity&nflt=class%3D3%3Bclass%3D5%3Bclass%3D4&srpvid=800b6539c8620409&srepoch=1645453427&from=searchresults#hotelTmpl
서울,114,호텔 선샤인 서울,https://www.booking.com/hotel/kr/sunshine.ko.html?label=bdot-P2XUozRl7Uj73QAuByfkUwS267777897793%3Apl%3Ata%3Ap1%3Ap22%2C563%2C000%3Aac%3Aap%3Aneg%3Afi%3Atikwd-576851273475%3Alp1009871%3Ali%3Adec%3Adm%3Appccp%3DUmFuZG9tSVYkc2RlIyh9YUlRwjG4dAJkHxCuUKVzpFo&sid=6501b31231a00a3035b564f903cd02d3&aid=376440&ucfs=1&arphpl=1&group_adults=2&req_adults=2&no_rooms=1&group_children=0&req_children=0&hpos=13&hapos=163&sr_order=popularity&nflt=class%3D3%3Bclass%3D5%3Bclass%3D4&srpvid=800b6539c8620409&srepoch=1645453427&from=searchresults#hotelTmpl
서울,115,호텔 마누 서울,https://www.booking.com/hotel/kr/manu-seoul.ko.html?label=bdot-P2XUozRl7Uj73QAuByfkUwS267777897793%3Apl%3Ata%3Ap1%3Ap22%2C563%2C000%3Aac%3Aap%3Aneg%3Afi%3Atikwd-576851273475%3Alp1009871%3Ali%3Adec%3Adm%3Appccp%3DUmFuZG9tSVYkc2RlIyh9YUlRwjG4dAJkHxCuUKVzpFo&sid=6501b31231a00a3035b564f903cd02d3&aid=376440&ucfs=1&arphpl=1&group_adults=2&req_adults=2&no_rooms=1&group_children=0&req_children=0&hpos=14&hapos=164&sr_order=popularity&nflt=class%3D3%3Bclass%3D5%3Bclass%3D4&srpvid=800b6539c8620409&srepoch=1645453427&from=searchresults#hotelTmpl
서울,116,리안 호텔,https://www.booking.com/hotel/kr/rian.ko.html?label=bdot-P2XUozRl7Uj73QAuByfkUwS267777897793%3Apl%3Ata%3Ap1%3Ap22%2C563%2C000%3Aac%3Aap%3Aneg%3Afi%3Atikwd-576851273475%3Alp1009871%3Ali%3Adec%3Adm%3Appccp%3DUmFuZG9tSVYkc2RlIyh9YUlRwjG4dAJkHxCuUKVzpFo&sid=6501b31231a00a3035b564f903cd02d3&aid=376440&ucfs=1&arphpl=1&group_adults=2&req_adults=2&no_rooms=1&group_children=0&req_children=0&hpos=15&hapos=165&sr_order=popularity&nflt=class%3D3%3Bclass%3D5%3Bclass%3D4&srpvid=800b6539c8620409&srepoch=1645453427&from=searchresults#hotelTmpl
서울,117,SR 호텔 서울 마곡,https://www.booking.com/hotel/kr/srhotel.ko.html?label=bdot-P2XUozRl7Uj73QAuByfkUwS267777897793%3Apl%3Ata%3Ap1%3Ap22%2C563%2C000%3Aac%3Aap%3Aneg%3Afi%3Atikwd-576851273475%3Alp1009871%3Ali%3Adec%3Adm%3Appccp%3DUmFuZG9tSVYkc2RlIyh9YUlRwjG4dAJkHxCuUKVzpFo&sid=6501b31231a00a3035b564f903cd02d3&aid=376440&ucfs=1&arphpl=1&group_adults=2&req_adults=2&no_rooms=1&group_children=0&req_children=0&hpos=16&hapos=166&sr_order=popularity&nflt=class%3D3%3Bclass%3D5%3Bclass%3D4&srpvid=800b6539c8620409&srepoch=1645453427&from=searchresults#hotelTmpl
서울,118,토요코인 서울영등포,https://www.booking.com/hotel/kr/toyoko-inn-seoul-yeongdeungpo.ko.html?label=bdot-P2XUozRl7Uj73QAuByfkUwS267777897793%3Apl%3Ata%3Ap1%3Ap22%2C563%2C000%3Aac%3Aap%3Aneg%3Afi%3Atikwd-576851273475%3Alp1009871%3Ali%3Adec%3Adm%3Appccp%3DUmFuZG9tSVYkc2RlIyh9YUlRwjG4dAJkHxCuUKVzpFo&sid=6501b31231a00a3035b564f903cd02d3&aid=376440&ucfs=1&arphpl=1&group_adults=2&req_adults=2&no_rooms=1&group_children=0&req_children=0&hpos=18&hapos=168&sr_order=popularity&nflt=class%3D3%3Bclass%3D5%3Bclass%3D4&srpvid=800b6539c8620409&srepoch=1645453427&from=searchresults#hotelTmpl
서울,119,호텔 8 아워즈,https://www.booking.com/hotel/kr/8-hours.ko.html?label=bdot-P2XUozRl7Uj73QAuByfkUwS267777897793%3Apl%3Ata%3Ap1%3Ap22%2C563%2C000%3Aac%3Aap%3Aneg%3Afi%3Atikwd-576851273475%3Alp1009871%3Ali%3Adec%3Adm%3Appccp%3DUmFuZG9tSVYkc2RlIyh9YUlRwjG4dAJkHxCuUKVzpFo&sid=6501b31231a00a3035b564f903cd02d3&aid=376440&ucfs=1&arphpl=1&group_adults=2&req_adults=2&no_rooms=1&group_children=0&req_children=0&hpos=19&hapos=169&sr_order=popularity&nflt=class%3D3%3Bclass%3D5%3Bclass%3D4&srpvid=800b6539c8620409&srepoch=1645453427&from=searchresults#hotelTmpl
서울,120,그리드 인 호텔,https://www.booking.com/hotel/kr/grid-inn.ko.html?label=bdot-P2XUozRl7Uj73QAuByfkUwS267777897793%3Apl%3Ata%3Ap1%3Ap22%2C563%2C000%3Aac%3Aap%3Aneg%3Afi%3Atikwd-576851273475%3Alp1009871%3Ali%3Adec%3Adm%3Appccp%3DUmFuZG9tSVYkc2RlIyh9YUlRwjG4dAJkHxCuUKVzpFo&sid=6501b31231a00a3035b564f903cd02d3&aid=376440&ucfs=1&arphpl=1&group_adults=2&req_adults=2&no_rooms=1&group_children=0&req_children=0&hpos=20&hapos=170&sr_order=popularity&nflt=class%3D3%3Bclass%3D5%3Bclass%3D4&srpvid=800b6539c8620409&srepoch=1645453427&from=searchresults#hotelTmpl
서울,121,트레블로지 명동 을지로,https://www.booking.com/hotel/kr/holiday-inn-express-seoul-euljiro.ko.html?label=bdot-P2XUozRl7Uj73QAuByfkUwS267777897793%3Apl%3Ata%3Ap1%3Ap22%2C563%2C000%3Aac%3Aap%3Aneg%3Afi%3Atikwd-576851273475%3Alp1009871%3Ali%3Adec%3Adm%3Appccp%3DUmFuZG9tSVYkc2RlIyh9YUlRwjG4dAJkHxCuUKVzpFo&sid=6501b31231a00a3035b564f903cd02d3&aid=376440&ucfs=1&arphpl=1&group_adults=2&req_adults=2&no_rooms=1&group_children=0&req_children=0&hpos=21&hapos=171&sr_order=popularity&nflt=class%3D3%3Bclass%3D5%3Bclass%3D4&srpvid=800b6539c8620409&srepoch=1645453427&from=searchresults#hotelTmpl
서울,122,호텔 썬비 인사동 서울,https://www.booking.com/hotel/kr/sunbee.ko.html?label=bdot-P2XUozRl7Uj73QAuByfkUwS267777897793%3Apl%3Ata%3Ap1%3Ap22%2C563%2C000%3Aac%3Aap%3Aneg%3Afi%3Atikwd-576851273475%3Alp1009871%3Ali%3Adec%3Adm%3Appccp%3DUmFuZG9tSVYkc2RlIyh9YUlRwjG4dAJkHxCuUKVzpFo&sid=6501b31231a00a3035b564f903cd02d3&aid=376440&ucfs=1&arphpl=1&group_adults=2&req_adults=2&no_rooms=1&group_children=0&req_children=0&hpos=22&hapos=172&sr_order=popularity&nflt=class%3D3%3Bclass%3D5%3Bclass%3D4&srpvid=800b6539c8620409&srepoch=1645453427&from=searchresults#hotelTmpl
서울,123,호텔 뉴브,https://www.booking.com/hotel/kr/newv.ko.html?label=bdot-P2XUozRl7Uj73QAuByfkUwS267777897793%3Apl%3Ata%3Ap1%3Ap22%2C563%2C000%3Aac%3Aap%3Aneg%3Afi%3Atikwd-576851273475%3Alp1009871%3Ali%3Adec%3Adm%3Appccp%3DUmFuZG9tSVYkc2RlIyh9YUlRwjG4dAJkHxCuUKVzpFo&sid=6501b31231a00a3035b564f903cd02d3&aid=376440&ucfs=1&arphpl=1&group_adults=2&req_adults=2&no_rooms=1&group_children=0&req_children=0&hpos=23&hapos=173&sr_order=popularity&nflt=class%3D3%3Bclass%3D5%3Bclass%3D4&srpvid=800b6539c8620409&srepoch=1645453427&from=searchresults#hotelTmpl
서울,124,에이큐브 호텔 동대문,https://www.booking.com/hotel/kr/acubhe-dongdaemun.ko.html?label=bdot-P2XUozRl7Uj73QAuByfkUwS267777897793%3Apl%3Ata%3Ap1%3Ap22%2C563%2C000%3Aac%3Aap%3Aneg%3Afi%3Atikwd-576851273475%3Alp1009871%3Ali%3Adec%3Adm%3Appccp%3DUmFuZG9tSVYkc2RlIyh9YUlRwjG4dAJkHxCuUKVzpFo&sid=6501b31231a00a3035b564f903cd02d3&aid=376440&ucfs=1&arphpl=1&group_adults=2&req_adults=2&no_rooms=1&group_children=0&req_children=0&hpos=25&hapos=175&sr_order=popularity&nflt=class%3D3%3Bclass%3D5%3Bclass%3D4&srpvid=800b6539c8620409&srepoch=1645453427&from=searchresults#hotelTmpl
서울,125,나인브릭 호텔,https://www.booking.com/hotel/kr/9brick.ko.html?label=bdot-P2XUozRl7Uj73QAuByfkUwS267777897793%3Apl%3Ata%3Ap1%3Ap22%2C563%2C000%3Aac%3Aap%3Aneg%3Afi%3Atikwd-576851273475%3Alp1009871%3Ali%3Adec%3Adm%3Appccp%3DUmFuZG9tSVYkc2RlIyh9YUlRwjG4dAJkHxCuUKVzpFo&sid=6501b31231a00a3035b564f903cd02d3&aid=376440&ucfs=1&arphpl=1&group_adults=2&req_adults=2&no_rooms=1&group_children=0&req_children=0&hpos=1&hapos=176&sr_order=popularity&nflt=class%3D3%3Bclass%3D5%3Bclass%3D4&srpvid=465d67c61d190095&srepoch=1645454734&from=searchresults#hotelTmpl
서울,126,명동 멀린호텔,https://www.booking.com/hotel/kr/chungmuro-residence.ko.html?label=bdot-P2XUozRl7Uj73QAuByfkUwS267777897793%3Apl%3Ata%3Ap1%3Ap22%2C563%2C000%3Aac%3Aap%3Aneg%3Afi%3Atikwd-576851273475%3Alp1009871%3Ali%3Adec%3Adm%3Appccp%3DUmFuZG9tSVYkc2RlIyh9YUlRwjG4dAJkHxCuUKVzpFo&sid=6501b31231a00a3035b564f903cd02d3&aid=376440&ucfs=1&arphpl=1&group_adults=2&req_adults=2&no_rooms=1&group_children=0&req_children=0&hpos=3&hapos=178&sr_order=popularity&nflt=class%3D3%3Bclass%3D5%3Bclass%3D4&srpvid=465d67c61d190095&srepoch=1645454734&from=searchresults#hotelTmpl
서울,127,서울앤호텔 동대문,https://www.booking.com/hotel/kr/seoulnhotel.ko.html?label=bdot-P2XUozRl7Uj73QAuByfkUwS267777897793%3Apl%3Ata%3Ap1%3Ap22%2C563%2C000%3Aac%3Aap%3Aneg%3Afi%3Atikwd-576851273475%3Alp1009871%3Ali%3Adec%3Adm%3Appccp%3DUmFuZG9tSVYkc2RlIyh9YUlRwjG4dAJkHxCuUKVzpFo&sid=6501b31231a00a3035b564f903cd02d3&aid=376440&ucfs=1&arphpl=1&group_adults=2&req_adults=2&no_rooms=1&group_children=0&req_children=0&hpos=4&hapos=179&sr_order=popularity&nflt=class%3D3%3Bclass%3D5%3Bclass%3D4&srpvid=465d67c61d190095&srepoch=1645454734&from=searchresults#hotelTmpl
서울,128,트레블로지 동대문 호텔,https://www.booking.com/hotel/kr/ibis-ambassador-seoul-dongdaemun.ko.html?label=bdot-P2XUozRl7Uj73QAuByfkUwS267777897793%3Apl%3Ata%3Ap1%3Ap22%2C563%2C000%3Aac%3Aap%3Aneg%3Afi%3Atikwd-576851273475%3Alp1009871%3Ali%3Adec%3Adm%3Appccp%3DUmFuZG9tSVYkc2RlIyh9YUlRwjG4dAJkHxCuUKVzpFo&sid=6501b31231a00a3035b564f903cd02d3&aid=376440&ucfs=1&arphpl=1&group_adults=2&req_adults=2&no_rooms=1&group_children=0&req_children=0&hpos=6&hapos=181&sr_order=popularity&nflt=class%3D3%3Bclass%3D5%3Bclass%3D4&srpvid=465d67c61d190095&srepoch=1645454734&from=searchresults#hotelTmpl
서울,129,호텔 페이토 강남,https://www.booking.com/hotel/kr/peyto-gangnam.ko.html?label=bdot-P2XUozRl7Uj73QAuByfkUwS267777897793%3Apl%3Ata%3Ap1%3Ap22%2C563%2C000%3Aac%3Aap%3Aneg%3Afi%3Atikwd-576851273475%3Alp1009871%3Ali%3Adec%3Adm%3Appccp%3DUmFuZG9tSVYkc2RlIyh9YUlRwjG4dAJkHxCuUKVzpFo&sid=6501b31231a00a3035b564f903cd02d3&aid=376440&ucfs=1&arphpl=1&group_adults=2&req_adults=2&no_rooms=1&group_children=0&req_children=0&hpos=1&hapos=201&sr_order=popularity&nflt=class%3D3%3Bclass%3D5%3Bclass%3D4&srpvid=479768484cd301c5&srepoch=1645454994&from=searchresults#hotelTmpl
서울,130,호텔 해담채 가산,https://www.booking.com/hotel/kr/hotelhaedamcaegasan.ko.html?label=bdot-P2XUozRl7Uj73QAuByfkUwS267777897793%3Apl%3Ata%3Ap1%3Ap22%2C563%2C000%3Aac%3Aap%3Aneg%3Afi%3Atikwd-576851273475%3Alp1009871%3Ali%3Adec%3Adm%3Appccp%3DUmFuZG9tSVYkc2RlIyh9YUlRwjG4dAJkHxCuUKVzpFo&sid=6501b31231a00a3035b564f903cd02d3&aid=376440&ucfs=1&arphpl=1&group_adults=2&req_adults=2&no_rooms=1&group_children=0&req_children=0&hpos=1&hapos=201&sr_order=popularity&nflt=class%3D3%3Bclass%3D5%3Bclass%3D4&srpvid=3e5c6956acd701cf&srepoch=1645455533&from=searchresults#hotelTmpl
서울,131,호텔 유니크바이포레,https://www.booking.com/hotel/kr/unique.ko.html?label=bdot-P2XUozRl7Uj73QAuByfkUwS267777897793%3Apl%3Ata%3Ap1%3Ap22%2C563%2C000%3Aac%3Aap%3Aneg%3Afi%3Atikwd-576851273475%3Alp1009871%3Ali%3Adec%3Adm%3Appccp%3DUmFuZG9tSVYkc2RlIyh9YUlRwjG4dAJkHxCuUKVzpFo&sid=6501b31231a00a3035b564f903cd02d3&aid=376440&ucfs=1&arphpl=1&group_adults=2&req_adults=2&no_rooms=1&group_children=0&req_children=0&hpos=2&hapos=202&sr_order=popularity&nflt=class%3D3%3Bclass%3D5%3Bclass%3D4&srpvid=3e5c6956acd701cf&srepoch=1645455533&from=searchresults#hotelTmpl
서울,132,강남 부티크 호텔 소설,https://www.booking.com/hotel/kr/snow.ko.html?label=bdot-P2XUozRl7Uj73QAuByfkUwS267777897793%3Apl%3Ata%3Ap1%3Ap22%2C563%2C000%3Aac%3Aap%3Aneg%3Afi%3Atikwd-576851273475%3Alp1009871%3Ali%3Adec%3Adm%3Appccp%3DUmFuZG9tSVYkc2RlIyh9YUlRwjG4dAJkHxCuUKVzpFo&sid=6501b31231a00a3035b564f903cd02d3&aid=376440&ucfs=1&arphpl=1&group_adults=2&req_adults=2&no_rooms=1&group_children=0&req_children=0&hpos=4&hapos=204&sr_order=popularity&nflt=class%3D3%3Bclass%3D5%3Bclass%3D4&srpvid=3e5c6956acd701cf&srepoch=1645455533&from=searchresults#hotelTmpl
서울,133,핸드픽트 호텔,https://www.booking.com/hotel/kr/handpicked.ko.html?label=bdot-P2XUozRl7Uj73QAuByfkUwS267777897793%3Apl%3Ata%3Ap1%3Ap22%2C563%2C000%3Aac%3Aap%3Aneg%3Afi%3Atikwd-576851273475%3Alp1009871%3Ali%3Adec%3Adm%3Appccp%3DUmFuZG9tSVYkc2RlIyh9YUlRwjG4dAJkHxCuUKVzpFo&sid=6501b31231a00a3035b564f903cd02d3&aid=376440&ucfs=1&arphpl=1&group_adults=2&req_adults=2&no_rooms=1&group_children=0&req_children=0&hpos=12&hapos=212&sr_order=popularity&nflt=class%3D3%3Bclass%3D5%3Bclass%3D4&srpvid=3e5c6956acd701cf&srepoch=1645455533&from=searchresults#hotelTmpl
서울,134,호텔 더 디자이너스 청량리,https://www.booking.com/hotel/kr/the-designers-cheongnyangni.ko.html?label=bdot-P2XUozRl7Uj73QAuByfkUwS267777897793%3Apl%3Ata%3Ap1%3Ap22%2C563%2C000%3Aac%3Aap%3Aneg%3Afi%3Atikwd-576851273475%3Alp1009871%3Ali%3Adec%3Adm%3Appccp%3DUmFuZG9tSVYkc2RlIyh9YUlRwjG4dAJkHxCuUKVzpFo&sid=6501b31231a00a3035b564f903cd02d3&aid=376440&ucfs=1&arphpl=1&group_adults=2&req_adults=2&no_rooms=1&group_children=0&req_children=0&hpos=6&hapos=206&sr_order=popularity&nflt=class%3D3%3Bclass%3D5%3Bclass%3D4&srpvid=3e5c6956acd701cf&srepoch=1645455533&from=searchresults#hotelTmpl
서울,135,스테이비 호텔 명동,https://www.booking.com/hotel/kr/stayb-myeongdong.ko.html?label=bdot-P2XUozRl7Uj73QAuByfkUwS267777897793%3Apl%3Ata%3Ap1%3Ap22%2C563%2C000%3Aac%3Aap%3Aneg%3Afi%3Atikwd-576851273475%3Alp1009871%3Ali%3Adec%3Adm%3Appccp%3DUmFuZG9tSVYkc2RlIyh9YUlRwjG4dAJkHxCuUKVzpFo&sid=6501b31231a00a3035b564f903cd02d3&aid=376440&ucfs=1&arphpl=1&group_adults=2&req_adults=2&no_rooms=1&group_children=0&req_children=0&hpos=7&hapos=207&sr_order=popularity&nflt=class%3D3%3Bclass%3D5%3Bclass%3D4&srpvid=3e5c6956acd701cf&srepoch=1645455533&from=searchresults#hotelTmpl
서울,136,호텔 더 디자이너스 동대문,https://www.booking.com/hotel/kr/the-designers-dongdaemun.ko.html?label=bdot-P2XUozRl7Uj73QAuByfkUwS267777897793%3Apl%3Ata%3Ap1%3Ap22%2C563%2C000%3Aac%3Aap%3Aneg%3Afi%3Atikwd-576851273475%3Alp1009871%3Ali%3Adec%3Adm%3Appccp%3DUmFuZG9tSVYkc2RlIyh9YUlRwjG4dAJkHxCuUKVzpFo&sid=6501b31231a00a3035b564f903cd02d3&aid=376440&ucfs=1&arphpl=1&group_adults=2&req_adults=2&no_rooms=1&group_children=0&req_children=0&hpos=10&hapos=210&sr_order=popularity&nflt=class%3D3%3Bclass%3D5%3Bclass%3D4&srpvid=3e5c6956acd701cf&srepoch=1645455533&from=searchresults#hotelTmpl
서울,137,DW 디자인 레지던스,https://www.booking.com/hotel/kr/dw-design-residence.ko.html?label=bdot-P2XUozRl7Uj73QAuByfkUwS267777897793%3Apl%3Ata%3Ap1%3Ap22%2C563%2C000%3Aac%3Aap%3Aneg%3Afi%3Atikwd-576851273475%3Alp1009871%3Ali%3Adec%3Adm%3Appccp%3DUmFuZG9tSVYkc2RlIyh9YUlRwjG4dAJkHxCuUKVzpFo&sid=6501b31231a00a3035b564f903cd02d3&aid=376440&ucfs=1&arphpl=1&group_adults=2&req_adults=2&no_rooms=1&group_children=0&req_children=0&hpos=13&hapos=213&sr_order=popularity&nflt=class%3D3%3Bclass%3D5%3Bclass%3D4&srpvid=3e5c6956acd701cf&srepoch=1645455533&from=searchresults#hotelTmpl
서울,138,스타즈호텔 명동2,https://www.booking.com/hotel/kr/staz-myeongdong-2.ko.html?label=bdot-P2XUozRl7Uj73QAuByfkUwS267777897793%3Apl%3Ata%3Ap1%3Ap22%2C563%2C000%3Aac%3Aap%3Aneg%3Afi%3Atikwd-576851273475%3Alp1009871%3Ali%3Adec%3Adm%3Appccp%3DUmFuZG9tSVYkc2RlIyh9YUlRwjG4dAJkHxCuUKVzpFo&sid=6501b31231a00a3035b564f903cd02d3&aid=376440&ucfs=1&arphpl=1&group_adults=2&req_adults=2&no_rooms=1&group_children=0&req_children=0&hpos=14&hapos=214&sr_order=popularity&nflt=class%3D3%3Bclass%3D5%3Bclass%3D4&srpvid=3e5c6956acd701cf&srepoch=1645455533&from=searchresults#hotelTmpl
서울,139,피터캣 호텔 신촌,https://www.booking.com/hotel/kr/goodstay-petercat-hongdae.ko.html?label=bdot-P2XUozRl7Uj73QAuByfkUwS267777897793%3Apl%3Ata%3Ap1%3Ap22%2C563%2C000%3Aac%3Aap%3Aneg%3Afi%3Atikwd-576851273475%3Alp1009871%3Ali%3Adec%3Adm%3Appccp%3DUmFuZG9tSVYkc2RlIyh9YUlRwjG4dAJkHxCuUKVzpFo&sid=6501b31231a00a3035b564f903cd02d3&aid=376440&ucfs=1&arphpl=1&group_adults=2&req_adults=2&no_rooms=1&group_children=0&req_children=0&hpos=15&hapos=215&sr_order=popularity&nflt=class%3D3%3Bclass%3D5%3Bclass%3D4&srpvid=3e5c6956acd701cf&srepoch=1645455533&from=searchresults#hotelTmpl
서울,140,나인트리 호텔 명동,https://www.booking.com/hotel/kr/nine-tree.ko.html?label=bdot-P2XUozRl7Uj73QAuByfkUwS267777897793%3Apl%3Ata%3Ap1%3Ap22%2C563%2C000%3Aac%3Aap%3Aneg%3Afi%3Atikwd-576851273475%3Alp1009871%3Ali%3Adec%3Adm%3Appccp%3DUmFuZG9tSVYkc2RlIyh9YUlRwjG4dAJkHxCuUKVzpFo&sid=6501b31231a00a3035b564f903cd02d3&aid=376440&ucfs=1&arphpl=1&group_adults=2&req_adults=2&no_rooms=1&group_children=0&req_children=0&hpos=16&hapos=216&sr_order=popularity&nflt=class%3D3%3Bclass%3D5%3Bclass%3D4&srpvid=3e5c6956acd701cf&srepoch=1645455533&from=searchresults#hotelTmpl